Building Name: PSEUDO C1-L (PC/LC) - Soil C,,,,,,,,,,,,,,,,,,,
Description,,"	",  Usage,School,,,,,,,,,,,,,,,
Latitude,14.55036,"	", Median Collapse Sa(g),1,,,,,,,,,,,,,,,
Longitude,121.00892,"	", Beta Collapse,0.94,,,,,,,,,,,,,,,
Number of Stories,2,,,,,,,,,,,,,,,,,,
Floor Area (sq.ft.),6442.19415,,,,,,,,,,,,,,,,,,
,,,,,,,,,,,,,,,,,,,
Intensity, Intensity Description, MAFE, Sa, BetaM, BetaGM, EDP Type, Storey, Direction,EQ1,EQ2,EQ3,EQ4,EQ5,EQ6,EQ7,EQ8,EQ9,EQ10,EQ11
1, 63in50,0.02,0.292747823,0.2,0,Story Drift Ratio,1,1,0.001865091,0.003081234,0.004450434,0.00482015,0.005013587,0.00521398,0.005422382,0.005639987,0.006108525,0.008822954,0.002298442
1, 63in50,0.02,0.292747823,0.2,0,Story Drift Ratio,1,2,0.001865091,0.003081234,0.004450434,0.00482015,0.005013587,0.00521398,0.005422382,0.005639987,0.006108525,0.008822954,0.002298442
1, 63in50,0.02,0.292747823,0.2,0,Story Drift Ratio,1,3,0.002637637,0.004357523,0.006293864,0.006816722,0.007090283,0.007373681,0.007668406,0.007976146,0.008638759,0.012477541,0.003250488
1, 63in50,0.02,0.292747823,0.2,0,Story Drift Ratio,2,1,0.001428096,0.002359294,0.003407688,0.003690779,0.003838893,0.003992333,0.004151906,0.004318526,0.004677285,0.006755717,0.001759912
1, 63in50,0.02,0.292747823,0.2,0,Story Drift Ratio,2,2,0.001428096,0.002359294,0.003407688,0.003690779,0.003838893,0.003992333,0.004151906,0.004318526,0.004677285,0.006755717,0.001759912
1, 63in50,0.02,0.292747823,0.2,0,Story Drift Ratio,2,3,0.002019633,0.003336546,0.004819198,0.00521955,0.005429015,0.005646012,0.005871682,0.006107318,0.00661468,0.009554027,0.002488892
1, 63in50,0.02,0.292747823,0.2,0,Building Residual Drift,1,1,0.000879481,0.001672238,0.002677228,0.002965159,0.00311832,0.003278742,0.003447417,0.003625488,0.004015402,0.0064286,0.00114912
1, 63in50,0.02,0.292747823,0.2,0,Building Residual Drift,1,2,0.000879481,0.001672238,0.002677228,0.002965159,0.00311832,0.003278742,0.003447417,0.003625488,0.004015402,0.0064286,0.00114912
1, 63in50,0.02,0.292747823,0.2,0,Building Residual Drift,1,3,0.001243774,0.002364901,0.003786173,0.004193368,0.00440997,0.004636841,0.004875384,0.005127214,0.005678636,0.009091413,0.001625101
1, 63in50,0.02,0.292747823,0.2,0,Building Residual Drift,2,1,0.000815397,0.001550389,0.00248215,0.0027491,0.002891101,0.003039833,0.003196218,0.003361313,0.003722816,0.005960174,0.001065388
1, 63in50,0.02,0.292747823,0.2,0,Building Residual Drift,2,2,0.000815397,0.001550389,0.00248215,0.0027491,0.002891101,0.003039833,0.003196218,0.003361313,0.003722816,0.005960174,0.001065388
1, 63in50,0.02,0.292747823,0.2,0,Building Residual Drift,2,3,0.001153145,0.002192581,0.00351029,0.003887815,0.004088634,0.004298974,0.004520134,0.004753615,0.005264857,0.008428959,0.001506687
1, 63in50,0.02,0.292747823,0.2,0,Acceleration,0,1,0.057525686,0.087155362,0.118151639,0.12621825,0.130395862,0.134694483,0.139134812,0.143739941,0.153553552,0.208163943,0.068383419
1, 63in50,0.02,0.292747823,0.2,0,Acceleration,0,2,0.057525686,0.087155362,0.118151639,0.12621825,0.130395862,0.134694483,0.139134812,0.143739941,0.153553552,0.208163943,0.068383419
1, 63in50,0.02,0.292747823,0.2,0,Acceleration,0,3,0.081353605,0.123256295,0.16709165,0.17849956,0.184407597,0.190486765,0.196766337,0.203278974,0.217157515,0.294388271,0.096708758
1, 63in50,0.02,0.292747823,0.2,0,Acceleration,1,1,7.96E-02,1.21E-01,0.163499853,0.174662539,0.180443577,0.186392067,0.192536654,0.198909295,0.212489504,0.28806011,9.46E-02
1, 63in50,0.02,0.292747823,0.2,0,Acceleration,1,2,7.96E-02,1.21E-01,0.163499853,0.174662539,0.180443577,0.186392067,0.192536654,0.198909295,0.212489504,0.28806011,9.46E-02
1, 63in50,0.02,0.292747823,0.2,0,Acceleration,1,3,1.13E-01,1.71E-01,0.231223709,0.247010131,0.255185754,0.263598189,0.272287947,0.281300223,0.300505538,0.407378514,1.34E-01
1, 63in50,0.02,0.292747823,0.2,0,Acceleration,2,1,0.078172822,0.11843719,0.160558661,0.171520542,0.177197585,0.183039067,0.18907312,0.195331124,0.208667039,0.282878208,0.092927616
1, 63in50,0.02,0.292747823,0.2,0,Acceleration,2,2,0.078172822,0.11843719,0.160558661,0.171520542,0.177197585,0.183039067,0.18907312,0.195331124,0.208667039,0.282878208,0.092927616
1, 63in50,0.02,0.292747823,0.2,0,Acceleration,2,3,0.110553065,0.167495481,0.227064235,0.242566676,0.250595228,0.258856332,0.267389771,0.276239925,0.295099756,0.400050199,0.131419495
1, 63in50,0.02,0.292747823,0.2,0,Peak Floor Velocity,0,1,0.044872952,0.075919952,0.111586403,0.121314943,0.126419261,0.131716974,0.137236693,0.143010917,0.155479169,0.228521763,0.055850107
1, 63in50,0.02,0.292747823,0.2,0,Peak Floor Velocity,0,2,0.044872952,0.075919952,0.111586403,0.121314943,0.126419261,0.131716974,0.137236693,0.143010917,0.155479169,0.228521763,0.055850107
1, 63in50,0.02,0.292747823,0.2,0,Peak Floor Velocity,0,3,0.063459937,0.107367025,0.157807005,0.171565237,0.178783833,0.186275931,0.194081992,0.202247979,0.21988075,0.323178577,0.078983978
1, 63in50,0.02,0.292747823,0.2,0,Peak Floor Velocity,1,1,1.77E+00,2.99E+00,4.40E+00,4.78E+00,4.98E+00,5.19E+00,5.41E+00,5.63E+00,6.13E+00,9.00E+00,2.20E+00
1, 63in50,0.02,0.292747823,0.2,0,Peak Floor Velocity,1,2,1.77E+00,2.99E+00,4.40E+00,4.78E+00,4.98E+00,5.19E+00,5.41E+00,5.63E+00,6.13E+00,9.00E+00,2.20E+00
1, 63in50,0.02,0.292747823,0.2,0,Peak Floor Velocity,1,3,2.50E+00,4.23E+00,6.22E+00,6.76E+00,7.04E+00,7.34E+00,7.65E+00,7.97E+00,8.66E+00,1.27E+01,3.11E+00
1, 63in50,0.02,0.292747823,0.2,0,Peak Floor Velocity,2,1,2.06E+00,3.479198761,5.113692341,5.55952406,5.793440665,6.036220026,6.289173276,6.553789822,7.125174878,10.47251241,2.56E+00
1, 63in50,0.02,0.292747823,0.2,0,Peak Floor Velocity,2,2,2.06E+00,3.479198761,5.113692341,5.55952406,5.793440665,6.036220026,6.289173276,6.553789822,7.125174878,10.47251241,2.56E+00
1, 63in50,0.02,0.292747823,0.2,0,Peak Floor Velocity,2,3,2.91E+00,4.920330074,7.231853063,7.862354326,8.193162361,8.536504226,8.894234143,9.268458452,10.07651895,14.81036908,3.619614524
2,30in50,0.005625,0.41877465,0.2,0,Story Drift Ratio,1,1,0.002668006,0.004407694,0.006366328,0.006895207,0.007171918,0.007458578,0.007756697,0.00806798,0.008738222,0.012621202,0.003287913
2,30in50,0.005625,0.41877465,0.2,0,Story Drift Ratio,1,2,0.002668006,0.004407694,0.006366328,0.006895207,0.007171918,0.007458578,0.007756697,0.00806798,0.008738222,0.012621202,0.003287913
2,30in50,0.005625,0.41877465,0.2,0,Story Drift Ratio,1,3,0.00377313,0.00623342,0.009003348,0.009751295,0.010142624,0.010548023,0.010969626,0.011409847,0.012357713,0.017849075,0.004649811
2,30in50,0.005625,0.41877465,0.2,0,Story Drift Ratio,2,1,2.04E-03,3.37E-03,0.004874684,0.005279645,0.005491522,0.005711018,0.005939286,0.006177635,0.006690838,0.009664028,2.52E-03
2,30in50,0.005625,0.41877465,0.2,0,Story Drift Ratio,2,2,2.04E-03,3.37E-03,0.004874684,0.005279645,0.005491522,0.005711018,0.005939286,0.006177635,0.006690838,0.009664028,2.52E-03
2,30in50,0.005625,0.41877465,0.2,0,Story Drift Ratio,2,3,2.89E-03,4.77E-03,0.006893844,0.007466546,0.007766185,0.008076599,0.008399419,0.008736496,0.009462274,0.013666999,3.56E-03
2,30in50,0.005625,0.41877465,0.2,0,Building Residual Drift,1,1,1.48E-03,2.82E-03,4.51E-03,5.00E-03,5.25E-03,5.52E-03,5.81E-03,6.11E-03,6.76E-03,0.010829564,1.94E-03
2,30in50,0.005625,0.41877465,0.2,0,Building Residual Drift,1,2,1.48E-03,2.82E-03,4.51E-03,5.00E-03,5.25E-03,5.52E-03,5.81E-03,6.11E-03,6.76E-03,0.010829564,1.94E-03
2,30in50,0.005625,0.41877465,0.2,0,Building Residual Drift,1,3,2.10E-03,3.98E-03,6.38E-03,7.06E-03,0.007428998,0.007811183,0.008213029,0.008637261,0.009566181,0.015315316,2.74E-03
2,30in50,0.005625,0.41877465,0.2,0,Building Residual Drift,2,1,1.28E-03,2.43E-03,3.89E-03,4.30E-03,4.53E-03,4.76E-03,5.00E-03,5.26E-03,5.83E-03,9.33E-03,1.67E-03
2,30in50,0.005625,0.41877465,0.2,0,Building Residual Drift,2,2,1.28E-03,2.43E-03,3.89E-03,4.30E-03,4.53E-03,4.76E-03,5.00E-03,5.26E-03,5.83E-03,9.33E-03,1.67E-03
2,30in50,0.005625,0.41877465,0.2,0,Building Residual Drift,2,3,1.81E-03,3.43E-03,5.49E-03,6.09E-03,6.40E-03,6.73E-03,7.08E-03,7.44E-03,8.24E-03,0.013194589,2.36E-03
2,30in50,0.005625,0.41877465,0.2,0,Acceleration,0,1,8.50E-02,1.29E-01,1.75E-01,1.86E-01,1.93E-01,1.99E-01,2.05E-01,2.12E-01,2.27E-01,3.07E-01,1.01E-01
2,30in50,0.005625,0.41877465,0.2,0,Acceleration,0,2,8.50E-02,1.29E-01,1.75E-01,1.86E-01,1.93E-01,1.99E-01,2.05E-01,2.12E-01,2.27E-01,3.07E-01,1.01E-01
2,30in50,0.005625,0.41877465,0.2,0,Acceleration,0,3,1.20E-01,1.82E-01,2.47E-01,2.64E-01,2.72E-01,2.81E-01,2.91E-01,3.00E-01,3.21E-01,4.35E-01,1.43E-01
2,30in50,0.005625,0.41877465,0.2,0,Acceleration,1,1,1.18E-01,1.78E-01,2.41E-01,2.58E-01,2.67E-01,2.75E-01,2.84E-01,2.94E-01,3.14E-01,4.25E-01,1.40E-01
2,30in50,0.005625,0.41877465,0.2,0,Acceleration,1,2,1.18E-01,1.78E-01,2.41E-01,2.58E-01,2.67E-01,2.75E-01,2.84E-01,2.94E-01,3.14E-01,4.25E-01,1.40E-01
2,30in50,0.005625,0.41877465,0.2,0,Acceleration,1,3,1.66E-01,2.52E-01,3.42E-01,3.65E-01,3.77E-01,3.89E-01,4.02E-01,4.15E-01,4.44E-01,6.02E-01,1.98E-01
2,30in50,0.005625,0.41877465,0.2,0,Acceleration,2,1,1.15E-01,1.75E-01,2.37E-01,2.53E-01,2.62E-01,2.70E-01,2.79E-01,2.89E-01,3.08E-01,4.18E-01,1.37E-01
2,30in50,0.005625,0.41877465,0.2,0,Acceleration,2,2,1.15E-01,1.75E-01,2.37E-01,2.53E-01,2.62E-01,2.70E-01,2.79E-01,2.89E-01,3.08E-01,4.18E-01,1.37E-01
2,30in50,0.005625,0.41877465,0.2,0,Acceleration,2,3,1.63E-01,2.47E-01,3.35E-01,3.58E-01,3.70E-01,3.82E-01,3.95E-01,4.08E-01,4.36E-01,5.91E-01,1.94E-01
2,30in50,0.005625,0.41877465,0.2,0,Peak Floor Velocity,0,1,6.99E-02,1.18E-01,1.74E-01,1.89E-01,1.97E-01,2.05E-01,2.14E-01,2.23E-01,2.42E-01,3.56E-01,8.71E-02
2,30in50,0.005625,0.41877465,0.2,0,Peak Floor Velocity,0,2,6.99E-02,1.18E-01,1.74E-01,1.89E-01,1.97E-01,2.05E-01,2.14E-01,2.23E-01,2.42E-01,3.56E-01,8.71E-02
2,30in50,0.005625,0.41877465,0.2,0,Peak Floor Velocity,0,3,9.89E-02,1.67E-01,2.46E-01,2.67E-01,2.79E-01,2.90E-01,3.03E-01,3.15E-01,3.43E-01,5.04E-01,1.23E-01
2,30in50,0.005625,0.41877465,0.2,0,Peak Floor Velocity,1,1,2.73E+00,4.61E+00,6.78E+00,7.37E+00,7.68E+00,8.01E+00,8.34E+00,8.69E+00,9.45E+00,1.39E+01,3.39E+00
2,30in50,0.005625,0.41877465,0.2,0,Peak Floor Velocity,1,2,2.73E+00,4.61E+00,6.78E+00,7.37E+00,7.68E+00,8.01E+00,8.34E+00,8.69E+00,9.45E+00,1.39E+01,3.39E+00
2,30in50,0.005625,0.41877465,0.2,0,Peak Floor Velocity,1,3,3.86E+00,6.53E+00,9.59E+00,1.04E+01,1.09E+01,1.13E+01,1.18E+01,1.23E+01,1.34E+01,1.96E+01,4.80E+00
2,30in50,0.005625,0.41877465,0.2,0,Peak Floor Velocity,2,1,3.16E+00,5.34E+00,7.86E+00,8.54E+00,8.90E+00,9.27E+00,9.66E+00,1.01E+01,1.09E+01,1.61E+01,3.93E+00
2,30in50,0.005625,0.41877465,0.2,0,Peak Floor Velocity,2,2,3.16E+00,5.34E+00,7.86E+00,8.54E+00,8.90E+00,9.27E+00,9.66E+00,1.01E+01,1.09E+01,1.61E+01,3.93E+00
2,30in50,0.005625,0.41877465,0.2,0,Peak Floor Velocity,2,3,4.47E+00,7.56E+00,1.11E+01,1.21E+01,1.26E+01,1.31E+01,1.37E+01,1.42E+01,1.55E+01,2.28E+01,5.56E+00
3, 10in50,0.0021,0.649930061,0.2,0,Story Drift Ratio,1,1,4.14E-03,6.84E-03,9.88E-03,1.07E-02,1.11E-02,1.16E-02,1.20E-02,1.25E-02,1.36E-02,1.96E-02,5.10E-03
3, 10in50,0.0021,0.649930061,0.2,0,Story Drift Ratio,1,2,4.14E-03,6.84E-03,9.88E-03,1.07E-02,1.11E-02,1.16E-02,1.20E-02,1.25E-02,1.36E-02,1.96E-02,5.10E-03
3, 10in50,0.0021,0.649930061,0.2,0,Story Drift Ratio,1,3,5.86E-03,9.67E-03,1.40E-02,1.51E-02,1.57E-02,1.64E-02,1.70E-02,1.77E-02,1.92E-02,0.027701416,7.22E-03
3, 10in50,0.0021,0.649930061,0.2,0,Story Drift Ratio,2,1,3.17E-03,5.24E-03,7.57E-03,8.19E-03,8.52E-03,8.86E-03,9.22E-03,9.59E-03,1.04E-02,0.014998382,3.91E-03
3, 10in50,0.0021,0.649930061,0.2,0,Story Drift Ratio,2,2,3.17E-03,5.24E-03,7.57E-03,8.19E-03,8.52E-03,8.86E-03,9.22E-03,9.59E-03,1.04E-02,0.014998382,3.91E-03
3, 10in50,0.0021,0.649930061,0.2,0,Story Drift Ratio,2,3,4.48E-03,7.41E-03,1.07E-02,1.16E-02,1.21E-02,1.25E-02,1.30E-02,1.36E-02,0.014685265,0.021210915,5.53E-03
3, 10in50,0.0021,0.649930061,0.2,0,Building Residual Drift,1,1,0.002585897,0.004916802,0.007871728,0.008718317,0.009168648,0.00964033,0.010136277,0.01065985,0.011806297,0.018901708,0.003378703
3, 10in50,0.0021,0.649930061,0.2,0,Building Residual Drift,1,2,0.002585897,0.004916802,0.007871728,0.008718317,0.009168648,0.00964033,0.010136277,0.01065985,0.011806297,0.018901708,0.003378703
3, 10in50,0.0021,0.649930061,0.2,0,Building Residual Drift,1,3,0.00365701,0.006953408,0.011132305,0.012329562,0.012966427,0.013633485,0.01433486,0.015075305,0.016696625,0.026731052,0.004778208
3, 10in50,0.0021,0.649930061,0.2,0,Building Residual Drift,2,1,0.002121996,0.004034745,0.006459567,0.007154281,0.007523824,0.007910888,0.008317863,0.00874751,0.009688288,0.015510807,0.002772576
3, 10in50,0.0021,0.649930061,0.2,0,Building Residual Drift,2,2,0.002121996,0.004034745,0.006459567,0.007154281,0.007523824,0.007910888,0.008317863,0.00874751,0.009688288,0.015510807,0.002772576
3, 10in50,0.0021,0.649930061,0.2,0,Building Residual Drift,2,3,0.003000955,0.005705991,0.009135208,0.010117681,0.010640295,0.011187685,0.011763235,0.012370847,0.013701308,0.021935593,0.003921014
3, 10in50,0.0021,0.649930061,0.2,0,Acceleration,0,1,0.134622546,0.203962397,0.276500389,0.295378003,0.305154521,0.315214223,0.325605552,0.336382551,0.359348522,0.487148649,0.16003199
3, 10in50,0.0021,0.649930061,0.2,0,Acceleration,0,2,0.134622546,0.203962397,0.276500389,0.295378003,0.305154521,0.315214223,0.325605552,0.336382551,0.359348522,0.487148649,0.16003199
3, 10in50,0.0021,0.649930061,0.2,0,Acceleration,0,3,0.19038503,0.288446388,0.3910306,0.417727578,0.431553662,0.445780229,0.460475787,0.475716765,0.508195553,0.688932227,0.226319411
3, 10in50,0.0021,0.649930061,0.2,0,Acceleration,1,1,0.186292519,0.282245953,0.382625018,0.408748118,0.422276997,0.43619775,0.450577413,0.465490772,0.497271397,0.67412296,0.221454455
3, 10in50,0.0021,0.649930061,0.2,0,Acceleration,1,2,0.186292519,0.282245953,0.382625018,0.408748118,0.422276997,0.43619775,0.450577413,0.465490772,0.497271397,0.67412296,0.221454455
3, 10in50,0.0021,0.649930061,0.2,0,Acceleration,1,3,0.263457407,0.399156054,0.541113489,0.578057132,0.597189856,0.616876774,0.637212689,0.658303363,0.703247953,0.953353832,0.313183894
3, 10in50,0.0021,0.649930061,0.2,0,Acceleration,2,1,0.182941311,0.277168642,0.375741992,0.401395165,0.414680674,0.428351006,0.442471995,0.457117077,0.488326002,0.661996189,0.21747072
3, 10in50,0.0021,0.649930061,0.2,0,Acceleration,2,2,0.182941311,0.277168642,0.375741992,0.401395165,0.414680674,0.428351006,0.442471995,0.457117077,0.488326002,0.661996189,0.21747072
3, 10in50,0.0021,0.649930061,0.2,0,Acceleration,2,3,0.258718083,0.391975652,0.531379421,0.567658486,0.586447033,0.605779803,0.625749896,0.64646117,0.690597255,0.936203989,0.307550042
3, 10in50,0.0021,0.649930061,0.2,0,Peak Floor Velocity,0,1,0.116023301,0.196298284,0.288517299,0.313671367,0.326869069,0.340566812,0.354838572,0.369768381,0.402006236,0.590864838,0.144405783
3, 10in50,0.0021,0.649930061,0.2,0,Peak Floor Velocity,0,2,0.116023301,0.196298284,0.288517299,0.313671367,0.326869069,0.340566812,0.354838572,0.369768381,0.402006236,0.590864838,0.144405783
3, 10in50,0.0021,0.649930061,0.2,0,Peak Floor Velocity,0,3,0.164081725,0.277607695,0.408025077,0.443598301,0.46226267,0.481634205,0.501817521,0.522931459,0.568522671,0.835609067,0.204220617
3, 10in50,0.0021,0.649930061,0.2,0,Peak Floor Velocity,1,1,4.491148455,7.598514504,11.16822237,12.14191172,12.65278184,13.18300809,13.73545395,14.31337226,15.56126809,22.87179977,5.589806587
3, 10in50,0.0021,0.649930061,0.2,0,Peak Floor Velocity,1,2,4.491148455,7.598514504,11.16822237,12.14191172,12.65278184,13.18300809,13.73545395,14.31337226,15.56126809,22.87179977,5.589806587
3, 10in50,0.0021,0.649930061,0.2,0,Peak Floor Velocity,1,3,6.351443056,10.74592227,15.79425154,17.17125622,17.89373569,18.64358884,19.42486526,20.24216517,22.00695638,32.34560944,7.905180286
3, 10in50,0.0021,0.649930061,0.2,0,Peak Floor Velocity,2,1,5.19E+00,8.773739224,12.89555618,14.01984125,14.60972514,15.22195886,15.85984879,16.52715087,17.96805259,26.40926811,6.454354371
3, 10in50,0.0021,0.649930061,0.2,0,Peak Floor Velocity,2,2,5.19E+00,8.773739224,12.89555618,14.01984125,14.60972514,15.22195886,15.85984879,16.52715087,17.96805259,26.40926811,6.454354371
3, 10in50,0.0021,0.649930061,0.2,0,Peak Floor Velocity,2,3,7.333789391,12.407941,18.23707044,19.82704964,20.66127143,21.52710066,22.42921325,23.3729209,25.41066366,37.34834513,9.127835487
4, 5in50,0.001025,0.887072054,0.2,0,Story Drift Ratio,1,1,0.00565152,0.009336625,0.013485515,0.014605815,0.015191961,0.015799181,0.016430672,0.01709005,0.018509795,0.026734942,0.006964642
4, 5in50,0.001025,0.887072054,0.2,0,Story Drift Ratio,1,2,0.00565152,0.009336625,0.013485515,0.014605815,0.015191961,0.015799181,0.016430672,0.01709005,0.018509795,0.026734942,0.006964642
4, 5in50,0.001025,0.887072054,0.2,0,Story Drift Ratio,1,3,0.007992457,0.013203982,0.019071399,0.020655742,0.021484677,0.022343416,0.02323648,0.024168981,0.026176803,0.037808917,0.009849491
4, 5in50,0.001025,0.887072054,0.2,0,Story Drift Ratio,2,1,0.004327357,0.007149034,0.01032583,0.011183642,0.011632452,0.012097399,0.012580931,0.013085815,0.014172911,0.020470888,0.005332811
4, 5in50,0.001025,0.887072054,0.2,0,Story Drift Ratio,2,2,0.004327357,0.007149034,0.01032583,0.011183642,0.011632452,0.012097399,0.012580931,0.013085815,0.014172911,0.020470888,0.005332811
4, 5in50,0.001025,0.887072054,0.2,0,Story Drift Ratio,2,3,0.006119807,0.010110261,0.014602929,0.015816058,0.016450771,0.017108306,0.017792123,0.018506138,0.020043523,0.028950207,0.007541734
4, 5in50,0.001025,0.887072054,0.2,0,Building Residual Drift,1,1,0.003718828,0.007070947,0.011320483,0.012537979,0.013185609,0.013863943,0.014577174,0.015330135,0.016978861,0.027182909,0.004858978
4, 5in50,0.001025,0.887072054,0.2,0,Building Residual Drift,1,2,0.003718828,0.007070947,0.011320483,0.012537979,0.013185609,0.013863943,0.014577174,0.015330135,0.016978861,0.027182909,0.004858978
4, 5in50,0.001025,0.887072054,0.2,0,Building Residual Drift,1,3,0.005259217,0.00999983,0.016009581,0.01773138,0.018647267,0.019606576,0.020615237,0.021680085,0.024011736,0.038442439,0.006871633
4, 5in50,0.001025,0.887072054,0.2,0,Building Residual Drift,2,1,0.002989479,0.005684169,0.009100272,0.010078988,0.010599603,0.011144899,0.011718249,0.012323537,0.013648909,0.021851705,0.003906019
4, 5in50,0.001025,0.887072054,0.2,0,Building Residual Drift,2,2,0.002989479,0.005684169,0.009100272,0.010078988,0.010599603,0.011144899,0.011718249,0.012323537,0.013648909,0.021851705,0.003906019
4, 5in50,0.001025,0.887072054,0.2,0,Building Residual Drift,2,3,0.004227761,0.008038629,0.012869728,0.014253842,0.014990102,0.015761268,0.016572107,0.017428113,0.019302473,0.030902977,0.005523945
4, 5in50,0.001025,0.887072054,0.2,0,Acceleration,0,1,0.184614523,0.279703674,0.379178593,0.405066394,0.418473414,0.432268778,0.446518919,0.461297949,0.492792315,0.66805092,0.219459745
4, 5in50,0.001025,0.887072054,0.2,0,Acceleration,0,2,0.184614523,0.279703674,0.379178593,0.405066394,0.418473414,0.432268778,0.446518919,0.461297949,0.492792315,0.66805092,0.219459745
4, 5in50,0.001025,0.887072054,0.2,0,Acceleration,0,3,0.261084363,0.395560729,0.536239508,0.572850388,0.591810778,0.611320369,0.631473111,0.652373815,0.696913576,0.944766671,0.310362947
4, 5in50,0.001025,0.887072054,0.2,0,Acceleration,1,1,0.255472101,0.387057767,0.524712519,0.560536413,0.57908923,0.598179444,0.617898984,0.638350407,0.681932742,0.924457995,0.303691394
4, 5in50,0.001025,0.887072054,0.2,0,Acceleration,1,2,0.255472101,0.387057767,0.524712519,0.560536413,0.57908923,0.598179444,0.617898984,0.638350407,0.681932742,0.924457995,0.303691394
4, 5in50,0.001025,0.887072054,0.2,0,Acceleration,1,3,0.36129211,0.547382343,0.742055561,0.792718197,0.818955843,0.845953482,0.873841123,0.902763803,0.964398532,1.307381034,0.429484489
4, 5in50,0.001025,0.887072054,0.2,0,Acceleration,2,1,0.250876424,0.380095001,0.515273487,0.550452946,0.568672018,0.587418818,0.606783624,0.626867147,0.669665482,0.907827958,0.298228302
4, 5in50,0.001025,0.887072054,0.2,0,Acceleration,2,2,0.250876424,0.380095001,0.515273487,0.550452946,0.568672018,0.587418818,0.606783624,0.626867147,0.669665482,0.907827958,0.298228302
4, 5in50,0.001025,0.887072054,0.2,0,Acceleration,2,3,0.354792841,0.537535505,0.728706754,0.778458022,0.80422368,0.83073566,0.858121631,0.886524022,0.947050007,1.28386261,0.42175851
4, 5in50,0.001025,0.887072054,0.2,0,Peak Floor Velocity,0,1,0.166367581,0.281475103,0.413709356,0.449778157,0.468702543,0.488343946,0.50880844,0.530216522,0.576442874,0.847250103,0.207065655
4, 5in50,0.001025,0.887072054,0.2,0,Peak Floor Velocity,0,2,0.166367581,0.281475103,0.413709356,0.449778157,0.468702543,0.488343946,0.50880844,0.530216522,0.576442874,0.847250103,0.207065655
4, 5in50,0.001025,0.887072054,0.2,0,Peak Floor Velocity,0,3,0.235279289,0.398065908,0.585073382,0.63608237,0.662845493,0.690622632,0.719563797,0.749839396,0.81521333,1.198192586,0.292835058
4, 5in50,0.001025,0.887072054,0.2,0,Peak Floor Velocity,1,1,6.418046594,10.85860791,15.9598758,17.35132025,18.0813759,18.83909228,19.62856145,20.45443186,22.23772932,32.68479724,7.988076878
4, 5in50,0.001025,0.887072054,0.2,0,Peak Floor Velocity,1,2,6.418046594,10.85860791,15.9598758,17.35132025,18.0813759,18.83909228,19.62856145,20.45443186,22.23772932,32.68479724,7.988076878
4, 5in50,0.001025,0.887072054,0.2,0,Peak Floor Velocity,1,3,9.076488538,15.35639057,22.57067281,24.53847243,25.57092702,26.6424998,27.75897781,28.92693495,31.44889839,46.22328355,11.29684666
4, 5in50,0.001025,0.887072054,0.2,0,Peak Floor Velocity,2,1,7.400039699,12.52002902,18.40181631,20.0061587,20.8479165,21.72156726,22.63182914,23.58406185,25.64021269,37.68573407,9.210292438
4, 5in50,0.001025,0.887072054,0.2,0,Peak Floor Velocity,2,2,7.400039699,12.52002902,18.40181631,20.0061587,20.8479165,21.72156726,22.63182914,23.58406185,25.64021269,37.68573407,9.210292438
4, 5in50,0.001025,0.887072054,0.2,0,Peak Floor Velocity,2,3,10.4652365,17.70599484,26.0240982,28.29298097,29.48340626,30.71893501,32.00623972,33.35290012,36.26073653,53.29567622,13.02532048
5, 2in50,0.000404,1.304423024,0.2,0,Story Drift Ratio,1,1,0.008310456,0.013729334,0.0198302,0.021477581,0.022339497,0.023232403,0.024160999,0.025130603,0.027218311,0.039313236,0.010241377
5, 2in50,0.000404,1.304423024,0.2,0,Story Drift Ratio,1,2,0.008310456,0.013729334,0.0198302,0.021477581,0.022339497,0.023232403,0.024160999,0.025130603,0.027218311,0.039313236,0.010241377
5, 2in50,0.000404,1.304423024,0.2,0,Story Drift Ratio,1,3,0.01175276,0.019416211,0.028044138,0.030373886,0.031592819,0.03285558,0.034168813,0.035540039,0.038492504,0.055597312,0.014483494
5, 2in50,0.000404,1.304423024,0.2,0,Story Drift Ratio,2,1,0.006363298,0.010512522,0.015183942,0.016445338,0.017105305,0.017789002,0.018500026,0.019242449,0.020841003,0.030102062,0.0078418
5, 2in50,0.000404,1.304423024,0.2,0,Story Drift Ratio,2,2,0.006363298,0.010512522,0.015183942,0.016445338,0.017105305,0.017789002,0.018500026,0.019242449,0.020841003,0.030102062,0.0078418
5, 2in50,0.000404,1.304423024,0.2,0,Story Drift Ratio,2,3,0.008999063,0.014866951,0.021473337,0.02325722,0.024190554,0.025157448,0.026162987,0.027212933,0.029473629,0.042570744,0.01108998
5, 2in50,0.000404,1.304423024,0.2,0,Building Residual Drift,1,1,0.005712696,0.010862071,0.017390017,0.019260279,0.020255139,0.021297165,0.022392798,0.023549464,0.026082162,0.041757161,0.007464143
5, 2in50,0.000404,1.304423024,0.2,0,Building Residual Drift,1,2,0.005712696,0.010862071,0.017390017,0.019260279,0.020255139,0.021297165,0.022392798,0.023549464,0.026082162,0.041757161,0.007464143
5, 2in50,0.000404,1.304423024,0.2,0,Building Residual Drift,1,3,0.008078972,0.015361288,0.024593197,0.027238148,0.028645092,0.03011874,0.031668199,0.033303971,0.036885748,0.059053543,0.010555893
5, 2in50,0.000404,1.304423024,0.2,0,Building Residual Drift,2,1,0.004516179,0.008587024,0.0137477,0.015226239,0.016012727,0.016836502,0.017702656,0.018617059,0.020619288,0.033011178,0.005900788
5, 2in50,0.000404,1.304423024,0.2,0,Building Residual Drift,2,2,0.004516179,0.008587024,0.0137477,0.015226239,0.016012727,0.016836502,0.017702656,0.018617059,0.020619288,0.033011178,0.005900788
5, 2in50,0.000404,1.304423024,0.2,0,Building Residual Drift,2,3,0.006386842,0.012143886,0.019442184,0.021533153,0.022645415,0.023810409,0.025035336,0.026328498,0.029160076,0.046684856,0.008344975
5, 2in50,0.000404,1.304423024,0.2,0,Acceleration,0,1,0.2651377,0.401701813,0.544564632,0.581743896,0.600998646,0.620811124,0.641276738,0.662501925,0.707733166,0.959434184,0.315181335
5, 2in50,0.000404,1.304423024,0.2,0,Acceleration,0,2,0.2651377,0.401701813,0.544564632,0.581743896,0.600998646,0.620811124,0.641276738,0.662501925,0.707733166,0.959434184,0.315181335
5, 2in50,0.000404,1.304423024,0.2,0,Acceleration,0,3,0.374961332,0.568092152,0.770130688,0.822710108,0.849940436,0.877959511,0.90690226,0.936919208,1.000885842,1.356844835,0.445733719
5, 2in50,0.000404,1.304423024,0.2,0,Acceleration,1,1,0.366901174,0.55588046,0.753575982,0.805025155,0.831670141,0.859086919,0.887407516,0.91677922,0.979370829,1.327678138,0.43615224
5, 2in50,0.000404,1.304423024,0.2,0,Acceleration,1,2,0.366901174,0.55588046,0.753575982,0.805025155,0.831670141,0.859086919,0.887407516,0.91677922,0.979370829,1.327678138,0.43615224
5, 2in50,0.000404,1.304423024,0.2,0,Acceleration,1,3,0.518876616,0.786133686,1.065717373,1.138477493,1.176159193,1.214932372,1.254983744,1.296521607,1.385039509,1.877620429,0.616812413
5, 2in50,0.000404,1.304423024,0.2,0,Acceleration,2,1,0.360301004,0.545880749,0.740019934,0.790543591,0.816709261,0.843632839,0.871443978,0.900287316,0.961752968,1.30379459,0.428306315
5, 2in50,0.000404,1.304423024,0.2,0,Acceleration,2,2,0.360301004,0.545880749,0.740019934,0.790543591,0.816709261,0.843632839,0.871443978,0.900287316,0.961752968,1.30379459,0.428306315
5, 2in50,0.000404,1.304423024,0.2,0,Acceleration,2,3,0.509542566,0.771991959,1.046546227,1.117997468,1.155001314,1.193077003,1.232407893,1.273198533,1.360124091,1.843843992,0.6057166
5, 2in50,0.000404,1.304423024,0.2,0,Peak Floor Velocity,0,1,0.25461417,0.430778337,0.63315379,0.688354616,0.717317091,0.747376911,0.778696416,0.811460015,0.882206276,1.296658164,0.316899781
5, 2in50,0.000404,1.304423024,0.2,0,Peak Floor Velocity,0,2,0.25461417,0.430778337,0.63315379,0.688354616,0.717317091,0.747376911,0.778696416,0.811460015,0.882206276,1.296658164,0.316899781
5, 2in50,0.000404,1.304423024,0.2,0,Peak Floor Velocity,0,3,0.360078812,0.609212566,0.895414677,0.973480434,1.014439559,1.056950564,1.101243032,1.147577759,1.247628081,1.833751562,0.448163969
5, 2in50,0.000404,1.304423024,0.2,0,Peak Floor Velocity,1,1,9.795633663,16.57310267,24.35898436,26.48269599,27.59695365,28.75342891,29.95836731,31.21886362,33.94064637,49.88563038,12.19191441
5, 2in50,0.000404,1.304423024,0.2,0,Peak Floor Velocity,1,2,9.795633663,16.57310267,24.35898436,26.48269599,27.59695365,28.75342891,29.95836731,31.21886362,33.94064637,49.88563038,12.19191441
5, 2in50,0.000404,1.304423024,0.2,0,Peak Floor Velocity,1,3,13.85311798,23.43790657,34.44880605,37.45218783,39.02798614,40.66348913,42.36752936,44.15014033,47.99932242,70.54893505,17.24197071
5, 2in50,0.000404,1.304423024,0.2,0,Peak Floor Velocity,2,1,11.28134566,19.0867591,28.05353201,30.49934877,31.78260683,33.11448567,34.50217808,35.95385493,39.08845277,57.45182591,14.04107233
5, 2in50,0.000404,1.304423024,0.2,0,Peak Floor Velocity,2,2,11.28134566,19.0867591,28.05353201,30.49934877,31.78260683,33.11448567,34.50217808,35.95385493,39.08845277,57.45182591,14.04107233
5, 2in50,0.000404,1.304423024,0.2,0,Peak Floor Velocity,2,3,15.95423204,26.99275358,39.67368544,43.13259267,44.94739363,46.83095474,48.79344818,50.84642926,55.27942003,81.24915138,19.85707492
