Building Name: PSEUDO CHB-L - Soil C,,,,,,,,,,,,,,,,,,,
Description,,"	",  Usage,School,,,,,,,,,,,,,,,
Latitude,14.55036,"	", Median Collapse Sa(g),0.346421099,,,,,,,,,,,,,,,
Longitude,121.00892,"	", Beta Collapse,0.94,,,,,,,,,,,,,,,
Number of Stories,1,,,,,,,,,,,,,,,,,,
Floor Area (sq.ft.),1078.999318,,,,,,,,,,,,,,,,,,
,,,,,,,,,,,,,,,,,,,
Intensity, Intensity Description, MAFE, Sa, BetaM, BetaGM, EDP Type, Storey, Direction,EQ1,EQ2,EQ3,EQ4,EQ5,EQ6,EQ7,EQ8,EQ9,EQ10,EQ11
1, 63in50,0.02,0.311719444,0.4,0,Story Drift Ratio,1,1,0.004919185,0.007627151,0.010516199,0.011275524,0.011669844,0.01207632,0.012496953,0.012933988,0.01386789,0.019120835,0.005904173
1, 63in50,0.02,0.311719444,0.4,0,Story Drift Ratio,1,2,0.004919185,0.007627151,0.010516199,0.011275524,0.011669844,0.01207632,0.012496953,0.012933988,0.01386789,0.019120835,0.005904173
1, 63in50,0.02,0.311719444,0.4,0,Story Drift Ratio,1,3,0.006956778,0.01078642,0.014872152,0.015945999,0.016503651,0.017078495,0.017673361,0.018291422,0.019612158,0.027040945,0.008349762
1, 63in50,0.02,0.311719444,0.4,0,Building Residual Drift,1,1,0.001604145,0.003050108,0.004883178,0.005408355,0.005687715,0.00598032,0.006287977,0.006612773,0.007323964,0.011725559,0.002095958
1, 63in50,0.02,0.311719444,0.4,0,Building Residual Drift,1,2,0.001604145,0.003050108,0.004883178,0.005408355,0.005687715,0.00598032,0.006287977,0.006612773,0.007323964,0.011725559,0.002095958
1, 63in50,0.02,0.311719444,0.4,0,Building Residual Drift,1,3,0.002268604,0.004313504,0.006905857,0.007648569,0.008043644,0.008457449,0.008892543,0.009351873,0.010357649,0.016582444,0.002964132
1, 63in50,0.02,0.311719444,0.4,0,Acceleration,0,1,0.060939979,0.089764903,0.119205581,0.126775451,0.1306828,0.134694483,0.138829316,0.143108178,0.152195925,0.202112442,0.071598259
1, 63in50,0.02,0.311719444,0.4,0,Acceleration,0,2,0.060939979,0.089764903,0.119205581,0.126775451,0.1306828,0.134694483,0.138829316,0.143108178,0.152195925,0.202112442,0.071598259
1, 63in50,0.02,0.311719444,0.4,0,Acceleration,0,3,0.086182145,0.126946743,0.16858215,0.179287562,0.184813388,0.190486765,0.196334302,0.202385526,0.215237542,0.285830157,0.101255229
1, 63in50,0.02,0.311719444,0.4,0,Acceleration,1,1,0.097166022,0.143126052,0.190067873,0.202137686,0.208367776,0.214764222,0.221357025,0.228179475,0.242669475,0.322259089,0.114160165
1, 63in50,0.02,0.311719444,0.4,0,Acceleration,1,2,0.097166022,0.143126052,0.190067873,0.202137686,0.208367776,0.214764222,0.221357025,0.228179475,0.242669475,0.322259089,0.114160165
1, 63in50,0.02,0.311719444,0.4,0,Acceleration,1,3,0.137413507,0.202410803,0.268796564,0.285865856,0.294676534,0.303722475,0.313046107,0.322694508,0.343186463,0.455743174,0.161446854
1, 63in50,0.02,0.311719444,0.4,0,Peak Floor Velocity,0,1,0.042140138,0.073517908,0.110511676,0.120733984,0.126116793,0.131716974,0.137565829,0.14369907,0.156991206,0.235988233,0.053122812
1, 63in50,0.02,0.311719444,0.4,0,Peak Floor Velocity,0,2,0.042140138,0.073517908,0.110511676,0.120733984,0.126116793,0.131716974,0.137565829,0.14369907,0.156991206,0.235988233,0.053122812
1, 63in50,0.02,0.311719444,0.4,0,Peak Floor Velocity,0,3,0.059595155,0.103970023,0.156287111,0.170743638,0.17835608,0.186275931,0.194547461,0.203221174,0.222019093,0.33373776,0.075127001
1, 63in50,0.02,0.311719444,0.4,0,Peak Floor Velocity,1,1,1.83E+00,3.19E+00,4.798067516,5.24188783,5.475592377,5.718734515,5.972673311,6.238959229,6.816061746,10.24586287,2.31E+00
1, 63in50,0.02,0.311719444,0.4,0,Peak Floor Velocity,1,2,1.83E+00,3.19E+00,4.798067516,5.24188783,5.475592377,5.718734515,5.972673311,6.238959229,6.816061746,10.24586287,2.31E+00
1, 63in50,0.02,0.311719444,0.4,0,Peak Floor Velocity,1,3,2.59E+00,4.51E+00,6.785492155,7.413148861,7.743657002,8.087511911,8.4466356,8.823220757,9.639366963,14.48983823,3.26E+00
2,30in50,0.005625,0.45030701,0.4,0,Story Drift Ratio,1,1,0.007106209,0.011018111,0.015191604,0.016288517,0.016858148,0.017445339,0.018052983,0.018684319,0.020033425,0.027621781,0.008529114
2,30in50,0.005625,0.45030701,0.4,0,Story Drift Ratio,1,2,0.007106209,0.011018111,0.015191604,0.016288517,0.016858148,0.017445339,0.018052983,0.018684319,0.020033425,0.027621781,0.008529114
2,30in50,0.005625,0.45030701,0.4,0,Story Drift Ratio,1,3,0.010049697,0.015581962,0.021484172,0.023035441,0.023841021,0.024671435,0.025530773,0.026423618,0.028331541,0.039063097,0.012061989
2,30in50,0.005625,0.45030701,0.4,0,Building Residual Drift,1,1,0.003044317,0.005788438,0.009267205,0.010263875,0.010794039,0.011349339,0.011933206,0.012549597,0.013899282,0.022252547,0.00397767
2,30in50,0.005625,0.45030701,0.4,0,Building Residual Drift,1,2,0.003044317,0.005788438,0.009267205,0.010263875,0.010794039,0.011349339,0.011933206,0.012549597,0.013899282,0.022252547,0.00397767
2,30in50,0.005625,0.45030701,0.4,0,Building Residual Drift,1,3,0.004305314,0.008186088,0.013105807,0.014515311,0.015265077,0.016050389,0.016876101,0.017747811,0.019656553,0.031469854,0.005625275
2,30in50,0.005625,0.45030701,0.4,0,Acceleration,0,1,9.00E-02,1.33E-01,1.76E-01,1.87E-01,1.93E-01,1.99E-01,2.05E-01,2.11E-01,2.25E-01,2.99E-01,1.06E-01
2,30in50,0.005625,0.45030701,0.4,0,Acceleration,0,2,9.00E-02,1.33E-01,1.76E-01,1.87E-01,1.93E-01,1.99E-01,2.05E-01,2.11E-01,2.25E-01,2.99E-01,1.06E-01
2,30in50,0.005625,0.45030701,0.4,0,Acceleration,0,3,1.27E-01,1.87E-01,2.49E-01,2.65E-01,2.73E-01,2.81E-01,2.90E-01,2.99E-01,3.18E-01,4.22E-01,1.50E-01
2,30in50,0.005625,0.45030701,0.4,0,Acceleration,1,1,1.44E-01,0.211394943,0.28072728,0.298554205,0.30775595,0.317203402,0.326940869,0.337017521,0.358419025,0.475971642,1.69E-01
2,30in50,0.005625,0.45030701,0.4,0,Acceleration,1,2,1.44E-01,0.211394943,0.28072728,0.298554205,0.30775595,0.317203402,0.326940869,0.337017521,0.358419025,0.475971642,1.69E-01
2,30in50,0.005625,0.45030701,0.4,0,Acceleration,1,3,2.03E-01,0.298957595,0.397008327,0.422219405,0.435232639,0.448593353,0.462364212,0.476614749,0.506881046,0.673125551,0.238454482
2,30in50,0.005625,0.45030701,0.4,0,Peak Floor Velocity,0,1,0.065685951,0.114596057,0.172260101,0.188194127,0.196584582,0.205313865,0.214430769,0.223990959,0.24471008,0.367846715,0.082805196
2,30in50,0.005625,0.45030701,0.4,0,Peak Floor Velocity,0,2,0.065685951,0.114596057,0.172260101,0.188194127,0.196584582,0.205313865,0.214430769,0.223990959,0.24471008,0.367846715,0.082805196
2,30in50,0.005625,0.45030701,0.4,0,Peak Floor Velocity,0,3,0.092893962,0.162063298,0.243612571,0.266146686,0.278012582,0.290357652,0.303250902,0.316771053,0.346072313,0.520213813,0.117104231
2,30in50,0.005625,0.45030701,0.4,0,Peak Floor Velocity,1,1,2.83E+00,4.93E+00,7.414840594,8.100711909,8.461874389,8.837621539,9.230053635,9.641566735,10.53340978,15.833758,3.56E+00
2,30in50,0.005625,0.45030701,0.4,0,Peak Floor Velocity,1,2,2.83E+00,4.93E+00,7.414840594,8.100711909,8.461874389,8.837621539,9.230053635,9.641566735,10.53340978,15.833758,3.56E+00
2,30in50,0.005625,0.45030701,0.4,0,Peak Floor Velocity,1,3,4.00E+00,6.98E+00,10.48616813,11.45613665,11.96689752,12.49828424,13.05326703,13.63523444,14.89649098,22.39231531,5.04E+00
3, 10in50,0.0021,0.676440002,0.4,0,Story Drift Ratio,1,1,1.07E-02,1.66E-02,2.28E-02,2.45E-02,2.53E-02,2.62E-02,2.71E-02,2.81E-02,3.01E-02,0.041492753,1.28E-02
3, 10in50,0.0021,0.676440002,0.4,0,Story Drift Ratio,1,2,1.07E-02,1.66E-02,2.28E-02,2.45E-02,2.53E-02,2.62E-02,2.71E-02,2.81E-02,3.01E-02,0.041492753,1.28E-02
3, 10in50,0.0021,0.676440002,0.4,0,Story Drift Ratio,1,3,1.51E-02,2.34E-02,3.23E-02,3.46E-02,0.035813389,0.037060816,0.038351693,0.039692902,0.042558936,0.058679614,1.81E-02
3, 10in50,0.0021,0.676440002,0.4,0,Building Residual Drift,1,1,5.39E-03,1.03E-02,1.64E-02,1.82E-02,1.91E-02,2.01E-02,2.11E-02,2.22E-02,2.46E-02,3.94E-02,7.05E-03
3, 10in50,0.0021,0.676440002,0.4,0,Building Residual Drift,1,2,5.39E-03,1.03E-02,1.64E-02,1.82E-02,1.91E-02,2.01E-02,2.11E-02,2.22E-02,2.46E-02,3.94E-02,7.05E-03
3, 10in50,0.0021,0.676440002,0.4,0,Building Residual Drift,1,3,7.63E-03,1.45E-02,2.32E-02,2.57E-02,2.70E-02,2.84E-02,2.99E-02,3.14E-02,3.48E-02,0.055761603,9.97E-03
3, 10in50,0.0021,0.676440002,0.4,0,Acceleration,0,1,1.43E-01,2.10E-01,2.79E-01,2.97E-01,3.06E-01,3.15E-01,3.25E-01,3.35E-01,3.56E-01,4.73E-01,1.68E-01
3, 10in50,0.0021,0.676440002,0.4,0,Acceleration,0,2,1.43E-01,2.10E-01,2.79E-01,2.97E-01,3.06E-01,3.15E-01,3.25E-01,3.35E-01,3.56E-01,4.73E-01,1.68E-01
3, 10in50,0.0021,0.676440002,0.4,0,Acceleration,0,3,2.02E-01,2.97E-01,3.95E-01,4.20E-01,4.33E-01,4.46E-01,4.59E-01,4.74E-01,5.04E-01,6.69E-01,2.37E-01
3, 10in50,0.0021,0.676440002,0.4,0,Acceleration,1,1,2.27E-01,3.35E-01,4.45E-01,4.73E-01,4.88E-01,5.03E-01,5.18E-01,5.34E-01,5.68E-01,7.54E-01,2.67E-01
3, 10in50,0.0021,0.676440002,0.4,0,Acceleration,1,2,2.27E-01,3.35E-01,4.45E-01,4.73E-01,4.88E-01,5.03E-01,5.18E-01,5.34E-01,5.68E-01,7.54E-01,2.67E-01
3, 10in50,0.0021,0.676440002,0.4,0,Acceleration,1,3,3.22E-01,4.74E-01,6.29E-01,6.69E-01,6.90E-01,7.11E-01,7.33E-01,7.55E-01,8.03E-01,1.07E+00,3.78E-01
3, 10in50,0.0021,0.676440002,0.4,0,Peak Floor Velocity,0,1,1.09E-01,1.90E-01,2.86E-01,3.12E-01,3.26E-01,3.41E-01,3.56E-01,3.72E-01,4.06E-01,6.10E-01,1.37E-01
3, 10in50,0.0021,0.676440002,0.4,0,Peak Floor Velocity,0,2,1.09E-01,1.90E-01,2.86E-01,3.12E-01,3.26E-01,3.41E-01,3.56E-01,3.72E-01,4.06E-01,6.10E-01,1.37E-01
3, 10in50,0.0021,0.676440002,0.4,0,Peak Floor Velocity,0,3,1.54E-01,2.69E-01,4.04E-01,4.41E-01,4.61E-01,4.82E-01,5.03E-01,5.25E-01,5.74E-01,8.63E-01,1.94E-01
3, 10in50,0.0021,0.676440002,0.4,0,Peak Floor Velocity,1,1,4.66E+00,8.13E+00,1.22E+01,1.34E+01,1.39E+01,1.46E+01,1.52E+01,1.59E+01,1.74E+01,2.61E+01,5.88E+00
3, 10in50,0.0021,0.676440002,0.4,0,Peak Floor Velocity,1,2,4.66E+00,8.13E+00,1.22E+01,1.34E+01,1.39E+01,1.46E+01,1.52E+01,1.59E+01,1.74E+01,2.61E+01,5.88E+00
3, 10in50,0.0021,0.676440002,0.4,0,Peak Floor Velocity,1,3,6.59E+00,1.15E+01,1.73E+01,1.89E+01,1.97E+01,2.06E+01,2.15E+01,2.25E+01,2.46E+01,3.69E+01,8.31E+00
4, 5in50,0.001025,0.941468199,0.4,0,Story Drift Ratio,1,1,1.49E-02,2.30E-02,3.18E-02,3.41E-02,3.52E-02,3.65E-02,3.77E-02,3.91E-02,4.19E-02,5.77E-02,1.78E-02
4, 5in50,0.001025,0.941468199,0.4,0,Story Drift Ratio,1,2,1.49E-02,2.30E-02,3.18E-02,3.41E-02,3.52E-02,3.65E-02,3.77E-02,3.91E-02,4.19E-02,5.77E-02,1.78E-02
4, 5in50,0.001025,0.941468199,0.4,0,Story Drift Ratio,1,3,2.10E-02,3.26E-02,4.49E-02,4.82E-02,4.98E-02,5.16E-02,5.34E-02,5.52E-02,5.92E-02,8.17E-02,2.52E-02
4, 5in50,0.001025,0.941468199,0.4,0,Building Residual Drift,1,1,8.15E-03,1.55E-02,2.48E-02,2.75E-02,2.89E-02,3.04E-02,3.19E-02,3.36E-02,3.72E-02,5.96E-02,1.06E-02
4, 5in50,0.001025,0.941468199,0.4,0,Building Residual Drift,1,2,8.15E-03,1.55E-02,2.48E-02,2.75E-02,2.89E-02,3.04E-02,3.19E-02,3.36E-02,3.72E-02,5.96E-02,1.06E-02
4, 5in50,0.001025,0.941468199,0.4,0,Building Residual Drift,1,3,1.15E-02,2.19E-02,3.51E-02,3.89E-02,4.09E-02,4.30E-02,4.52E-02,4.75E-02,5.26E-02,8.42E-02,1.51E-02
4, 5in50,0.001025,0.941468199,0.4,0,Acceleration,0,1,1.96E-01,2.88E-01,3.83E-01,4.07E-01,4.19E-01,4.32E-01,4.46E-01,4.59E-01,4.88E-01,6.49E-01,2.30E-01
4, 5in50,0.001025,0.941468199,0.4,0,Acceleration,0,2,1.96E-01,2.88E-01,3.83E-01,4.07E-01,4.19E-01,4.32E-01,4.46E-01,4.59E-01,4.88E-01,6.49E-01,2.30E-01
4, 5in50,0.001025,0.941468199,0.4,0,Acceleration,0,3,2.77E-01,4.07E-01,5.41E-01,5.75E-01,5.93E-01,6.11E-01,6.30E-01,6.50E-01,6.91E-01,0.91730151,3.25E-01
4, 5in50,0.001025,0.941468199,0.4,0,Acceleration,1,1,3.12E-01,4.59E-01,6.10E-01,6.49E-01,6.69E-01,6.89E-01,7.10E-01,7.32E-01,7.79E-01,1.034211198,3.66E-01
4, 5in50,0.001025,0.941468199,0.4,0,Acceleration,1,2,3.12E-01,4.59E-01,6.10E-01,6.49E-01,6.69E-01,6.89E-01,7.10E-01,7.32E-01,7.79E-01,1.034211198,3.66E-01
4, 5in50,0.001025,0.941468199,0.4,0,Acceleration,1,3,4.41E-01,6.50E-01,8.63E-01,9.17E-01,9.46E-01,9.75E-01,1.00E+00,1.04E+00,1.101372452,1.462595503,5.18E-01
4, 5in50,0.001025,0.941468199,0.4,0,Peak Floor Velocity,0,1,0.156235608,0.272569467,0.409724777,0.44762424,0.467581138,0.488343946,0.510028722,0.532767864,0.582048788,0.874932224,0.196954142
4, 5in50,0.001025,0.941468199,0.4,0,Peak Floor Velocity,0,2,0.156235608,0.272569467,0.409724777,0.44762424,0.467581138,0.488343946,0.510028722,0.532767864,0.582048788,0.874932224,0.196954142
4, 5in50,0.001025,0.941468199,0.4,0,Peak Floor Velocity,0,3,0.220950515,0.385471437,0.579438337,0.633036271,0.661259586,0.690622632,0.721289536,0.753447539,0.82314129,1.237341018,0.278535219
4, 5in50,0.001025,0.941468199,0.4,0,Peak Floor Velocity,1,1,6.664726248,11.62731664,17.47811218,19.09483416,19.94615905,20.83186263,21.75689562,22.72690597,24.82914036,37.32301391,8.401704707
4, 5in50,0.001025,0.941468199,0.4,0,Peak Floor Velocity,1,2,6.664726248,11.62731664,17.47811218,19.09483416,19.94615905,20.83186263,21.75689562,22.72690597,24.82914036,37.32301391,8.401704707
4, 5in50,0.001025,0.941468199,0.4,0,Peak Floor Velocity,1,3,9.42534625,16.44350888,24.71778329,27.00417344,28.20812865,29.46070266,30.76889686,32.14069866,35.11370704,52.78271246,11.88180474
5, 2in50,0.000404,1.270554736,0.4,0,Story Drift Ratio,1,1,0.020050381,0.031087931,0.042863566,0.045958539,0.047565769,0.049222547,0.050937032,0.052718367,0.056524908,0.077935684,0.024065151
5, 2in50,0.000404,1.270554736,0.4,0,Story Drift Ratio,1,2,0.020050381,0.031087931,0.042863566,0.045958539,0.047565769,0.049222547,0.050937032,0.052718367,0.056524908,0.077935684,0.024065151
5, 2in50,0.000404,1.270554736,0.4,0,Story Drift Ratio,1,3,0.028355521,0.043964973,0.060618236,0.064995189,0.067268156,0.069611193,0.072035842,0.07455503,0.079938292,0.110217701,0.034033263
5, 2in50,0.000404,1.270554736,0.4,0,Building Residual Drift,1,1,0.011568152,0.021995585,0.03521461,0.039001873,0.041016455,0.043126547,0.045345193,0.047687429,0.052816119,0.084557834,0.015114816
5, 2in50,0.000404,1.270554736,0.4,0,Building Residual Drift,1,2,0.011568152,0.021995585,0.03521461,0.039001873,0.041016455,0.043126547,0.045345193,0.047687429,0.052816119,0.084557834,0.015114816
5, 2in50,0.000404,1.270554736,0.4,0,Building Residual Drift,1,3,0.016359838,0.031106455,0.049800979,0.055156978,0.058006027,0.060990147,0.064127786,0.067440209,0.074693272,0.119582836,0.021375578
5, 2in50,0.000404,1.270554736,0.4,0,Acceleration,0,1,0.280874287,0.413729271,0.549422286,0.584312054,0.602321149,0.620811124,0.639868701,0.659590108,0.701475824,0.931542626,0.329998637
5, 2in50,0.000404,1.270554736,0.4,0,Acceleration,0,2,0.280874287,0.413729271,0.549422286,0.584312054,0.602321149,0.620811124,0.639868701,0.659590108,0.701475824,0.931542626,0.329998637
5, 2in50,0.000404,1.270554736,0.4,0,Acceleration,0,3,0.397216225,0.585101546,0.777000449,0.826342032,0.851810738,0.877959511,0.904910995,0.932801277,0.992036624,1.317400215,0.466688548
5, 2in50,0.000404,1.270554736,0.4,0,Acceleration,1,1,0.447841265,0.659672489,0.876028826,0.931658973,0.960373655,0.989855077,1.020241517,1.051686403,1.118471271,1.485302313,0.526167805
5, 2in50,0.000404,1.270554736,0.4,0,Acceleration,1,2,0.447841265,0.659672489,0.876028826,0.931658973,0.960373655,0.989855077,1.020241517,1.051686403,1.118471271,1.485302313,0.526167805
5, 2in50,0.000404,1.270554736,0.4,0,Acceleration,1,3,0.63334319,0.932917781,1.238891847,1.317564755,1.358173448,1.399866475,1.44283939,1.487309175,1.58175724,2.100534676,0.744113646
5, 2in50,0.000404,1.270554736,0.4,0,Peak Floor Velocity,0,1,0.23910788,0.417148872,0.627055666,0.685058193,0.715600857,0.747376911,0.780563973,0.81536467,0.890785743,1.339023752,0.301424804
5, 2in50,0.000404,1.270554736,0.4,0,Peak Floor Velocity,0,2,0.23910788,0.417148872,0.627055666,0.685058193,0.715600857,0.747376911,0.780563973,0.81536467,0.890785743,1.339023752,0.301424804
5, 2in50,0.000404,1.270554736,0.4,0,Peak Floor Velocity,0,3,0.338149607,0.589937592,0.886790627,0.968818588,1.012012437,1.056950564,1.103884156,1.153099774,1.259761279,1.89366555,0.426279046
5, 2in50,0.000404,1.270554736,0.4,0,Peak Floor Velocity,1,1,1.02E+01,17.75429872,26.68815466,29.15680378,30.45673195,31.80915455,33.2216311,34.7027857,37.91278664,56.99027201,12.82895957
5, 2in50,0.000404,1.270554736,0.4,0,Peak Floor Velocity,1,2,1.02E+01,17.75429872,26.68815466,29.15680378,30.45673195,31.80915455,33.2216311,34.7027857,37.91278664,56.99027201,12.82895957
5, 2in50,0.000404,1.270554736,0.4,0,Peak Floor Velocity,1,3,14.39200617,25.10837004,37.74275027,41.23394734,43.07232338,44.98493777,46.98248127,49.07715019,53.61677705,80.5964156,18.14288862
