Building Name: PSEUDO PTC1-M(HC) - Soil D,,,,,,,,,,,,,,,,,,,
Description,,"	",  Usage,School,,,,,,,,,,,,,,,
Latitude,14.55036,"	", Median Collapse Sa(g),1.729025481,,,,,,,,,,,,,,,
Longitude,121.00892,"	", Beta Collapse,0.180570948,,,,,,,,,,,,,,,
Number of Stories,4,,,,,,,,,,,,,,,,,,
Floor Area (sq.ft.),29460.7943,,,,,,,,,,,,,,,,,,
,,,,,,,,,,,,,,,,,,,
Intensity, Intensity Description, MAFE, Sa, BetaM, BetaGM, EDP Type, Storey, Direction,EQ1,EQ2,EQ3,EQ4,EQ5,EQ6,EQ7,EQ8,EQ9,EQ10,EQ11
1, 63in50,0.02,0.386453125,0.4717,0,Story Drift Ratio,1,1,0.006377467,0.007532042,0.005313952,0.006393632,0.012506637,0.012440084,0.00707876,0.005038431,0.008629977,0.00506201,0.007891092
1, 63in50,0.02,0.386453125,0.4717,0,Story Drift Ratio,1,2,0.005195801,0.004456169,0.004592619,0.004829133,0.005677373,0.009708916,0.003082282,0.004797194,0.009739011,0.004805512,0.006775232
1, 63in50,0.02,0.386453125,0.4717,0,Story Drift Ratio,1,3,0.008226083,0.00875152,0.007023548,0.008012432,0.013734938,0.015780327,0.007720706,0.006956929,0.013012487,0.006979748,0.01040063
1, 63in50,0.02,0.386453125,0.4717,0,Story Drift Ratio,2,1,0.007448307,0.008636691,0.005876093,0.006985,0.01405712,0.012835373,0.008522105,0.005787596,0.009350705,0.005742278,0.009421114
1, 63in50,0.02,0.386453125,0.4717,0,Story Drift Ratio,2,2,0.005501968,0.004716258,0.004912179,0.004920925,0.005862502,0.009755347,0.003469556,0.00548004,0.009032529,0.005092959,0.007424898
1, 63in50,0.02,0.386453125,0.4717,0,Story Drift Ratio,2,3,0.009260072,0.009840504,0.00765885,0.008544339,0.015230613,0.016121836,0.00920131,0.00797039,0.013000856,0.007675415,0.01199527
1, 63in50,0.02,0.386453125,0.4717,0,Story Drift Ratio,3,1,0.005209567,0.00580586,0.003882057,0.004653144,0.008501107,0.008621864,0.005991646,0.004056025,0.0065386,0.004152804,0.006365405
1, 63in50,0.02,0.386453125,0.4717,0,Story Drift Ratio,3,2,0.003787576,0.003284125,0.003678327,0.003489439,0.003894857,0.006012166,0.002384315,0.003916292,0.005853015,0.003314968,0.004914819
1, 63in50,0.02,0.386453125,0.4717,0,Story Drift Ratio,3,3,0.00644091,0.006670344,0.005347939,0.005816178,0.009350868,0.010511074,0.006448626,0.005638145,0.008775595,0.005313642,0.008042004
1, 63in50,0.02,0.386453125,0.4717,0,Story Drift Ratio,4,1,0.003302135,0.003485508,0.002633621,0.003156556,0.004688093,0.005533563,0.003761512,0.002539498,0.003904331,0.002733147,0.004029474
1, 63in50,0.02,0.386453125,0.4717,0,Story Drift Ratio,4,2,0.001785382,0.001654272,0.001755637,0.001817396,0.001777115,0.002541342,0.001177976,0.001998259,0.002729151,0.001679184,0.002277244
1, 63in50,0.02,0.386453125,0.4717,0,Story Drift Ratio,4,3,0.003753889,0.003858157,0.003165158,0.003642358,0.005013616,0.006089232,0.00394165,0.003231422,0.004763619,0.003207764,0.004628445
1, 63in50,0.02,0.386453125,0.4717,0,Building Residual Drift,1,1,1.33E-05,4.01E-04,4.10E-05,1.76E-04,0.00071986,1.30E-03,7.93E-05,9.59E-06,6.49E-04,7.16E-05,8.41E-05
1, 63in50,0.02,0.386453125,0.4717,0,Building Residual Drift,1,2,3.06E-05,1.13E-04,4.45E-05,4.84E-05,0.000457203,1.21E-03,4.42E-05,5.40E-05,1.00E-03,4.48E-05,7.86E-05
1, 63in50,0.02,0.386453125,0.4717,0,Building Residual Drift,1,3,3.34E-05,4.17E-04,6.05E-05,1.82E-04,0.000852779,1.78E-03,9.08E-05,5.49E-05,1.19E-03,8.45E-05,1.15E-04
1, 63in50,0.02,0.386453125,0.4717,0,Building Residual Drift,2,1,1.17E-05,5.35E-04,5.45E-05,2.13E-04,0.000561512,1.03E-03,3.39E-05,1.26E-05,2.08E-04,8.75E-05,1.24E-04
1, 63in50,0.02,0.386453125,0.4717,0,Building Residual Drift,2,2,7.78E-05,1.57E-04,8.76E-05,7.52E-05,0.000108217,3.62E-04,8.45E-05,9.99E-05,3.97E-04,8.95E-05,1.50E-04
1, 63in50,0.02,0.386453125,0.4717,0,Building Residual Drift,2,3,7.87E-05,5.57E-04,1.03E-04,2.26E-04,0.000571845,0.001094316,9.11E-05,1.01E-04,4.48E-04,1.25E-04,1.95E-04
1, 63in50,0.02,0.386453125,0.4717,0,Building Residual Drift,3,1,2.60E-05,3.12E-04,2.04E-05,7.92E-05,3.25E-04,6.56E-04,2.47E-05,2.27E-05,6.36E-05,5.65E-05,4.76E-05
1, 63in50,0.02,0.386453125,0.4717,0,Building Residual Drift,3,2,7.89E-05,1.23E-04,7.59E-05,7.57E-05,9.44E-05,1.46E-04,7.07E-05,7.73E-05,2.07E-04,7.50E-05,1.14E-04
1, 63in50,0.02,0.386453125,0.4717,0,Building Residual Drift,3,3,8.31E-05,3.35E-04,7.86E-05,1.10E-04,0.000338447,6.72E-04,7.49E-05,8.06E-05,2.17E-04,9.39E-05,1.24E-04
1, 63in50,0.02,0.386453125,0.4717,0,Building Residual Drift,4,1,1.49E-05,1.55E-04,1.12E-05,3.67E-05,1.07E-04,2.80E-04,1.88E-05,1.90E-05,3.22E-05,3.56E-05,1.62E-05
1, 63in50,0.02,0.386453125,0.4717,0,Building Residual Drift,4,2,6.00E-05,8.06E-05,5.81E-05,5.92E-05,6.77E-05,6.80E-05,5.68E-05,5.78E-05,1.13E-04,5.72E-05,6.14E-05
1, 63in50,0.02,0.386453125,0.4717,0,Building Residual Drift,4,3,6.19E-05,1.75E-04,5.92E-05,6.96E-05,0.000126629,2.88E-04,5.98E-05,6.08E-05,1.17E-04,6.74E-05,6.35E-05
1, 63in50,0.02,0.386453125,0.4717,0,Acceleration,0,1,0.172029358,0.225638031,0.228293664,0.175921414,0.254208937,0.236172292,0.202915987,0.210514832,0.199835624,0.166592309,0.179161063
1, 63in50,0.02,0.386453125,0.4717,0,Acceleration,0,2,0.243416717,0.176323955,0.179423591,0.155585937,0.163448185,0.264257612,0.125266385,0.186228655,0.321285951,0.182357962,0.134975465
1, 63in50,0.02,0.386453125,0.4717,0,Acceleration,0,3,0.249858271,0.22650404,0.237976554,0.206958668,0.267839506,0.325374553,0.209837952,0.255520236,0.327765965,0.200022501,0.19053444
1, 63in50,0.02,0.386453125,0.4717,0,Acceleration,1,1,0.271446947,0.318494047,0.282507849,0.310037119,0.467363434,0.495089407,0.298686883,0.212500608,0.40084408,0.246074926,0.293354175
1, 63in50,0.02,0.386453125,0.4717,0,Acceleration,1,2,0.323139965,0.28191382,0.336199276,0.30873603,0.329592165,0.416658079,0.184778081,0.29394746,0.442373807,0.320670923,0.321920275
1, 63in50,0.02,0.386453125,0.4717,0,Acceleration,1,3,0.380115743,0.326587571,0.354727758,0.329019083,0.468583362,0.581693661,0.309278091,0.304002036,0.533307863,0.372591461,0.342696136
1, 63in50,0.02,0.386453125,0.4717,0,Acceleration,2,1,0.401954804,0.432745275,0.36666405,0.446345137,0.626615959,0.709403945,0.415603005,0.292227246,0.509444046,0.314732599,0.470986935
1, 63in50,0.02,0.386453125,0.4717,0,Acceleration,2,2,0.438159195,0.377999697,0.409831148,0.399030531,0.459886806,0.616119737,0.262067305,0.395195753,0.570653144,0.39704451,0.499275257
1, 63in50,0.02,0.386453125,0.4717,0,Acceleration,2,3,0.438319047,0.496156553,0.448306942,0.451105802,0.632141762,0.745424189,0.458320504,0.410028546,0.718181088,0.442643553,0.503329693
1, 63in50,0.02,0.386453125,0.4717,0,Acceleration,3,1,0.510232158,0.543100486,0.383057214,0.442873997,0.69116772,0.640565971,0.556537019,0.383207636,0.597802336,0.400381928,0.604500999
1, 63in50,0.02,0.386453125,0.4717,0,Acceleration,3,2,0.549273592,0.453804238,0.539987641,0.468912301,0.545629005,0.785824854,0.336727831,0.539731145,0.765799085,0.451039502,0.629328539
1, 63in50,0.02,0.386453125,0.4717,0,Acceleration,3,3,0.551243078,0.65716853,0.596901894,0.543990429,0.766747629,0.909401461,0.557055535,0.558401436,0.894601444,0.543153803,0.651257291
1, 63in50,0.02,0.386453125,0.4717,0,Acceleration,4,1,0.673605069,0.660878645,0.577463652,0.68156509,0.8932267,1.138441907,0.74091349,0.448644618,0.818853238,0.571634251,0.839160065
1, 63in50,0.02,0.386453125,0.4717,0,Acceleration,4,2,0.714413984,0.617870935,0.915760227,0.7978577,0.863698742,1.06999282,0.403447548,0.778801943,1.102200409,0.733643533,0.828567471
1, 63in50,0.02,0.386453125,0.4717,0,Acceleration,4,3,0.747714397,0.802205538,0.948151749,0.872150282,1.025978206,1.294732723,0.757206991,0.841236323,1.352099428,0.929081161,0.859877605
1, 63in50,0.02,0.386453125,0.4717,0,Peak Floor Velocity,0,1,11.10994474,24.6171524,13.35006257,6.000992986,13.40982145,12.22070841,16.22069203,19.15248407,9.65590442,9.955197083,6.159681631
1, 63in50,0.02,0.386453125,0.4717,0,Peak Floor Velocity,0,2,13.64879237,6.999693049,8.679280161,20.68197221,9.836238326,11.35936767,16.53752318,14.73022726,10.31323137,8.827746561,5.538113183
1, 63in50,0.02,0.386453125,0.4717,0,Peak Floor Velocity,0,3,17.59887512,25.06733244,13.46774455,21.06794596,13.62236368,15.43274599,21.97211118,20.8986102,13.04647812,12.06925507,6.349210256
1, 63in50,0.02,0.386453125,0.4717,0,Peak Floor Velocity,1,1,12.88835889,30.15384326,17.04752138,11.99665916,20.51550318,19.61373739,21.87791113,21.34556995,19.81886088,14.96657764,14.1849979
1, 63in50,0.02,0.386453125,0.4717,0,Peak Floor Velocity,1,2,14.71482932,12.02194045,14.08044993,21.82826176,13.53252897,20.28752752,18.46686392,18.50210585,18.26845312,11.51585587,14.83252102
1, 63in50,0.02,0.386453125,0.4717,0,Peak Floor Velocity,1,3,16.75233006,30.30766939,18.19845734,23.20181581,22.9237585,26.33070195,25.54835831,22.89243174,26.28813055,18.8002949,15.12609943
1, 63in50,0.02,0.386453125,0.4717,0,Peak Floor Velocity,2,1,19.37334398,36.89008881,18.25358053,17.05457789,29.54136085,28.59574539,29.0454291,24.32363126,26.15246853,18.80911186,23.050615
1, 63in50,0.02,0.386453125,0.4717,0,Peak Floor Velocity,2,2,19.04592693,15.54818777,19.10389914,25.83992638,17.93695646,29.64386515,20.77983437,23.72749967,26.49616754,15.85570161,21.25040052
1, 63in50,0.02,0.386453125,0.4717,0,Peak Floor Velocity,2,3,20.7298087,36.90320786,21.30229291,27.46694224,33.54673339,36.48167768,31.58721776,26.4523304,37.18620439,23.85705087,24.05172815
1, 63in50,0.02,0.386453125,0.4717,0,Peak Floor Velocity,3,1,25.57443605,41.99341432,19.01352755,22.65712126,38.62137196,36.85188972,34.75122455,27.16568005,32.04107561,20.44634023,29.6236011
1, 63in50,0.02,0.386453125,0.4717,0,Peak Floor Velocity,3,2,23.16331227,19.01713478,21.45475988,29.12316893,22.8714549,35.56124288,23.01897395,26.53918007,33.09688004,19.0385867,26.13049407
1, 63in50,0.02,0.386453125,0.4717,0,Peak Floor Velocity,3,3,26.26498868,42.27509416,24.85537699,31.16787981,41.84779026,43.34172768,38.05988582,29.90422676,44.97890541,27.30404047,30.88061517
1, 63in50,0.02,0.386453125,0.4717,0,Peak Floor Velocity,4,1,30.20977909,45.70115832,23.61505676,27.49063058,47.23314646,42.09985442,38.76221715,29.37970561,35.9308418,22.69292306,33.42603578
1, 63in50,0.02,0.386453125,0.4717,0,Peak Floor Velocity,4,2,26.3222125,21.89887862,24.68279473,31.68806261,26.65865307,39.68064019,25.11206313,29.91794993,39.11654289,23.11149264,28.80537596
1, 63in50,0.02,0.386453125,0.4717,0,Peak Floor Velocity,4,3,30.62880796,46.5317117,30.44861256,34.0823191,48.01579567,48.8998095,42.64799467,33.58012266,51.96960516,31.2326759,34.54584868
2,30in50,0.005625,0.526740975,0.4717,0,Story Drift Ratio,1,1,0.008103597,0.010365651,0.007903414,0.008922402,0.015263095,0.014983769,0.009659875,0.006985375,0.011111252,0.007488522,0.009653553
2,30in50,0.005625,0.526740975,0.4717,0,Story Drift Ratio,1,2,0.006039408,0.005692721,0.006362858,0.006915359,0.008794595,0.012174125,0.004031711,0.006445017,0.010599677,0.0067631,0.007641428
2,30in50,0.005625,0.526740975,0.4717,0,Story Drift Ratio,1,3,0.010106569,0.01182598,0.010146424,0.011288554,0.017615533,0.019306026,0.010467468,0.009504405,0.015356206,0.010090465,0.012311885
2,30in50,0.005625,0.526740975,0.4717,0,Story Drift Ratio,2,1,0.009578523,0.012162439,0.008970532,0.009926127,0.015253055,0.016029948,0.011524727,0.008001355,0.012280021,0.008678987,0.011621493
2,30in50,0.005625,0.526740975,0.4717,0,Story Drift Ratio,2,2,0.006303899,0.006158204,0.00690915,0.007309007,0.007384025,0.01055706,0.004308523,0.006943559,0.009599885,0.007095676,0.008320735
2,30in50,0.005625,0.526740975,0.4717,0,Story Drift Ratio,2,3,0.011466789,0.013632622,0.011322844,0.012326784,0.016946372,0.019194029,0.012303767,0.010594088,0.015587068,0.011210416,0.014293136
2,30in50,0.005625,0.526740975,0.4717,0,Story Drift Ratio,3,1,0.006729277,0.007479562,0.005616665,0.006431385,0.009283877,0.012834329,0.00760333,0.005316364,0.008422133,0.005877094,0.007462917
2,30in50,0.005625,0.526740975,0.4717,0,Story Drift Ratio,3,2,0.00442438,0.004380587,0.005059727,0.004687475,0.005047032,0.006912093,0.002904652,0.005041209,0.006245551,0.004738242,0.005318914
2,30in50,0.005625,0.526740975,0.4717,0,Story Drift Ratio,3,3,0.008053466,0.008667952,0.007559614,0.007958337,0.010567067,0.014577278,0.008139265,0.007326494,0.010485191,0.00754925,0.009164386
2,30in50,0.005625,0.526740975,0.4717,0,Story Drift Ratio,4,1,0.00430252,0.004362915,0.003773725,0.0044126,0.005999214,0.008791199,0.00467113,0.003126594,0.005128483,0.003678249,0.004388262
2,30in50,0.005625,0.526740975,0.4717,0,Story Drift Ratio,4,2,0.002233469,0.002175949,0.002415733,0.00227245,0.002354515,0.002992391,0.001425936,0.002508309,0.002953154,0.002303736,0.002374987
2,30in50,0.005625,0.526740975,0.4717,0,Story Drift Ratio,4,3,0.004847686,0.004875426,0.004480711,0.004963373,0.006444712,0.009286527,0.004883928,0.004008392,0.005917978,0.004340128,0.00498973
2,30in50,0.005625,0.526740975,0.4717,0,Building Residual Drift,1,1,1.69E-04,4.94E-04,1.84E-04,3.23E-04,1.55E-03,2.57E-03,2.76E-04,1.46E-05,4.86E-04,1.51E-04,5.98E-05
2,30in50,0.005625,0.526740975,0.4717,0,Building Residual Drift,1,2,3.45E-05,1.50E-04,5.70E-05,1.58E-04,0.000983711,2.53E-03,6.75E-05,2.56E-05,1.47E-03,9.09E-05,1.59E-04
2,30in50,0.005625,0.526740975,0.4717,0,Building Residual Drift,1,3,1.72E-04,0.000516216,0.000193059,0.00035946,0.001837876,3.61E-03,0.000284482,2.95E-05,1.55E-03,1.76E-04,0.000169771
2,30in50,0.005625,0.526740975,0.4717,0,Building Residual Drift,2,1,1.83E-04,7.75E-04,3.11E-04,4.88E-04,9.42E-04,2.30E-03,2.31E-04,2.45E-05,1.93E-04,1.88E-04,0.000132482
2,30in50,0.005625,0.526740975,0.4717,0,Building Residual Drift,2,2,2.12E-05,1.23E-04,1.07E-04,1.75E-04,1.38E-04,0.000777939,9.75356E-05,8.44E-05,0.000603267,9.00E-05,1.79E-04
2,30in50,0.005625,0.526740975,0.4717,0,Building Residual Drift,2,3,1.84E-04,0.000784966,3.29E-04,0.000518466,0.000952275,0.002426398,0.000250905,8.78625E-05,0.000633452,2.08E-04,0.000222649
2,30in50,0.005625,0.526740975,0.4717,0,Building Residual Drift,3,1,1.53E-05,5.37E-04,1.73E-04,2.88E-04,4.97E-04,1.74E-03,3.09E-05,3.74E-05,1.13E-04,1.48E-04,4.96E-05
2,30in50,0.005625,0.526740975,0.4717,0,Building Residual Drift,3,2,5.37E-05,6.80E-05,6.02E-05,9.64E-05,0.000134722,3.15E-04,6.00E-05,9.11E-05,2.85E-04,7.32E-05,1.26E-04
2,30in50,0.005625,0.526740975,0.4717,0,Building Residual Drift,3,3,5.58E-05,5.42E-04,1.83E-04,3.03E-04,0.000515069,1.76E-03,6.74E-05,9.85E-05,3.07E-04,1.65E-04,0.000135163
2,30in50,0.005625,0.526740975,0.4717,0,Building Residual Drift,4,1,1.45E-05,2.33E-04,5.77E-05,1.06E-04,2.69E-04,1.07E-03,2.29E-05,2.57E-05,8.53E-05,7.02E-05,1.54E-05
2,30in50,0.005625,0.526740975,0.4717,0,Building Residual Drift,4,2,4.91E-05,4.55E-05,5.07E-05,5.06E-05,8.54E-05,1.23E-04,4.75E-05,5.33E-05,1.57E-04,5.34E-05,6.69E-05
2,30in50,0.005625,0.526740975,0.4717,0,Building Residual Drift,4,3,5.12E-05,2.37E-04,7.68E-05,1.17E-04,0.000282356,1.08E-03,5.27E-05,5.91E-05,1.79E-04,8.82E-05,6.86E-05
2,30in50,0.005625,0.526740975,0.4717,0,Acceleration,0,1,0.242961048,0.309693364,0.318446582,0.251332433,0.333849638,0.337162465,0.273214009,0.290918277,0.266252381,0.234638174,0.246870676
2,30in50,0.005625,0.526740975,0.4717,0,Acceleration,0,2,0.339453519,0.251130202,0.269561392,0.20970467,0.224865005,0.378508135,0.177193903,0.265800357,0.413377764,0.256487208,0.188620727
2,30in50,0.005625,0.526740975,0.4717,0,Acceleration,0,3,0.347033078,0.311670476,0.331331512,0.289349968,0.338298763,0.460354914,0.281303358,0.353304681,0.418736745,0.282459978,0.261399361
2,30in50,0.005625,0.526740975,0.4717,0,Acceleration,1,1,0.351965336,0.45730776,0.376556603,0.438294085,0.642098795,0.80566896,0.432763764,0.282849631,0.513374152,0.34605367,0.375918657
2,30in50,0.005625,0.526740975,0.4717,0,Acceleration,1,2,0.408633137,0.348571067,0.463954523,0.3833173,0.449510567,0.559016288,0.271729428,0.389000646,0.508022655,0.461067398,0.415850488
2,30in50,0.005625,0.526740975,0.4717,0,Acceleration,1,3,0.497809557,0.460854594,0.486970925,0.483161073,0.645987653,0.857723537,0.44840424,0.390701729,0.633698165,0.50169026,0.422096548
2,30in50,0.005625,0.526740975,0.4717,0,Acceleration,2,1,0.530385874,0.597164889,0.514127306,0.600638521,0.794873228,0.910534674,0.540472578,0.399337911,0.652439962,0.448033277,0.545290662
2,30in50,0.005625,0.526740975,0.4717,0,Acceleration,2,2,0.513593684,0.442880587,0.547731834,0.524516809,0.53578295,0.69768667,0.342765833,0.580222016,0.621248166,0.546277338,0.554108052
2,30in50,0.005625,0.526740975,0.4717,0,Acceleration,2,3,0.56996014,0.622680073,0.642293119,0.637455063,0.810643271,0.950021132,0.553722886,0.598302148,0.821529869,0.627148196,0.592536742
2,30in50,0.005625,0.526740975,0.4717,0,Acceleration,3,1,0.649712817,0.657823721,0.547500784,0.567971703,0.711087167,0.812637833,0.686512093,0.501884045,0.696190636,0.522180915,0.66312461
2,30in50,0.005625,0.526740975,0.4717,0,Acceleration,3,2,0.621719912,0.585663452,0.6947651,0.594426383,0.693838166,0.93822681,0.410664201,0.666065273,0.841081428,0.647057045,0.657504867
2,30in50,0.005625,0.526740975,0.4717,0,Acceleration,3,3,0.663343159,0.771503269,0.778700013,0.797364615,0.91989451,1.015810774,0.68883453,0.707636762,0.970206257,0.748967754,0.754254646
2,30in50,0.005625,0.526740975,0.4717,0,Acceleration,4,1,0.883312765,0.879160174,0.836235716,1.001173173,1.24899262,1.511132462,0.936809298,0.5722735,1.068184392,0.819831929,0.961501384
2,30in50,0.005625,0.526740975,0.4717,0,Acceleration,4,2,0.858519238,0.869126726,1.164559806,1.022546369,1.137087615,1.42072698,0.569520886,1.019296281,1.133807853,1.037455638,0.897845817
2,30in50,0.005625,0.526740975,0.4717,0,Acceleration,4,3,1.009048918,1.085821235,1.223425338,1.192642155,1.454381347,1.686305033,0.974164024,1.134560149,1.450043981,1.308671945,1.067433904
2,30in50,0.005625,0.526740975,0.4717,0,Peak Floor Velocity,0,1,15.33566637,34.01182339,18.52426101,9.153432633,17.28601944,18.05075115,22.01156233,26.79498823,13.52936762,13.82576852,8.332165793
2,30in50,0.005625,0.526740975,0.4717,0,Peak Floor Velocity,0,2,18.75056858,10.13738351,12.72902481,27.47645249,13.4731258,16.21192696,22.60865636,20.36057135,12.79339967,13.16346047,7.430792918
2,30in50,0.005625,0.526740975,0.4717,0,Peak Floor Velocity,0,3,24.2232633,34.71257399,18.68742603,27.98012533,17.62578911,22.14929033,30.52234162,29.46941661,16.46935138,17.16519742,9.031611656
2,30in50,0.005625,0.526740975,0.4717,0,Peak Floor Velocity,1,1,17.94471481,39.63985786,23.79819827,17.4617327,24.07608936,24.67937663,29.27073525,29.16448638,23.96483159,20.93695638,17.22829696
2,30in50,0.005625,0.526740975,0.4717,0,Peak Floor Velocity,1,2,23.0265415,14.35280886,19.1276363,26.52785628,18.30936729,26.51264245,25.41728847,24.12786572,20.46902095,18.70949543,17.39168515
2,30in50,0.005625,0.526740975,0.4717,0,Peak Floor Velocity,1,3,25.84455906,40.32740556,25.15184127,28.95604903,26.80472619,33.75179346,35.61103241,30.30230721,30.49770662,26.50026135,18.1953042
2,30in50,0.005625,0.526740975,0.4717,0,Peak Floor Velocity,2,1,24.49415798,48.25640013,25.7299744,23.98354901,33.36953655,32.72747826,35.32653668,33.12068884,30.18703589,26.58363511,27.42425728
2,30in50,0.005625,0.526740975,0.4717,0,Peak Floor Velocity,2,2,28.04194941,20.3086097,25.68294421,30.1164007,23.90025537,34.56143704,28.5380575,31.25528511,28.86972676,26.01025665,25.08024214
2,30in50,0.005625,0.526740975,0.4717,0,Peak Floor Velocity,2,3,30.7011629,48.34362889,29.63742164,33.21796803,38.19464519,42.0222899,39.72801476,37.06100743,41.68914934,34.07882531,28.40427728
2,30in50,0.005625,0.526740975,0.4717,0,Peak Floor Velocity,3,1,32.38074763,55.26243255,27.01369902,30.17563568,40.3355144,44.65665911,42.50788419,36.62938871,37.84909222,29.85786174,35.10768014
2,30in50,0.005625,0.526740975,0.4717,0,Peak Floor Velocity,3,2,32.60769031,24.82345977,29.71245153,34.12488831,26.51564211,39.08881114,30.6843897,36.73789134,37.19944992,29.85290996,30.82692038
2,30in50,0.005625,0.526740975,0.4717,0,Peak Floor Velocity,3,3,35.82564974,55.29698449,34.8534562,37.14388707,46.58962843,51.7542109,47.30177783,41.81369549,50.75792452,38.84066351,36.47918832
2,30in50,0.005625,0.526740975,0.4717,0,Peak Floor Velocity,4,1,38.50523714,60.93485992,32.71877588,36.86831725,54.27245427,55.08272731,48.43208087,39.31110074,43.04787382,33.39863488,40.07842947
2,30in50,0.005625,0.526740975,0.4717,0,Peak Floor Velocity,4,2,36.83879577,27.04702493,35.13483218,36.54065508,33.0542077,46.96532476,33.35818974,41.06114922,44.96559168,32.77079987,35.07704401
2,30in50,0.005625,0.526740975,0.4717,0,Peak Floor Velocity,4,3,40.44304563,61.26514112,42.63680294,40.55885654,56.77330448,62.31829768,54.03552139,45.75886307,58.04336586,43.93911173,41.38021253
3, 10in50,0.0021,0.788054517,0.4717,0,Story Drift Ratio,1,1,0.01014831,0.015681915,0.014433491,0.011967729,0.020346567,0.023288244,0.012344447,0.010823254,0.021686602,0.010676321,0.012699349
3, 10in50,0.0021,0.788054517,0.4717,0,Story Drift Ratio,1,2,0.009672205,0.008169628,0.010546306,0.010356429,0.015312321,0.017233301,0.008747884,0.008720221,0.018571192,0.013397429,0.009530005
3, 10in50,0.0021,0.788054517,0.4717,0,Story Drift Ratio,1,3,0.014019263,0.017682344,0.017875968,0.015826628,0.02546468,0.028971175,0.0151298,0.013899104,0.028551671,0.01713111,0.015877483
3, 10in50,0.0021,0.788054517,0.4717,0,Story Drift Ratio,2,1,0.011610575,0.016874423,0.012458266,0.010916215,0.015350486,0.022421153,0.01406676,0.011673045,0.016373215,0.012399553,0.012844364
3, 10in50,0.0021,0.788054517,0.4717,0,Story Drift Ratio,2,2,0.010160524,0.008118948,0.009004111,0.010433692,0.009737288,0.010717094,0.009645886,0.00964107,0.011738351,0.011765881,0.010180613
3, 10in50,0.0021,0.788054517,0.4717,0,Story Drift Ratio,2,3,0.0154286,0.018726011,0.01537148,0.015100519,0.018178344,0.024850839,0.017056285,0.01513969,0.020146242,0.017093416,0.016389709
3, 10in50,0.0021,0.788054517,0.4717,0,Story Drift Ratio,3,1,0.008167655,0.011067262,0.008142115,0.00677669,0.009937274,0.016972328,0.008453219,0.007456237,0.011439545,0.008253411,0.008386493
3, 10in50,0.0021,0.788054517,0.4717,0,Story Drift Ratio,3,2,0.006176742,0.005050876,0.006395882,0.006537038,0.006028099,0.007954966,0.006144053,0.006789821,0.006758541,0.00667009,0.006193177
3, 10in50,0.0021,0.788054517,0.4717,0,Story Drift Ratio,3,3,0.010240251,0.012165346,0.010353808,0.009415753,0.011622711,0.018744103,0.010450182,0.0100845,0.013286876,0.010611734,0.010425387
3, 10in50,0.0021,0.788054517,0.4717,0,Story Drift Ratio,4,1,0.005211404,0.006452661,0.005313926,0.005073134,0.006857948,0.012117275,0.005429903,0.004544139,0.006956761,0.004946693,0.005030586
3, 10in50,0.0021,0.788054517,0.4717,0,Story Drift Ratio,4,2,0.002808627,0.002504597,0.003098927,0.003094232,0.00301949,0.003955056,0.002684793,0.003402994,0.003345481,0.003049941,0.002682988
3, 10in50,0.0021,0.788054517,0.4717,0,Story Drift Ratio,4,3,0.005920061,0.006921693,0.006151517,0.005942303,0.007493249,0.012746404,0.006057389,0.005677109,0.007719376,0.00581136,0.005701335
3, 10in50,0.0021,0.788054517,0.4717,0,Building Residual Drift,1,1,6.59E-04,0.002642067,0.002229198,1.04E-03,0.001242795,1.29E-03,7.53E-05,0.000538889,1.63E-03,0.001278945,6.28E-04
3, 10in50,0.0021,0.788054517,0.4717,0,Building Residual Drift,1,2,9.8237E-05,0.000285618,0.001236386,1.02E-03,0.000388459,0.002665839,0.000321157,0.00062485,0.001158859,2.63E-04,0.000528945
3, 10in50,0.0021,0.788054517,0.4717,0,Building Residual Drift,1,3,0.000666422,0.00265746,0.002549113,1.46E-03,0.001302091,0.002961345,0.000329873,0.00082513,0.002003264,0.001305682,0.000821269
3, 10in50,0.0021,0.788054517,0.4717,0,Building Residual Drift,2,1,8.14E-04,0.002337356,0.001623861,7.91E-04,9.09E-04,0.001273614,3.59E-04,0.000395687,1.50E-04,0.000988132,0.000457957
3, 10in50,0.0021,0.788054517,0.4717,0,Building Residual Drift,2,2,0.000140523,0.000100886,3.19E-04,4.59E-04,0.000363184,0.000929112,0.000409047,0.000378771,0.000411867,4.39E-04,0.000271815
3, 10in50,0.0021,0.788054517,0.4717,0,Building Residual Drift,2,3,0.00082607,0.002339533,0.001654971,9.15E-04,0.000978792,0.001576497,0.000544071,0.000547755,0.000438253,0.001081396,0.000532549
3, 10in50,0.0021,0.788054517,0.4717,0,Building Residual Drift,3,1,3.18E-04,0.001556224,0.000741189,3.56E-04,5.67E-04,0.001155795,1.27E-04,2.41E-04,5.53E-04,5.60E-04,1.82E-04
3, 10in50,0.0021,0.788054517,0.4717,0,Building Residual Drift,3,2,6.31159E-05,5.36E-05,1.01E-04,0.000233084,0.000248572,0.000244359,0.000235977,1.94E-04,0.00036537,2.40E-04,2.59E-04
3, 10in50,0.0021,0.788054517,0.4717,0,Building Residual Drift,3,3,0.000323771,0.001557147,0.000748035,0.000425312,0.000619168,0.001181344,0.000267956,0.000309295,0.000663015,6.09E-04,3.16E-04
3, 10in50,0.0021,0.788054517,0.4717,0,Building Residual Drift,4,1,6.63E-05,8.36E-04,2.40E-04,1.30E-04,3.61E-04,8.50E-04,5.63E-05,9.08E-05,4.85E-04,2.12E-04,7.11E-05
3, 10in50,0.0021,0.788054517,0.4717,0,Building Residual Drift,4,2,4.07E-05,6.34E-05,4.02E-05,1.23E-04,1.81E-04,3.58E-04,8.17E-05,9.51E-05,2.68E-04,1.55E-04,1.92E-04
3, 10in50,0.0021,0.788054517,0.4717,0,Building Residual Drift,4,3,7.77637E-05,8.39E-04,0.000243564,0.000178944,0.000403447,0.00092261,9.92276E-05,0.00013151,5.54E-04,2.63E-04,0.000205049
3, 10in50,0.0021,0.788054517,0.4717,0,Acceleration,0,1,0.315548666,0.409829045,0.470044683,0.363429533,0.493839149,0.518606684,0.362724607,0.385996326,0.414691569,0.323256027,0.349782901
3, 10in50,0.0021,0.788054517,0.4717,0,Acceleration,0,2,0.47916355,0.344716275,0.409778105,0.323062133,0.377227917,0.586624564,0.267476627,0.392947139,0.622178582,0.35576152,0.280138938
3, 10in50,0.0021,0.788054517,0.4717,0,Acceleration,0,3,0.489714131,0.414480407,0.488275446,0.428282639,0.502690772,0.749269018,0.379549737,0.514367468,0.633707005,0.401487924,0.371338119
3, 10in50,0.0021,0.788054517,0.4717,0,Acceleration,1,1,0.479202557,0.600367219,0.598142842,0.576170869,0.830495613,0.968855212,0.515945036,0.440828783,0.741756801,0.517621099,0.568687904
3, 10in50,0.0021,0.788054517,0.4717,0,Acceleration,1,2,0.551148991,0.422061231,0.629203123,0.473953363,0.53886468,0.776222455,0.443189966,0.505423069,0.713746986,0.661409053,0.495525493
3, 10in50,0.0021,0.788054517,0.4717,0,Acceleration,1,3,0.613237567,0.630880787,0.756217935,0.654507478,0.896229028,1.024304749,0.519294311,0.574015893,0.772130816,0.707593606,0.574971376
3, 10in50,0.0021,0.788054517,0.4717,0,Acceleration,2,1,0.611412829,0.652517747,0.730311488,0.725448663,0.835915249,1.103987631,0.743254287,0.607905026,0.729276074,0.551522319,0.669807864
3, 10in50,0.0021,0.788054517,0.4717,0,Acceleration,2,2,0.727572943,0.576899533,0.714672256,0.695825838,0.697604888,0.81135421,0.596760431,0.7139393,0.720744875,0.749336361,0.689739116
3, 10in50,0.0021,0.788054517,0.4717,0,Acceleration,2,3,0.763724325,0.717339531,0.803004691,0.827649559,0.897245401,1.132321027,0.749636692,0.745914302,0.889096975,0.812521018,0.703504393
3, 10in50,0.0021,0.788054517,0.4717,0,Acceleration,3,1,0.720862514,0.789964144,0.729597453,0.584214932,0.830149614,1.01590927,0.70002237,0.621046817,0.773259612,0.708907885,0.782316607
3, 10in50,0.0021,0.788054517,0.4717,0,Acceleration,3,2,0.798943265,0.738031321,0.832650488,0.785665811,0.777439045,0.987791748,0.749205231,0.865992283,0.916843233,0.808833031,0.741457526
3, 10in50,0.0021,0.788054517,0.4717,0,Acceleration,3,3,0.803148147,0.909479637,1.059521468,0.960045657,1.009999007,1.127424271,0.880780256,0.965137588,1.083558646,0.956050037,0.87762923
3, 10in50,0.0021,0.788054517,0.4717,0,Acceleration,4,1,1.161424611,1.141143155,1.157739099,1.245672064,1.60691887,2.123746571,1.111101764,0.864637463,1.34304658,1.125096795,1.14400944
3, 10in50,0.0021,0.788054517,0.4717,0,Acceleration,4,2,1.06390485,1.021975042,1.400077708,1.358854877,1.378544609,1.702701256,0.929382805,1.230034083,1.266262315,1.241950328,1.071208551
3, 10in50,0.0021,0.788054517,0.4717,0,Acceleration,4,3,1.334961159,1.497048474,1.64290654,1.59001888,1.707737988,2.456453966,1.175196708,1.454669337,1.481089878,1.585802696,1.265559711
3, 10in50,0.0021,0.788054517,0.4717,0,Peak Floor Velocity,0,1,20.73034316,45.86660996,24.9135733,12.91451168,23.13090652,30.45914231,30.06016337,37.57349526,21.03364529,19.90216613,11.84970516
3, 10in50,0.0021,0.788054517,0.4717,0,Peak Floor Velocity,0,2,25.60468709,13.98040119,19.28170451,36.10756409,21.94922849,26.42270365,30.69007379,27.70314315,19.91115486,20.17650525,11.167328
3, 10in50,0.0021,0.788054517,0.4717,0,Peak Floor Velocity,0,3,32.94460697,47.28415775,24.94591244,36.64849647,28.0123727,37.11853014,42.3690084,42.04524462,25.74941822,22.81131894,13.82452862
3, 10in50,0.0021,0.788054517,0.4717,0,Peak Floor Velocity,1,1,25.26402387,50.10892987,32.16955601,22.168073,29.26256139,34.75534215,40.78792006,41.94103891,31.60811988,27.41763449,21.19724587
3, 10in50,0.0021,0.788054517,0.4717,0,Peak Floor Velocity,1,2,32.53438043,19.5426146,24.1139534,37.03578212,29.12645789,31.18685138,31.4398537,31.66706323,26.65035391,27.04271178,21.36356001
3, 10in50,0.0021,0.788054517,0.4717,0,Peak Floor Velocity,1,3,36.08877843,52.03999261,33.95811685,39.03678247,39.2985479,44.51751317,49.75364498,42.56801286,37.39337248,34.4640815,24.35220562
3, 10in50,0.0021,0.788054517,0.4717,0,Peak Floor Velocity,2,1,30.20552299,60.84549588,35.88025384,28.34264156,37.70206627,37.14761092,47.56828369,46.94096922,38.7839828,34.08431852,29.51500642
3, 10in50,0.0021,0.788054517,0.4717,0,Peak Floor Velocity,2,2,39.2444654,23.75255249,30.47624714,38.33974923,37.56383987,36.21096016,35.41662574,41.4586164,35.00736073,36.46451257,31.11630357
3, 10in50,0.0021,0.788054517,0.4717,0,Peak Floor Velocity,2,3,42.15288617,61.67061147,40.27972418,40.57422316,48.05779391,46.52739058,54.16550371,49.27418762,48.28039949,44.04526966,33.6080862
3, 10in50,0.0021,0.788054517,0.4717,0,Peak Floor Velocity,3,1,38.38030108,69.87110684,40.06301978,33.51443299,45.35316872,50.99222159,51.84175845,52.15819676,48.30233068,40.18144213,39.55194431
3, 10in50,0.0021,0.788054517,0.4717,0,Peak Floor Velocity,3,2,41.98564655,29.15654276,34.65521422,42.7875469,42.29903458,42.5359324,41.58609469,49.01405154,44.83028417,42.51053795,37.79338805
3, 10in50,0.0021,0.788054517,0.4717,0,Peak Floor Velocity,3,3,44.44560134,70.18025223,46.45720069,44.57866327,54.08984891,55.44536706,56.66688636,55.72923873,59.81673009,50.90218785,40.71363424
3, 10in50,0.0021,0.788054517,0.4717,0,Peak Floor Velocity,4,1,46.43558407,76.36952732,46.86834963,43.06211462,59.90112499,70.9462124,60.3010653,56.08862477,58.50385178,45.43500961,48.85965092
3, 10in50,0.0021,0.788054517,0.4717,0,Peak Floor Velocity,4,2,46.32059363,33.4538138,44.76758377,46.77681723,47.72702545,51.72056214,45.26772553,53.15193591,53.45007349,49.6231083,41.81835075
3, 10in50,0.0021,0.788054517,0.4717,0,Peak Floor Velocity,4,3,51.03038447,76.55860455,55.11662513,50.87390259,66.75007208,73.51928236,63.78550268,59.20259273,70.38357509,57.12767875,50.15517333
4, 5in50,0.001025,1.010796237,0.4717,0,Story Drift Ratio,1,1,0.010501269,0.034504451,0.018622266,0.014755846,0.020522697,0.023340778,0.015914973,0.018260356,0.031013373,0.014146715,0.014651978
4, 5in50,0.001025,1.010796237,0.4717,0,Story Drift Ratio,1,2,0.01538531,0.009761577,0.014071709,0.01105443,0.01690443,0.019332249,0.010278442,0.015116163,0.027909283,0.013830324,0.011414668
4, 5in50,0.001025,1.010796237,0.4717,0,Story Drift Ratio,1,3,0.018627518,0.035858688,0.023340989,0.018437338,0.026588359,0.030307223,0.01894552,0.023705252,0.041722385,0.019784019,0.018573506
4, 5in50,0.001025,1.010796237,0.4717,0,Story Drift Ratio,2,1,0.013024119,0.035351239,0.015466806,0.012142466,0.015793998,0.021533923,0.01628682,0.016271882,0.022366548,0.014282159,0.015303946
4, 5in50,0.001025,1.010796237,0.4717,0,Story Drift Ratio,2,2,0.01118151,0.009430638,0.011318232,0.010116513,0.012030668,0.012967221,0.010697687,0.012254865,0.014766722,0.012478759,0.011029896
4, 5in50,0.001025,1.010796237,0.4717,0,Story Drift Ratio,2,3,0.017165484,0.036587526,0.019165711,0.015804535,0.019854151,0.025136799,0.019485918,0.020370465,0.026801465,0.018965745,0.018864501
4, 5in50,0.001025,1.010796237,0.4717,0,Story Drift Ratio,3,1,0.008553538,0.022326142,0.0100602,0.008337473,0.010080674,0.017505698,0.010684287,0.009877356,0.013679771,0.010494322,0.009716755
4, 5in50,0.001025,1.010796237,0.4717,0,Story Drift Ratio,3,2,0.006554707,0.006156578,0.008465547,0.006747016,0.006574839,0.00789816,0.006910448,0.008265534,0.008306041,0.00734536,0.00705293
4, 5in50,0.001025,1.010796237,0.4717,0,Story Drift Ratio,3,3,0.010776233,0.023159448,0.013148122,0.010725468,0.012035302,0.019204958,0.012724319,0.012879488,0.016003951,0.01280957,0.012006629
4, 5in50,0.001025,1.010796237,0.4717,0,Story Drift Ratio,4,1,0.005380157,0.012398495,0.007102232,0.006465285,0.006833081,0.013268096,0.007114897,0.005726651,0.00855429,0.006981477,0.006211898
4, 5in50,0.001025,1.010796237,0.4717,0,Story Drift Ratio,4,2,0.00311986,0.003267332,0.004259143,0.003558151,0.003502204,0.003971288,0.003347939,0.004418517,0.004389515,0.003852812,0.003436309
4, 5in50,0.001025,1.010796237,0.4717,0,Story Drift Ratio,4,3,0.006219294,0.012821784,0.008281426,0.007379725,0.007678309,0.013849675,0.007863234,0.007233106,0.009614766,0.007974032,0.007099007
4, 5in50,0.001025,1.010796237,0.4717,0,Building Residual Drift,1,1,0.000538279,0.010618662,0.003878284,0.000464073,0.000342418,0.001749254,0.002036045,1.22E-03,7.22E-03,0.002948177,1.96E-03
4, 5in50,0.001025,1.010796237,0.4717,0,Building Residual Drift,1,2,0.000679115,0.000329483,0.001787522,0.000962502,0.000749606,0.002704217,0.00018019,0.00121673,0.003252527,0.000515425,0.001252524
4, 5in50,0.001025,1.010796237,0.4717,0,Building Residual Drift,1,3,0.000866569,0.010623773,0.004270401,0.001068538,0.000824111,0.003220664,0.002044002,0.001720775,0.007919454,0.002992893,0.002325517
4, 5in50,0.001025,1.010796237,0.4717,0,Building Residual Drift,2,1,0.000244977,0.009493886,0.002653287,0.000431001,0.000839397,0.002355988,0.00090682,7.78E-04,0.002823428,0.001962752,0.001204094
4, 5in50,0.001025,1.010796237,0.4717,0,Building Residual Drift,2,2,0.000619961,0.00010307,6.52E-04,1.86E-04,0.00078847,0.00148975,0.000423957,0.000859178,0.000746098,0.000262216,0.000582011
4, 5in50,0.001025,1.010796237,0.4717,0,Building Residual Drift,2,3,0.000666607,0.009494446,0.002732255,0.00046957,0.001151639,0.002787478,0.001001031,0.001159035,0.002920343,0.00198019,0.001337378
4, 5in50,0.001025,1.010796237,0.4717,0,Building Residual Drift,3,1,6.58E-05,0.006324405,1.37E-03,4.19E-04,0.000725951,0.001844067,5.66E-04,5.29E-04,0.000688174,0.00115829,0.000536325
4, 5in50,0.001025,1.010796237,0.4717,0,Building Residual Drift,3,2,0.000351018,2.41E-04,0.00027287,1.49E-04,0.000388633,0.000391243,0.000326751,0.000542356,0.000383953,2.43E-04,0.000445349
4, 5in50,0.001025,1.010796237,0.4717,0,Building Residual Drift,3,3,0.000357123,0.006328986,0.001398336,0.000445094,0.000823432,0.001885114,0.000653482,0.000757924,0.000788038,0.001183554,0.000697123
4, 5in50,0.001025,1.010796237,0.4717,0,Building Residual Drift,4,1,9.65E-05,0.003428917,0.000606366,2.03E-04,3.65E-04,0.001277259,2.92E-04,3.06E-04,3.41E-04,5.99E-04,2.42E-04
4, 5in50,0.001025,1.010796237,0.4717,0,Building Residual Drift,4,2,0.000209632,2.26E-04,3.16E-05,0.000164219,0.000293825,4.62E-04,0.000150701,0.000381099,4.21E-04,3.15E-04,0.000473707
4, 5in50,0.001025,1.010796237,0.4717,0,Building Residual Drift,4,3,0.00023076,0.003436333,0.000607191,0.000260983,0.000468699,0.001358229,0.000329023,0.000488634,5.42E-04,6.77E-04,0.000531871
4, 5in50,0.001025,1.010796237,0.4717,0,Acceleration,0,1,0.469954371,0.689563012,0.572733388,0.479649525,0.606040148,0.613721406,0.545573405,0.485230027,0.588526906,0.445190239,0.47145828
4, 5in50,0.001025,1.010796237,0.4717,0,Acceleration,0,2,0.450377265,0.427804688,0.510175172,0.427880564,0.469476756,0.684359898,0.320359812,0.510164819,0.842268435,0.46448241,0.36347396
4, 5in50,0.001025,1.010796237,0.4717,0,Acceleration,0,3,0.541912976,0.696566779,0.602631769,0.541871326,0.610328274,0.862768335,0.580556993,0.681060882,0.864709544,0.545253519,0.494387852
4, 5in50,0.001025,1.010796237,0.4717,0,Acceleration,1,1,0.696449883,0.747008474,0.909580501,0.814036534,0.785521314,1.08062007,0.728502903,0.508047536,0.956157734,0.712024035,0.671989736
4, 5in50,0.001025,1.010796237,0.4717,0,Acceleration,1,2,0.724018003,0.58159782,0.768659931,0.593656005,0.700961219,0.748981674,0.575339733,0.683993581,0.724870398,0.847911251,0.606342395
4, 5in50,0.001025,1.010796237,0.4717,0,Acceleration,1,3,0.878041297,0.772265983,1.039190013,0.982458602,0.886937716,1.135635035,0.74130423,0.782957114,0.994242275,0.90221393,0.78790487
4, 5in50,0.001025,1.010796237,0.4717,0,Acceleration,2,1,0.667817245,0.853293624,0.846354841,0.858753409,0.82181183,1.102549433,0.728693504,0.721767621,0.847369718,0.841479685,0.872815737
4, 5in50,0.001025,1.010796237,0.4717,0,Acceleration,2,2,0.789724043,0.693708725,0.70102402,0.735754176,0.810541509,0.793610703,0.721912403,0.782369401,0.891649662,0.858645483,0.753765964
4, 5in50,0.001025,1.010796237,0.4717,0,Acceleration,2,3,0.877870645,0.860972679,0.91358044,0.968338292,0.918393212,1.1419167,0.737994315,0.903009699,1.051635868,0.893888115,0.911966245
4, 5in50,0.001025,1.010796237,0.4717,0,Acceleration,3,1,0.82632251,0.835546806,0.764514544,0.70367961,0.869372569,1.146542285,0.860059413,0.672391236,0.93693427,0.793618796,0.845392454
4, 5in50,0.001025,1.010796237,0.4717,0,Acceleration,3,2,0.833470571,0.833830789,1.020898379,0.861381002,0.873051312,1.00620296,0.832395767,1.003296647,1.013224788,0.86861209,0.836786831
4, 5in50,0.001025,1.010796237,0.4717,0,Acceleration,3,3,1.026095991,0.933399426,1.181328545,1.082981086,1.022251775,1.149763902,0.962626883,1.132751319,1.13176108,1.035928129,1.039662796
4, 5in50,0.001025,1.010796237,0.4717,0,Acceleration,4,1,1.364855093,1.420216385,1.637979774,1.588123885,1.526295167,2.36358487,1.433198353,1.011840308,1.6005352,1.547721706,1.40012318
4, 5in50,0.001025,1.010796237,0.4717,0,Acceleration,4,2,1.464839969,1.239819784,1.819191158,1.646982533,1.466177497,1.672212696,1.265303822,1.553996392,1.795362381,1.542104214,1.516665723
4, 5in50,0.001025,1.010796237,0.4717,0,Acceleration,4,3,1.554682955,1.664043153,2.158990781,1.908761682,1.748158558,2.592997167,1.539829789,1.730450257,2.043236553,1.863736258,1.754137541
4, 5in50,0.001025,1.010796237,0.4717,0,Peak Floor Velocity,0,1,30.27603939,79.39834723,33.98167634,17.52454124,26.07591298,33.59442401,47.6390872,51.54048537,29.01091811,26.82830443,16.21674881
4, 5in50,0.001025,1.010796237,0.4717,0,Peak Floor Velocity,0,2,17.13022037,17.4359039,26.62806242,48.85236731,28.97052885,31.27358151,59.27931579,36.98419887,29.33174137,25.34556904,14.91148319
4, 5in50,0.001025,1.010796237,0.4717,0,Peak Floor Velocity,0,3,30.2793648,81.08445598,34.28160085,49.76052282,36.01294054,41.98429982,71.1993969,56.28619369,37.37719382,29.69398083,19.24081768
4, 5in50,0.001025,1.010796237,0.4717,0,Peak Floor Velocity,1,1,29.15022406,82.31766057,44.26647393,28.89237428,29.98421999,37.14567556,52.67207102,59.3906162,33.97982595,33.52572999,24.85866369
4, 5in50,0.001025,1.010796237,0.4717,0,Peak Floor Velocity,1,2,26.78868796,26.22727414,33.00925059,54.54197226,36.50427248,31.70182689,64.84442806,43.28894142,30.18198765,30.6985997,24.47505278
4, 5in50,0.001025,1.010796237,0.4717,0,Peak Floor Velocity,1,3,30.25619183,85.23189207,45.48535527,56.69516577,46.79137345,46.73763201,75.87733608,60.81331123,42.05098659,40.77191561,29.58676134
4, 5in50,0.001025,1.010796237,0.4717,0,Peak Floor Velocity,2,1,34.80032842,89.73656413,48.0940606,35.29893728,39.871079,38.37920021,58.67888838,66.71210089,43.26237508,40.00387349,33.20832068
4, 5in50,0.001025,1.010796237,0.4717,0,Peak Floor Velocity,2,2,35.89737454,32.57511152,36.11586872,58.55760382,47.91793938,37.18952235,69.83420155,52.92007847,38.51811329,39.00045708,34.31039202
4, 5in50,0.001025,1.010796237,0.4717,0,Peak Floor Velocity,2,3,40.18549164,93.16579278,52.18667485,62.4957767,57.8470318,48.63980223,77.28939479,67.50619312,52.81602173,50.87588057,39.72510169
4, 5in50,0.001025,1.010796237,0.4717,0,Peak Floor Velocity,3,1,40.3593011,98.66335826,51.57831908,39.51705696,45.3988722,51.9934919,62.31249092,73.50031888,54.07875114,50.60505035,41.35910513
4, 5in50,0.001025,1.010796237,0.4717,0,Peak Floor Velocity,3,2,45.39313671,36.69918471,42.91559138,62.14485554,54.37001663,45.59899824,73.39602224,59.30847412,48.7960175,47.17577303,40.06012615
4, 5in50,0.001025,1.010796237,0.4717,0,Peak Floor Velocity,3,3,50.40099665,100.7757857,56.57211011,70.15421856,65.48782006,57.45384934,81.88950114,73.75068656,62.32403621,58.04085676,47.19457439
4, 5in50,0.001025,1.010796237,0.4717,0,Peak Floor Velocity,4,1,50.33463613,106.5846773,63.18939294,50.95781868,61.0555952,73.50872255,69.93060326,79.5525014,65.23986699,58.90029625,52.09362173
4, 5in50,0.001025,1.010796237,0.4717,0,Peak Floor Velocity,4,2,54.75007807,43.28680359,54.62838987,65.61676974,58.09475628,52.63449829,76.63085912,68.16646358,56.60958119,57.54328985,46.61518403
4, 5in50,0.001025,1.010796237,0.4717,0,Peak Floor Velocity,4,3,62.08696052,108.2275707,69.02653408,76.68931185,73.03471298,77.87235023,88.90312378,79.70819864,74.53373379,67.29479196,55.00647955
5, 2in50,0.000404,1.452782905,0.4717,0,Story Drift Ratio,1,1,0.022328485,0.05415874,0.026534807,0.023034275,0.037174653,0.029852236,0.022005932,0.033251457,0.032633338,0.020600587,0.024761237
5, 2in50,0.000404,1.452782905,0.4717,0,Story Drift Ratio,1,2,0.015557397,0.016759802,0.02074025,0.028298046,0.02241357,0.029398214,0.018669356,0.022226768,0.028739564,0.023324143,0.016508177
5, 2in50,0.000404,1.452782905,0.4717,0,Story Drift Ratio,1,3,0.027213854,0.056692681,0.033678687,0.036487768,0.043408789,0.041897625,0.028858377,0.039996107,0.043484449,0.031119123,0.029759684
5, 2in50,0.000404,1.452782905,0.4717,0,Story Drift Ratio,2,1,0.023922527,0.068554088,0.022814713,0.016521303,0.028539358,0.029546736,0.02190345,0.028744085,0.028550046,0.019944776,0.021240011
5, 2in50,0.000404,1.452782905,0.4717,0,Story Drift Ratio,2,2,0.013989618,0.012561672,0.015682371,0.017971277,0.016587382,0.023709707,0.016181193,0.015699988,0.014820002,0.01659126,0.014727174
5, 2in50,0.000404,1.452782905,0.4717,0,Story Drift Ratio,2,3,0.027712754,0.069695471,0.027684796,0.024411478,0.033009638,0.037883503,0.027232189,0.032752283,0.032167337,0.025943477,0.025846232
5, 2in50,0.000404,1.452782905,0.4717,0,Story Drift Ratio,3,1,0.015217637,0.07090994,0.013754352,0.011070042,0.013606825,0.023991913,0.012327936,0.016565464,0.017432503,0.014047068,0.014946064
5, 2in50,0.000404,1.452782905,0.4717,0,Story Drift Ratio,3,2,0.008000066,0.007398235,0.009425961,0.009790021,0.008986349,0.009662115,0.009580438,0.010221203,0.009417671,0.009226576,0.009144529
5, 2in50,0.000404,1.452782905,0.4717,0,Story Drift Ratio,3,3,0.017192368,0.071294835,0.01667426,0.014778036,0.016306445,0.025864422,0.015612905,0.019465035,0.01981375,0.016806244,0.017521622
5, 2in50,0.000404,1.452782905,0.4717,0,Story Drift Ratio,4,1,0.009112932,0.071089216,0.00817518,0.007010581,0.007724617,0.018892284,0.008522592,0.009374516,0.01172415,0.00892694,0.00887943
5, 2in50,0.000404,1.452782905,0.4717,0,Story Drift Ratio,4,2,0.004135396,0.004231405,0.004801456,0.005005493,0.004345566,0.004490572,0.004509516,0.004962327,0.004890853,0.004534916,0.005329621
5, 2in50,0.000404,1.452782905,0.4717,0,Story Drift Ratio,4,3,0.010007349,0.071215036,0.009480905,0.008614129,0.00886305,0.019418642,0.009642112,0.010606896,0.012703391,0.010012778,0.010356115
5, 2in50,0.000404,1.452782905,0.4717,0,Building Residual Drift,1,1,0.002884643,0.02461583,0.002818183,0.001435724,0.001029294,0.000819481,0.002370978,0.00647612,0.008501189,0.003906297,1.35E-03
5, 2in50,0.000404,1.452782905,0.4717,0,Building Residual Drift,1,2,0.001323161,0.003982884,0.004264699,0.001400634,0.005417758,0.008659971,0.000793746,0.003889719,0.005071013,0.000584198,0.001255333
5, 2in50,0.000404,1.452782905,0.4717,0,Building Residual Drift,1,3,0.003173629,0.024935967,0.005111733,0.002005761,0.005514666,0.008698658,0.002500314,0.007554472,0.009898757,0.003949739,0.001845642
5, 2in50,0.000404,1.452782905,0.4717,0,Building Residual Drift,2,1,0.002586954,0.03161725,0.001924271,0.001212895,0.000810243,0.001223919,0.002024412,0.00358431,0.003438655,0.002136177,9.81E-04
5, 2in50,0.000404,1.452782905,0.4717,0,Building Residual Drift,2,2,0.000747305,0.001943971,0.001920646,0.000536656,0.003287316,0.006224446,0.001254376,0.001395765,1.50E-03,0.00068685,0.000735238
5, 2in50,0.000404,1.452782905,0.4717,0,Building Residual Drift,2,3,0.002692731,0.031676956,0.002718768,0.001326316,0.003385696,0.006343635,0.002381534,0.003846484,0.003750942,0.002243884,0.001226265
5, 2in50,0.000404,1.452782905,0.4717,0,Building Residual Drift,3,1,0.001799362,0.033943579,0.001147481,0.000844087,0.000998337,0.000857696,0.00129343,0.001993943,0.001334301,0.000864148,0.000589443
5, 2in50,0.000404,1.452782905,0.4717,0,Building Residual Drift,3,2,0.00032456,0.000949813,0.000538663,0.000125438,0.000701563,0.0007198,0.000811601,0.000515176,0.000386693,0.00047082,7.66E-04
5, 2in50,0.000404,1.452782905,0.4717,0,Building Residual Drift,3,3,0.001828399,0.033956865,0.001267624,0.000853357,0.001220192,0.001119712,0.001526977,0.002059421,0.001389205,0.000984085,0.000966223
5, 2in50,0.000404,1.452782905,0.4717,0,Building Residual Drift,4,1,0.001188563,0.034447845,0.000426729,0.00053791,0.000346643,0.000827755,0.000602764,0.001305126,9.75E-04,0.000327567,3.52E-04
5, 2in50,0.000404,1.452782905,0.4717,0,Building Residual Drift,4,2,0.000532386,6.33E-04,2.21E-04,0.000403174,0.000711881,4.04E-04,0.000624911,0.000575468,0.000509591,0.000633375,0.001043218
5, 2in50,0.000404,1.452782905,0.4717,0,Building Residual Drift,4,3,0.001302351,0.034453655,0.000480634,0.000672233,0.000791792,0.000921291,0.000868238,0.001426365,0.001100172,0.000713066,0.00110108
5, 2in50,0.000404,1.452782905,0.4717,0,Acceleration,0,1,0.591233698,0.772749418,0.79951262,0.653462891,0.892734042,0.869123554,0.683472815,0.689583914,0.603725908,0.607157872,0.569490944
5, 2in50,0.000404,1.452782905,0.4717,0,Acceleration,0,2,0.876342509,0.603883395,0.704871041,0.644811043,0.590161908,1.054324287,0.500902415,0.711419944,1.060402721,0.641584299,0.430027449
5, 2in50,0.000404,1.452782905,0.4717,0,Acceleration,0,3,0.891081209,0.803868966,0.864641998,0.785025375,0.900731492,1.321312076,0.721725044,0.975439105,1.087465563,0.715498279,0.617348541
5, 2in50,0.000404,1.452782905,0.4717,0,Acceleration,1,1,0.766137859,0.993276141,0.929893461,0.945801515,0.718820691,1.148514159,1.054692657,0.864293038,1.044426927,0.834142797,0.773263123
5, 2in50,0.000404,1.452782905,0.4717,0,Acceleration,1,2,0.827922345,0.754563937,0.872106581,0.928040396,0.857272911,0.747261123,0.649301893,1.035366681,0.913797065,0.801866925,0.858612469
5, 2in50,0.000404,1.452782905,0.4717,0,Acceleration,1,3,0.913982129,1.004683056,0.984645421,1.037601829,1.031874386,1.161637543,1.183649475,1.062648018,1.067554785,1.092552325,1.002141201
5, 2in50,0.000404,1.452782905,0.4717,0,Acceleration,2,1,0.820197121,0.896387411,0.861374246,0.941399059,0.873354281,0.972376103,0.903634291,0.800421503,1.000789643,0.930101293,0.911092175
5, 2in50,0.000404,1.452782905,0.4717,0,Acceleration,2,2,0.842570201,0.751065333,0.795410654,0.851348841,0.8059411,0.857467182,0.726626725,0.884426445,0.881252,0.805747302,0.867629884
5, 2in50,0.000404,1.452782905,0.4717,0,Acceleration,2,3,0.92114116,0.907568957,1.020931297,1.075750981,1.002199928,1.10039013,0.966836159,0.990453912,1.050218646,1.078005379,0.954171754
5, 2in50,0.000404,1.452782905,0.4717,0,Acceleration,3,1,0.926447304,0.908164025,0.919235688,0.887210775,0.927634657,1.169687674,0.926685187,0.798397861,0.987565967,0.894297154,0.987676719
5, 2in50,0.000404,1.452782905,0.4717,0,Acceleration,3,2,0.969697746,0.834609974,1.08194816,1.17659652,0.949846933,1.140542716,1.012758912,1.000795476,1.007877675,1.061246543,0.933731745
5, 2in50,0.000404,1.452782905,0.4717,0,Acceleration,3,3,1.090982461,0.985540041,1.267725275,1.178838149,1.035787385,1.303663851,1.170316946,1.187103917,1.105705905,1.193341868,1.127917534
5, 2in50,0.000404,1.452782905,0.4717,0,Acceleration,4,1,1.459010442,2.272861479,1.810996783,2.009390618,1.462244769,2.470936226,1.778330412,1.46931202,1.842068581,1.752300328,1.507115437
5, 2in50,0.000404,1.452782905,0.4717,0,Acceleration,4,2,1.835561503,1.482400328,1.884627664,2.176397638,1.531006169,1.89543587,1.594513758,1.877234349,2.295037074,2.019789362,1.854925491
5, 2in50,0.000404,1.452782905,0.4717,0,Acceleration,4,3,1.887380884,2.279603093,2.388916389,2.399938955,1.796736994,2.942099377,2.155549047,1.914502321,2.440057515,2.331051746,1.976707446
5, 2in50,0.000404,1.452782905,0.4717,0,Peak Floor Velocity,0,1,43.40202756,91.52054418,41.64672493,22.31567766,44.5000518,54.04325108,58.93959055,66.24347576,40.56499105,35.73542567,25.50564101
5, 2in50,0.000404,1.452782905,0.4717,0,Peak Floor Velocity,0,2,44.76035123,27.47063894,33.62671506,73.22424089,35.99116438,44.87729839,54.38009459,50.29879749,32.30639224,35.25796914,23.06370005
5, 2in50,0.000404,1.452782905,0.4717,0,Peak Floor Velocity,0,3,62.21723952,92.70999296,42.28886607,74.44793962,45.35319133,63.67715636,73.67079869,79.26489732,45.36431454,42.16314455,25.79675114
5, 2in50,0.000404,1.452782905,0.4717,0,Peak Floor Velocity,1,1,47.48341741,95.32777044,51.45868716,33.59110284,42.75998168,47.19453449,65.24573665,77.79231534,43.40416907,42.89927005,33.82669006
5, 2in50,0.000404,1.452782905,0.4717,0,Peak Floor Velocity,1,2,48.87074987,39.88450588,40.88997702,83.62538351,40.43763587,40.09567239,54.60057688,57.22930301,33.09181334,37.92133342,34.88037273
5, 2in50,0.000404,1.452782905,0.4717,0,Peak Floor Velocity,1,3,61.98982483,95.98105554,53.12304455,85.39006441,55.39168019,55.40442594,82.59050101,80.60054457,46.58483785,53.03384536,36.48370488
5, 2in50,0.000404,1.452782905,0.4717,0,Peak Floor Velocity,2,1,50.55038705,103.8196384,59.48738273,40.5352482,47.92143924,43.01334835,74.87600828,88.29869508,50.69109007,46.49313886,38.96491098
5, 2in50,0.000404,1.452782905,0.4717,0,Peak Floor Velocity,2,2,50.98423511,47.58677929,44.01625306,92.78958213,53.76646577,49.18825378,56.46031306,69.77455084,39.75963432,41.02414056,44.19942997
5, 2in50,0.000404,1.452782905,0.4717,0,Peak Floor Velocity,2,3,62.43846329,104.1897902,62.63318248,95.27058211,68.81029415,59.46272759,90.93600268,89.56947462,56.03963472,61.6228627,45.23626284
5, 2in50,0.000404,1.452782905,0.4717,0,Peak Floor Velocity,3,1,57.37689354,114.9487037,69.15625855,47.6907492,57.82222739,52.24809006,80.6972678,95.71111076,61.45079249,58.81930756,47.10582806
5, 2in50,0.000404,1.452782905,0.4717,0,Peak Floor Velocity,3,2,56.80378583,51.92745305,53.12822213,101.9762365,62.77740802,57.09447815,59.1154384,76.81770505,49.46920721,48.06822541,48.91464392
5, 2in50,0.000404,1.452782905,0.4717,0,Peak Floor Velocity,3,3,67.43481376,115.0352385,71.2710957,105.9203552,80.11478551,70.83516014,97.25987879,97.59284484,67.69845567,72.8010594,51.90917381
5, 2in50,0.000404,1.452782905,0.4717,0,Peak Floor Velocity,4,1,62.93439213,130.6448891,82.85398248,62.40730068,72.76955464,80.07800154,88.58043632,104.5207248,74.29687937,71.21894867,58.91149718
5, 2in50,0.000404,1.452782905,0.4717,0,Peak Floor Velocity,4,2,63.70822157,55.43954097,67.22791435,114.2666742,68.74264343,61.11589937,61.50536486,84.18631086,57.76892151,60.49128662,59.22853828
5, 2in50,0.000404,1.452782905,0.4717,0,Peak Floor Velocity,4,3,76.25450199,130.7005675,86.43470548,119.7980613,87.84696346,82.27740913,105.3760137,106.360481,79.5851415,87.32700836,65.91801406
