Building Name: PSEUDO PTC1-M(HC) - Soil C1,,,,,,,,,,,,,,,,,,,
Description,,"	",  Usage,School,,,,,,,,,,,,,,,
Latitude,14.55036,"	", Median Collapse Sa(g),1.729025481,,,,,,,,,,,,,,,
Longitude,121.00892,"	", Beta Collapse,0.180570948,,,,,,,,,,,,,,,
Number of Stories,4,,,,,,,,,,,,,,,,,,
Floor Area (sq.ft.),29460.7943,,,,,,,,,,,,,,,,,,
,,,,,,,,,,,,,,,,,,,
Intensity, Intensity Description, MAFE, Sa, BetaM, BetaGM, EDP Type, Storey, Direction,EQ1,EQ2,EQ3,EQ4,EQ5,EQ6,EQ7,EQ8,EQ9,EQ10,EQ11
1, 63in50,0.02,0.226583794,0.4717,0,Story Drift Ratio,1,1,0.003194587,0.00349674,0.005322347,0.003777954,0.002856625,0.006318244,0.002749302,0.003290656,0.002312956,0.004007602,0.004586497
1, 63in50,0.02,0.226583794,0.4717,0,Story Drift Ratio,1,2,0.004613615,0.003734763,0.004269962,0.004005429,0.003628269,0.002957189,0.00644348,0.00450243,0.004099424,0.006180103,0.004167441
1, 63in50,0.02,0.226583794,0.4717,0,Story Drift Ratio,1,3,0.005611669,0.005116214,0.006823485,0.005506033,0.004617861,0.006976043,0.007005505,0.005576763,0.004706914,0.007365769,0.006197057
1, 63in50,0.02,0.226583794,0.4717,0,Story Drift Ratio,2,1,0.003294318,0.003229879,0.005365783,0.003797412,0.002886197,0.00615337,0.002649025,0.003292516,0.002410205,0.004048492,0.004836807
1, 63in50,0.02,0.226583794,0.4717,0,Story Drift Ratio,2,2,0.004413709,0.003415955,0.004165794,0.003778832,0.003254045,0.002862649,0.00613148,0.004017393,0.0032579,0.005903834,0.003990624
1, 63in50,0.02,0.226583794,0.4717,0,Story Drift Ratio,2,3,0.005507573,0.004701156,0.006793045,0.00535723,0.004349591,0.006786658,0.006679249,0.005194238,0.00405253,0.007158599,0.006270549
1, 63in50,0.02,0.226583794,0.4717,0,Story Drift Ratio,3,1,0.002234635,0.002208441,0.003331287,0.00250857,0.002061334,0.003706272,0.001856999,0.002193071,0.001763601,0.002736654,0.003369673
1, 63in50,0.02,0.226583794,0.4717,0,Story Drift Ratio,3,2,0.003052329,0.002208519,0.00275644,0.002525942,0.0023572,0.001962288,0.003834279,0.002481093,0.002711948,0.003729962,0.002818997
1, 63in50,0.02,0.226583794,0.4717,0,Story Drift Ratio,3,3,0.003782897,0.003123262,0.004323821,0.003559959,0.003131372,0.004193689,0.004260298,0.003311402,0.003234957,0.004626218,0.004393341
1, 63in50,0.02,0.226583794,0.4717,0,Story Drift Ratio,4,1,0.001299788,0.001582662,0.001866949,0.001429598,0.001330948,0.002145516,0.001232011,0.001316476,0.001119496,0.001668631,0.002079265
1, 63in50,0.02,0.226583794,0.4717,0,Story Drift Ratio,4,2,0.001788897,0.00133328,0.001516709,0.001447986,0.001405102,0.001132,0.002152778,0.001470546,0.001783985,0.00217598,0.001688225
1, 63in50,0.02,0.226583794,0.4717,0,Story Drift Ratio,4,3,0.002211244,0.002069409,0.002405391,0.002034801,0.00193539,0.002425833,0.002480384,0.001973731,0.002106152,0.002742119,0.00267833
1, 63in50,0.02,0.226583794,0.4717,0,Building Residual Drift,1,1,1.00E-05,5.97E-06,1.23E-04,1.44E-05,4.34E-05,1.01E-04,8.98E-06,1.88E-05,3.48E-06,5.19E-05,2.49E-05
1, 63in50,0.02,0.226583794,0.4717,0,Building Residual Drift,1,2,3.34E-05,2.43E-05,4.77E-05,2.79E-05,3.87E-05,3.58E-05,3.67E-05,2.68E-05,3.13E-05,4.13E-05,4.95E-05
1, 63in50,0.02,0.226583794,0.4717,0,Building Residual Drift,1,3,3.49E-05,2.51E-05,1.32E-04,3.13E-05,5.81484E-05,1.07E-04,3.78E-05,3.27E-05,3.15E-05,6.63E-05,5.54E-05
1, 63in50,0.02,0.226583794,0.4717,0,Building Residual Drift,2,1,1.35E-05,9.61E-06,1.44E-04,1.75E-05,4.61E-05,1.19E-04,9.73E-06,2.24E-05,6.73E-06,6.08E-05,3.34E-05
1, 63in50,0.02,0.226583794,0.4717,0,Building Residual Drift,2,2,7.08E-05,6.22E-05,7.09E-05,6.60E-05,4.60E-05,8.08E-05,7.18E-05,6.48E-05,6.80E-05,7.81E-05,8.68E-05
1, 63in50,0.02,0.226583794,0.4717,0,Building Residual Drift,2,3,7.21E-05,6.29E-05,1.61E-04,6.82E-05,6.51688E-05,1.44E-04,7.24E-05,6.86E-05,6.84E-05,9.90E-05,9.30E-05
1, 63in50,0.02,0.226583794,0.4717,0,Building Residual Drift,3,1,9.73E-06,9.50E-06,3.09E-05,1.38E-05,3.19E-05,2.71E-05,5.57E-06,1.67E-05,7.51E-06,1.93E-05,1.05E-05
1, 63in50,0.02,0.226583794,0.4717,0,Building Residual Drift,3,2,6.26E-05,6.00E-05,4.87E-05,6.24E-05,4.79E-05,6.13E-05,5.99E-05,6.07E-05,6.14E-05,6.13E-05,7.18E-05
1, 63in50,0.02,0.226583794,0.4717,0,Building Residual Drift,3,3,6.33E-05,6.08E-05,5.76E-05,6.39E-05,5.75763E-05,6.70E-05,6.02E-05,6.29E-05,6.18E-05,6.42E-05,7.26E-05
1, 63in50,0.02,0.226583794,0.4717,0,Building Residual Drift,4,1,7.25E-06,7.46E-06,9.93E-06,1.00E-05,2.01E-05,1.23E-05,5.43E-06,1.15E-05,6.30E-06,1.09E-05,5.94E-06
1, 63in50,0.02,0.226583794,0.4717,0,Building Residual Drift,4,2,4.62E-05,4.52E-05,4.00E-05,4.66E-05,3.83E-05,4.40E-05,4.33E-05,4.55E-05,4.54E-05,4.50E-05,5.08E-05
1, 63in50,0.02,0.226583794,0.4717,0,Building Residual Drift,4,3,4.67E-05,4.58E-05,4.12E-05,4.77E-05,4.33E-05,4.57E-05,4.36E-05,4.69E-05,4.59E-05,4.63E-05,5.12E-05
1, 63in50,0.02,0.226583794,0.4717,0,Acceleration,0,1,0.183644207,0.120200501,0.190068628,0.165240577,0.135800853,0.253770475,0.093372371,0.151735003,0.102868795,0.154615178,0.124889071
1, 63in50,0.02,0.226583794,0.4717,0,Acceleration,0,2,0.17171346,0.135151764,0.219555805,0.126522312,0.131243085,0.125929255,0.143995368,0.108529061,0.201180441,0.242080334,0.110807331
1, 63in50,0.02,0.226583794,0.4717,0,Acceleration,0,3,0.251417396,0.174186159,0.229712504,0.166999863,0.155583825,0.266346259,0.144750367,0.165586163,0.224454766,0.286498111,0.132725543
1, 63in50,0.02,0.226583794,0.4717,0,Acceleration,1,1,0.169051128,0.277777908,0.218114789,0.197426721,0.156720119,0.445683943,0.161286192,0.204310468,0.145649852,0.217883373,0.259728567
1, 63in50,0.02,0.226583794,0.4717,0,Acceleration,1,2,0.231973125,0.235930012,0.219974894,0.190675586,0.303138238,0.15501836,0.332295257,0.285825149,0.37243071,0.368923228,0.275305044
1, 63in50,0.02,0.226583794,0.4717,0,Acceleration,1,3,0.26374062,0.315936865,0.267889257,0.227973358,0.321365007,0.449107514,0.335010493,0.28708885,0.384129047,0.385830628,0.313104787
1, 63in50,0.02,0.226583794,0.4717,0,Acceleration,2,1,0.23233783,0.296611748,0.360910151,0.272077595,0.229621183,0.484995497,0.203695738,0.246016865,0.16569192,0.288497069,0.328535874
1, 63in50,0.02,0.226583794,0.4717,0,Acceleration,2,2,0.357726724,0.300519051,0.311331776,0.307721226,0.322735808,0.217771846,0.495322293,0.388639187,0.423625619,0.477608409,0.334272506
1, 63in50,0.02,0.226583794,0.4717,0,Acceleration,2,3,0.367569622,0.316346091,0.398656079,0.369675477,0.348986775,0.487592605,0.515171486,0.400825205,0.429358947,0.527439459,0.419941647
1, 63in50,0.02,0.226583794,0.4717,0,Acceleration,3,1,0.303634649,0.307305241,0.42807581,0.341861612,0.28179625,0.474057558,0.254710099,0.292582426,0.241547367,0.357117814,0.45496445
1, 63in50,0.02,0.226583794,0.4717,0,Acceleration,3,2,0.453061342,0.337588672,0.413881185,0.387231745,0.358887346,0.300103614,0.576680024,0.399433458,0.432010249,0.594108507,0.450161136
1, 63in50,0.02,0.226583794,0.4717,0,Acceleration,3,3,0.472339338,0.420807193,0.533924647,0.4680188,0.420672761,0.474151091,0.604344639,0.414522309,0.440585759,0.628932305,0.522126657
1, 63in50,0.02,0.226583794,0.4717,0,Acceleration,4,1,0.354035753,0.50205695,0.500745102,0.386080627,0.423900884,0.665941497,0.401550945,0.371886639,0.321775319,0.500666166,0.606809427
1, 63in50,0.02,0.226583794,0.4717,0,Acceleration,4,2,0.595817581,0.477573458,0.500082257,0.457257972,0.526274578,0.37168347,0.799944013,0.553776289,0.702299535,0.722152268,0.591736275
1, 63in50,0.02,0.226583794,0.4717,0,Acceleration,4,3,0.61014974,0.680145621,0.707241353,0.526858245,0.608794096,0.692113219,0.801721371,0.56491301,0.705870739,0.768644989,0.732588738
1, 63in50,0.02,0.226583794,0.4717,0,Peak Floor Velocity,0,1,9.304667325,9.385483126,11.65006374,7.523576966,11.17796487,11.15571046,6.649733987,9.42718731,8.237511102,3.772687953,5.051307795
1, 63in50,0.02,0.226583794,0.4717,0,Peak Floor Velocity,0,2,12.33258373,9.192395378,10.27491329,12.82067134,18.48398182,4.274352973,8.829498539,5.417634595,7.90306273,4.998975523,5.761774777
1, 63in50,0.02,0.226583794,0.4717,0,Peak Floor Velocity,0,3,15.07992652,10.80777545,15.3254269,12.92904734,20.12016026,11.2093767,9.432608216,10.35410122,11.38550258,5.903147447,5.777485879
1, 63in50,0.02,0.226583794,0.4717,0,Peak Floor Velocity,1,1,9.858676509,12.04488146,14.98971294,10.92024031,13.97416273,15.29852065,7.30247466,12.3744929,9.176933219,7.777512266,10.99135646
1, 63in50,0.02,0.226583794,0.4717,0,Peak Floor Velocity,1,2,14.44762227,12.40382329,13.34144525,16.36584619,19.67756874,6.373810525,14.96148345,9.185602547,13.22190706,12.39092657,9.171686446
1, 63in50,0.02,0.226583794,0.4717,0,Peak Floor Velocity,1,3,17.03160313,14.48204987,19.7843597,16.70357771,23.02421736,15.419728,15.464224,12.38402457,14.91061317,12.84365471,11.69085814
1, 63in50,0.02,0.226583794,0.4717,0,Peak Floor Velocity,2,1,10.46559536,12.4474182,17.3795231,13.73723558,15.80417634,20.02783931,10.15574393,14.16850201,10.48137437,11.86965718,16.38519643
1, 63in50,0.02,0.226583794,0.4717,0,Peak Floor Velocity,2,2,15.44833715,15.51388678,14.38967619,18.64202501,21.73593274,9.705280339,20.04594275,13.36599507,16.60010164,19.46347169,13.23687585
1, 63in50,0.02,0.226583794,0.4717,0,Peak Floor Velocity,2,3,17.88042758,17.42847087,22.43671321,19.13077107,25.10432005,20.09886894,21.87809667,14.5568805,17.87993662,20.33114744,16.57527365
1, 63in50,0.02,0.226583794,0.4717,0,Peak Floor Velocity,3,1,11.6877624,14.28224602,19.47157542,15.53524479,16.89524471,26.60088553,11.65074249,16.65130037,11.71799359,15.00167568,19.23034102
1, 63in50,0.02,0.226583794,0.4717,0,Peak Floor Velocity,3,2,17.63163535,18.49065034,16.19694935,20.012217,23.42274686,11.86905292,24.10202776,17.68144241,19.95878292,23.60527636,16.17788176
1, 63in50,0.02,0.226583794,0.4717,0,Peak Floor Velocity,3,3,18.6773078,19.59963835,24.17844424,20.59245443,26.15953082,26.64326894,26.01655016,18.19132241,21.0017634,25.25975548,19.92651395
1, 63in50,0.02,0.226583794,0.4717,0,Peak Floor Velocity,4,1,13.36342677,17.64223022,21.83037927,17.10040048,17.56756761,31.95822779,12.7473042,18.33178818,12.83644805,17.12631287,20.31560579
1, 63in50,0.02,0.226583794,0.4717,0,Peak Floor Velocity,4,2,19.82444243,20.59143716,17.6768429,20.72515289,24.97871641,13.02274855,26.85920382,20.54597372,24.14375083,25.69578138,18.31597236
1, 63in50,0.02,0.226583794,0.4717,0,Peak Floor Velocity,4,3,20.29075914,21.63703089,26.17223686,21.56753117,27.06457177,32.02639097,28.55603661,20.64878093,25.02908387,28.24960255,22.95405936
2,30in50,0.005625,0.320061212,0.4717,0,Story Drift Ratio,1,1,0.004415993,0.005000041,0.006367764,0.00511752,0.00415821,0.006774297,0.003936044,0.004544656,0.003695762,0.004999884,0.006332891
2,30in50,0.005625,0.320061212,0.4717,0,Story Drift Ratio,1,2,0.00654056,0.005463264,0.005890687,0.005720315,0.005404788,0.004666002,0.007431111,0.006346095,0.007474128,0.007044673,0.005641636
2,30in50,0.005625,0.320061212,0.4717,0,Story Drift Ratio,1,3,0.007891763,0.007405921,0.008674596,0.007675351,0.00681927,0.008225732,0.008409153,0.007805563,0.00833794,0.008638649,0.008481365
2,30in50,0.005625,0.320061212,0.4717,0,Story Drift Ratio,2,1,0.004582003,0.004761268,0.006466538,0.005187048,0.004203911,0.006372112,0.004175512,0.004524496,0.003533427,0.005021059,0.006865256
2,30in50,0.005625,0.320061212,0.4717,0,Story Drift Ratio,2,2,0.006546156,0.004975019,0.005506604,0.005325275,0.005120932,0.004480105,0.007234956,0.005655898,0.006301188,0.006551623,0.005456291
2,30in50,0.005625,0.320061212,0.4717,0,Story Drift Ratio,2,3,0.007990426,0.006886253,0.008493457,0.007433977,0.006625467,0.007789426,0.008353412,0.007242945,0.00722427,0.008254381,0.008769427
2,30in50,0.005625,0.320061212,0.4717,0,Story Drift Ratio,3,1,0.003060308,0.003347659,0.003909375,0.003332453,0.002981418,0.004116707,0.003003325,0.002960889,0.002278639,0.003273645,0.004479472
2,30in50,0.005625,0.320061212,0.4717,0,Story Drift Ratio,3,2,0.004437732,0.003186199,0.003653301,0.003481949,0.003647595,0.003005061,0.004789615,0.003433238,0.004315305,0.003933866,0.003836807
2,30in50,0.005625,0.320061212,0.4717,0,Story Drift Ratio,3,3,0.005390635,0.004621545,0.005350684,0.004819669,0.004711029,0.005096829,0.00565335,0.004533651,0.004879964,0.005117817,0.00589803
2,30in50,0.005625,0.320061212,0.4717,0,Story Drift Ratio,4,1,0.001792961,0.002364477,0.002098052,0.001884216,0.002003059,0.002654535,0.001886766,0.001773862,0.001384913,0.001952578,0.002452609
2,30in50,0.005625,0.320061212,0.4717,0,Story Drift Ratio,4,2,0.002518631,0.001933696,0.002030717,0.001949556,0.002196488,0.001711816,0.002787695,0.001994175,0.002654419,0.002112187,0.002283491
2,30in50,0.005625,0.320061212,0.4717,0,Story Drift Ratio,4,3,0.003091636,0.003054494,0.002919869,0.00271128,0.002972677,0.003158619,0.003366174,0.002668955,0.002993981,0.002876438,0.003351062
2,30in50,0.005625,0.320061212,0.4717,0,Building Residual Drift,1,1,2.17E-05,5.51E-05,1.51E-04,7.07E-05,5.16E-05,8.73E-05,7.82E-06,6.05E-05,8.74E-06,1.30E-04,4.65E-05
2,30in50,0.005625,0.320061212,0.4717,0,Building Residual Drift,1,2,3.70E-05,2.77E-05,9.90E-06,5.74E-05,7.60E-05,3.05E-05,3.59E-05,5.50E-05,7.08E-05,7.50E-05,6.11E-05
2,30in50,0.005625,0.320061212,0.4717,0,Building Residual Drift,1,3,4.29E-05,6.17E-05,0.000151804,9.11E-05,0.000091914,9.25E-05,3.68E-05,0.00008173,7.14E-05,1.50E-04,7.68155E-05
2,30in50,0.005625,0.320061212,0.4717,0,Building Residual Drift,2,1,3.24E-05,6.17E-05,2.56E-04,8.21E-05,5.35E-05,1.20E-04,1.39E-05,6.72E-05,1.40E-05,1.54E-04,9.83E-05
2,30in50,0.005625,0.320061212,0.4717,0,Building Residual Drift,2,2,8.86E-05,5.05E-05,4.38E-05,9.29E-05,5.27E-05,7.48E-05,8.42E-05,9.06E-05,1.20E-04,1.20E-04,1.16E-04
2,30in50,0.005625,0.320061212,0.4717,0,Building Residual Drift,2,3,9.43E-05,7.97E-05,0.000259398,1.24E-04,0.000075062,1.41E-04,8.54E-05,1.13E-04,1.21E-04,1.95E-04,0.000151995
2,30in50,0.005625,0.320061212,0.4717,0,Building Residual Drift,3,1,1.02E-05,1.95E-05,1.21E-04,2.44E-05,3.54E-05,4.83E-05,1.23E-05,2.56E-05,9.51E-06,3.99E-05,6.34E-05
2,30in50,0.005625,0.320061212,0.4717,0,Building Residual Drift,3,2,7.76E-05,5.40E-05,4.86E-05,6.18E-05,2.46E-05,5.97E-05,7.38E-05,6.05E-05,7.53E-05,7.41E-05,9.48E-05
2,30in50,0.005625,0.320061212,0.4717,0,Building Residual Drift,3,3,7.83E-05,5.74E-05,1.30E-04,6.65E-05,4.30E-05,7.68E-05,7.48E-05,6.57E-05,7.59E-05,8.41E-05,1.14E-04
2,30in50,0.005625,0.320061212,0.4717,0,Building Residual Drift,4,1,8.46E-06,9.97E-06,2.93E-05,1.28E-05,2.19E-05,1.76E-05,8.13E-06,1.43E-05,6.71E-06,1.62E-05,1.76E-05
2,30in50,0.005625,0.320061212,0.4717,0,Building Residual Drift,4,2,4.19E-05,4.33E-05,3.85E-05,4.36E-05,1.70E-05,4.26E-05,4.44E-05,4.31E-05,4.21E-05,4.37E-05,5.55E-05
2,30in50,0.005625,0.320061212,0.4717,0,Building Residual Drift,4,3,4.28E-05,4.44E-05,4.84E-05,4.54E-05,2.77E-05,4.61E-05,4.51E-05,4.54E-05,4.27E-05,4.67E-05,5.82E-05
2,30in50,0.005625,0.320061212,0.4717,0,Acceleration,0,1,0.241764095,0.178768389,0.201564936,0.247692843,0.204241701,0.318335855,0.136318289,0.221829166,0.151586192,0.165442127,0.18690291
2,30in50,0.005625,0.320061212,0.4717,0,Acceleration,0,2,0.230361975,0.192677622,0.307219838,0.172421947,0.191566558,0.17381384,0.185037121,0.175552205,0.273675462,0.200107363,0.160962653
2,30in50,0.005625,0.320061212,0.4717,0,Acceleration,0,3,0.332441052,0.237778285,0.307756522,0.252208688,0.225898639,0.349236772,0.187701212,0.241689425,0.281132804,0.233412334,0.193597816
2,30in50,0.005625,0.320061212,0.4717,0,Acceleration,1,1,0.24103388,0.423910348,0.278818,0.261695809,0.221888861,0.519793867,0.267439838,0.282253141,0.224689715,0.278654764,0.353590495
2,30in50,0.005625,0.320061212,0.4717,0,Acceleration,1,2,0.356593725,0.355143515,0.381848505,0.277360678,0.433736389,0.240356362,0.477585364,0.404354289,0.581705828,0.375442962,0.36083438
2,30in50,0.005625,0.320061212,0.4717,0,Acceleration,1,3,0.391244795,0.471539136,0.40045523,0.343172355,0.45959224,0.524295939,0.477819448,0.405249007,0.594146406,0.381569729,0.436399398
2,30in50,0.005625,0.320061212,0.4717,0,Acceleration,2,1,0.31166899,0.440064124,0.432651384,0.401996901,0.341098583,0.505398586,0.310472167,0.349688241,0.290501567,0.35541078,0.468217196
2,30in50,0.005625,0.320061212,0.4717,0,Acceleration,2,2,0.493786265,0.440763367,0.486957723,0.435532473,0.478623848,0.352585275,0.608989839,0.551551319,0.720895518,0.566218035,0.449582703
2,30in50,0.005625,0.320061212,0.4717,0,Acceleration,2,3,0.53243249,0.467228128,0.570368921,0.483028482,0.532009052,0.509545395,0.619422768,0.571877244,0.733471142,0.591879128,0.523015805
2,30in50,0.005625,0.320061212,0.4717,0,Acceleration,3,1,0.40972166,0.452148854,0.49816805,0.449827596,0.406327102,0.543122335,0.416797047,0.409079266,0.306453945,0.426283918,0.575326281
2,30in50,0.005625,0.320061212,0.4717,0,Acceleration,3,2,0.656184296,0.491439573,0.550059155,0.53099479,0.557581675,0.458945466,0.700951048,0.520504441,0.654034822,0.599834384,0.601499258
2,30in50,0.005625,0.320061212,0.4717,0,Acceleration,3,3,0.678570949,0.602252848,0.716512132,0.602096401,0.647988753,0.546176934,0.735502694,0.570756491,0.660764719,0.697515419,0.641008714
2,30in50,0.005625,0.320061212,0.4717,0,Acceleration,4,1,0.495034025,0.766960367,0.596347734,0.556490071,0.639688638,0.836184448,0.566823967,0.524162517,0.411977662,0.632122589,0.715417466
2,30in50,0.005625,0.320061212,0.4717,0,Acceleration,4,2,0.865986308,0.717686282,0.779860161,0.626319057,0.821424618,0.569535924,0.979714765,0.814809715,1.029499639,0.68364226,0.83439547
2,30in50,0.005625,0.320061212,0.4717,0,Acceleration,4,3,0.879348118,1.034308677,0.935644738,0.703115026,0.922689275,0.863950851,1.02252625,0.827053382,1.066189963,0.854775496,0.943502079
2,30in50,0.005625,0.320061212,0.4717,0,Peak Floor Velocity,0,1,8.25432569,11.64673553,16.48090601,10.06473814,15.66176455,12.99290003,8.593939816,13.18667829,10.49516273,6.809367856,7.466401656
2,30in50,0.005625,0.320061212,0.4717,0,Peak Floor Velocity,0,2,14.10734211,11.54600302,13.417142,18.56273739,26.96018022,5.774350305,10.94343752,8.307312184,11.49686465,6.936377246,9.098876464
2,30in50,0.005625,0.320061212,0.4717,0,Peak Floor Velocity,0,3,15.42556464,12.65960649,21.14664066,18.60446287,28.93973665,13.00614628,11.27159605,14.62976385,12.33807935,7.926035453,9.104291266
2,30in50,0.005625,0.320061212,0.4717,0,Peak Floor Velocity,1,1,9.460510231,16.02374016,19.64300793,15.25976648,19.13938418,18.3199332,12.11676448,17.73626956,12.79868452,12.07078839,14.12877602
2,30in50,0.005625,0.320061212,0.4717,0,Peak Floor Velocity,1,2,17.38758761,16.65088663,18.52886946,23.49427264,28.92910276,9.868494189,19.23564989,14.22730279,20.52023278,14.06479338,13.52651654
2,30in50,0.005625,0.320061212,0.4717,0,Peak Floor Velocity,1,3,18.52577701,18.20454287,25.97862207,23.82073149,33.04038878,18.80589791,20.13131207,17.79114296,21.28861116,16.35752021,16.28982924
2,30in50,0.005625,0.320061212,0.4717,0,Peak Floor Velocity,2,1,12.72745938,17.03517189,21.57253423,19.01624244,21.76615445,21.62497188,15.94685533,20.27305886,14.43673588,17.07491786,21.50213828
2,30in50,0.005625,0.320061212,0.4717,0,Peak Floor Velocity,2,2,18.92920357,21.20308148,21.08836363,26.95682064,31.78852974,15.17313535,26.36414892,18.91280142,25.87453934,21.67012823,18.57376572
2,30in50,0.005625,0.320061212,0.4717,0,Peak Floor Velocity,2,3,20.04672128,22.61093163,29.0407192,27.44905728,35.81961459,22.22548813,28.02341011,21.03331006,26.86013683,24.85625283,21.82055141
2,30in50,0.005625,0.320061212,0.4717,0,Peak Floor Velocity,3,1,16.42169093,19.75401551,24.48371345,21.17047055,23.543678,28.41865292,17.85522012,23.6268543,14.35615471,20.88087448,25.56596427
2,30in50,0.005625,0.320061212,0.4717,0,Peak Floor Velocity,3,2,23.43160717,25.91734205,25.45507017,29.28988734,33.97928234,18.64041771,32.08038583,23.52508555,33.72367575,27.13680892,22.5884369
2,30in50,0.005625,0.320061212,0.4717,0,Peak Floor Velocity,3,3,25.40007043,26.94200384,30.701942,29.89243205,37.47941578,28.76914494,33.40969913,26.47106729,34.98154855,30.38219815,26.72278423
2,30in50,0.005625,0.320061212,0.4717,0,Peak Floor Velocity,4,1,18.71322446,24.60591462,27.21983652,23.98260326,24.88965202,34.91645416,19.51476291,25.73177589,16.40995247,23.38876996,27.62164544
2,30in50,0.005625,0.320061212,0.4717,0,Peak Floor Velocity,4,2,26.58794815,29.2435022,28.69405179,30.67242052,36.80793666,20.4271631,35.53210503,27.7316327,39.59048189,30.65738308,25.83462544
2,30in50,0.005625,0.320061212,0.4717,0,Peak Floor Velocity,4,3,29.52627429,30.1138166,33.63209453,31.32324606,38.81208418,35.14183929,36.92275802,29.46652699,40.82485159,33.66592047,30.5419401
3, 10in50,0.0021,0.503025715,0.4717,0,Story Drift Ratio,1,1,0.005186811,0.008292309,0.011098644,0.009423978,0.010472178,0.012201798,0.008600683,0.008532621,0.005901912,0.008519005,0.008247358
3, 10in50,0.0021,0.503025715,0.4717,0,Story Drift Ratio,1,2,0.008429024,0.008495489,0.013340763,0.008558773,0.009465538,0.007046734,0.010191861,0.009445864,0.012212552,0.008558578,0.008212276
3, 10in50,0.0021,0.503025715,0.4717,0,Story Drift Ratio,1,3,0.009897043,0.011871635,0.017353842,0.012730434,0.014116052,0.014090434,0.013335883,0.012729099,0.013563886,0.012075707,0.011638745
3, 10in50,0.0021,0.503025715,0.4717,0,Story Drift Ratio,2,1,0.005901136,0.009462354,0.011063039,0.011940558,0.012304307,0.012643435,0.010051655,0.010184657,0.00605347,0.009838655,0.00842931
3, 10in50,0.0021,0.503025715,0.4717,0,Story Drift Ratio,2,2,0.009870626,0.009419471,0.010510137,0.008112224,0.009935641,0.006357582,0.010911676,0.009242286,0.011171972,0.009602105,0.00879656
3, 10in50,0.0021,0.503025715,0.4717,0,Story Drift Ratio,2,3,0.011500116,0.013351501,0.015259549,0.014435549,0.015814959,0.014151866,0.014835782,0.013753075,0.012706591,0.013747711,0.012183297
3, 10in50,0.0021,0.503025715,0.4717,0,Story Drift Ratio,3,1,0.004168523,0.006137787,0.007821289,0.008212333,0.007650832,0.008601448,0.006795187,0.007127514,0.004243923,0.006655968,0.005992736
3, 10in50,0.0021,0.503025715,0.4717,0,Story Drift Ratio,3,2,0.00719594,0.006599666,0.007685092,0.005379832,0.00666419,0.004723651,0.007294294,0.006117916,0.007538264,0.006344654,0.006692593
3, 10in50,0.0021,0.503025715,0.4717,0,Story Drift Ratio,3,3,0.008316137,0.009012659,0.01096509,0.009817586,0.010146263,0.009813144,0.009969017,0.009393101,0.008650798,0.009195463,0.008983523
3, 10in50,0.0021,0.503025715,0.4717,0,Story Drift Ratio,4,1,0.002766205,0.004653127,0.004967135,0.004913998,0.004609835,0.005502705,0.00424263,0.004551051,0.002764893,0.004462529,0.0037139
3, 10in50,0.0021,0.503025715,0.4717,0,Story Drift Ratio,4,2,0.004386266,0.004019323,0.004608255,0.003239108,0.004042002,0.003218183,0.004193393,0.003810333,0.004601947,0.003999904,0.004108184
3, 10in50,0.0021,0.503025715,0.4717,0,Story Drift Ratio,4,3,0.005185675,0.006148703,0.006775577,0.005885507,0.006130935,0.006374673,0.005965271,0.005935546,0.005368664,0.005992779,0.005538071
3, 10in50,0.0021,0.503025715,0.4717,0,Building Residual Drift,1,1,3.37E-05,0.00010767,0.001006316,0.000290386,3.47E-05,2.44E-04,2.15E-04,0.000278322,4.06E-04,0.000293938,7.79E-04
3, 10in50,0.0021,0.503025715,0.4717,0,Building Residual Drift,1,2,0.000119803,0.000165165,0.000586694,0.000228258,2.09E-05,0.000106551,1.73E-04,6.24035E-05,0.000972434,2.43E-04,0.000756969
3, 10in50,0.0021,0.503025715,0.4717,0,Building Residual Drift,1,3,0.000124457,0.00019716,0.001164852,0.000369358,4.05E-05,0.000266637,0.000275927,0.000285232,0.001053793,0.000381175,0.001086559
3, 10in50,0.0021,0.503025715,0.4717,0,Building Residual Drift,2,1,4.67E-05,0.000173967,0.000874129,5.81E-04,6.08E-05,0.000268226,0.000380091,0.000493464,1.07E-04,0.000108973,0.000372971
3, 10in50,0.0021,0.503025715,0.4717,0,Building Residual Drift,2,2,0.00025453,2.25E-04,1.39E-04,0.000224201,6.51E-05,0.000079216,0.000198194,0.000086408,0.000442985,1.88E-04,0.000327283
3, 10in50,0.0021,0.503025715,0.4717,0,Building Residual Drift,2,3,0.000258779,0.000284347,0.000885171,0.0006229,8.91265E-05,0.000279679,0.000428661,0.000500972,0.000455684,0.000217171,0.000496207
3, 10in50,0.0021,0.503025715,0.4717,0,Building Residual Drift,3,1,2.61E-05,6.83E-05,4.32E-04,4.08E-04,3.32E-05,0.000219407,2.14E-04,0.00026725,2.24E-05,4.92E-05,1.85E-04
3, 10in50,0.0021,0.503025715,0.4717,0,Building Residual Drift,3,2,0.000196313,7.42E-05,2.52E-04,0.00012069,0.000109988,0.000103672,0.000141261,8.12E-05,0.000192209,1.47E-04,1.93E-04
3, 10in50,0.0021,0.503025715,0.4717,0,Building Residual Drift,3,3,0.000198045,1.01E-04,0.000500588,0.000425711,0.000114898,0.000242667,0.000256119,0.000279314,0.000193512,1.55E-04,2.67E-04
3, 10in50,0.0021,0.503025715,0.4717,0,Building Residual Drift,4,1,1.55E-05,1.55E-05,1.15E-04,1.30E-04,2.74E-05,1.10E-04,7.16E-05,7.68E-05,1.05E-05,1.75E-05,6.33E-05
3, 10in50,0.0021,0.503025715,0.4717,0,Building Residual Drift,4,2,1.02E-04,3.25E-05,1.48E-04,4.91E-05,6.99E-05,7.91E-05,9.57E-05,4.97E-05,1.05E-04,5.78E-05,1.20E-04
3, 10in50,0.0021,0.503025715,0.4717,0,Building Residual Drift,4,3,1.03E-04,3.60E-05,0.000187703,0.000139048,7.50705E-05,0.000135096,0.000119539,0.000091509,1.06E-04,6.04E-05,0.000136047
3, 10in50,0.0021,0.503025715,0.4717,0,Acceleration,0,1,0.389175337,0.292900433,0.37738978,0.46618935,0.328512853,0.442570211,0.214799585,0.344228623,0.17351691,0.326387719,0.271601414
3, 10in50,0.0021,0.503025715,0.4717,0,Acceleration,0,2,0.363800577,0.321260237,0.495452375,0.254040391,0.473520296,0.257040553,0.268958274,0.256141732,0.38519066,0.295401154,0.259449285
3, 10in50,0.0021,0.503025715,0.4717,0,Acceleration,0,3,0.510034963,0.396604601,0.506199122,0.470292999,0.484973297,0.484973281,0.272209089,0.371654341,0.396198122,0.35371435,0.274774628
3, 10in50,0.0021,0.503025715,0.4717,0,Acceleration,1,1,0.289989186,0.564588325,0.414325581,0.453315914,0.385029524,0.59548086,0.354051371,0.434334234,0.268558552,0.432850717,0.400918983
3, 10in50,0.0021,0.503025715,0.4717,0,Acceleration,1,2,0.475641401,0.501967983,0.675503644,0.451900738,0.582219367,0.470103243,0.443258064,0.564930897,0.754877308,0.432835478,0.41414362
3, 10in50,0.0021,0.503025715,0.4717,0,Acceleration,1,3,0.476304895,0.652688357,0.735617296,0.509358002,0.651313649,0.666260068,0.472184801,0.588715495,0.761946905,0.471916787,0.487572725
3, 10in50,0.0021,0.503025715,0.4717,0,Acceleration,2,1,0.332171606,0.614504068,0.508879801,0.579149084,0.601709457,0.801159992,0.515944173,0.554603502,0.334747802,0.594661408,0.481565222
3, 10in50,0.0021,0.503025715,0.4717,0,Acceleration,2,2,0.58585474,0.621721224,0.710157614,0.567984083,0.700708622,0.44702569,0.691771823,0.730275607,0.91794019,0.601264157,0.494427674
3, 10in50,0.0021,0.503025715,0.4717,0,Acceleration,2,3,0.608364466,0.75436543,0.800490881,0.751568906,0.719850971,0.812976015,0.692018345,0.732989524,0.929835561,0.65942256,0.646498278
3, 10in50,0.0021,0.503025715,0.4717,0,Acceleration,3,1,0.390651072,0.577120363,0.745475159,0.702977065,0.665963942,0.705182151,0.653814747,0.676582691,0.388069194,0.672294945,0.559439037
3, 10in50,0.0021,0.503025715,0.4717,0,Acceleration,3,2,0.785403842,0.728533027,0.838778568,0.631328807,0.791318412,0.541256582,0.794650534,0.676952103,0.915415644,0.744935035,0.750466492
3, 10in50,0.0021,0.503025715,0.4717,0,Acceleration,3,3,0.790728828,0.856411262,1.028921849,0.756594025,0.833904518,0.846541262,0.83256401,0.74941939,0.971136506,0.773666442,0.911039519
3, 10in50,0.0021,0.503025715,0.4717,0,Acceleration,4,1,0.658011686,1.08863825,1.110440535,1.009747705,1.016907347,1.231272748,0.826755923,0.933146015,0.54937115,1.030988941,0.871291599
3, 10in50,0.0021,0.503025715,0.4717,0,Acceleration,4,2,1.260454259,1.127946073,1.380865605,0.853014375,1.305741084,0.962278242,1.142014792,1.440133633,1.525245651,1.164883333,1.073639011
3, 10in50,0.0021,0.503025715,0.4717,0,Acceleration,4,3,1.263028537,1.493457303,1.456320344,1.116628173,1.312240851,1.335127377,1.184062841,1.544011508,1.528853127,1.342355561,1.260380623
3, 10in50,0.0021,0.503025715,0.4717,0,Peak Floor Velocity,0,1,11.93105793,17.43098625,21.6545143,20.30247782,11.15329344,18.05784474,12.22864229,20.50259683,10.13160573,10.12921641,10.45592992
3, 10in50,0.0021,0.503025715,0.4717,0,Peak Floor Velocity,0,2,20.47294188,17.401176,24.59278747,23.98278464,14.27999345,9.36171387,14.77645784,12.72881019,17.70283314,13.67126614,13.93205383
3, 10in50,0.0021,0.503025715,0.4717,0,Peak Floor Velocity,0,3,21.9886165,18.4958123,32.11271985,24.88830256,18.10366852,18.10355664,14.84842342,22.74509946,17.70285517,17.0117305,13.93296756
3, 10in50,0.0021,0.503025715,0.4717,0,Peak Floor Velocity,1,1,13.95013991,23.63286408,26.81545531,25.22964517,18.78291855,24.20911628,17.33898447,30.1451288,13.68335135,13.74207153,16.95648585
3, 10in50,0.0021,0.503025715,0.4717,0,Peak Floor Velocity,1,2,25.2098066,27.43358138,36.74386954,28.70738034,24.28943836,16.68913373,22.97663743,22.37344837,25.78430004,20.721438,20.26563224
3, 10in50,0.0021,0.503025715,0.4717,0,Peak Floor Velocity,1,3,28.30812369,27.44108613,44.45161717,31.20873629,26.48051872,25.43104261,23.09441773,30.64231411,25.96254215,23.97418752,24.40678509
3, 10in50,0.0021,0.503025715,0.4717,0,Peak Floor Velocity,2,1,17.95233526,26.44510896,33.75404145,29.86622175,28.58829038,30.89525951,23.29194565,35.99330725,18.14787378,22.19431125,24.10779225
3, 10in50,0.0021,0.503025715,0.4717,0,Peak Floor Velocity,2,2,29.46439214,33.27263794,43.66108087,36.47632976,30.15982824,21.82769577,33.5507149,28.0666084,33.89078678,27.68572401,27.10138265
3, 10in50,0.0021,0.503025715,0.4717,0,Peak Floor Velocity,2,3,33.6076204,33.28389913,54.67116748,36.84792993,32.30943644,32.58781154,33.90416852,36.00898249,35.51627237,32.94938357,33.74658169
3, 10in50,0.0021,0.503025715,0.4717,0,Peak Floor Velocity,3,1,21.59293157,27.99681782,38.29136791,32.95767186,38.31750969,40.06148935,30.23678895,39.80820991,21.51937795,30.83701909,29.01184137
3, 10in50,0.0021,0.503025715,0.4717,0,Peak Floor Velocity,3,2,33.32885723,39.46860722,48.30353171,43.05827111,36.67287202,24.18460566,41.01898263,32.2575444,42.5911428,33.51839878,32.0298654
3, 10in50,0.0021,0.503025715,0.4717,0,Peak Floor Velocity,3,3,37.92362569,40.29643561,59.62292262,45.30068369,38.85362038,42.20635125,41.05085039,40.03982779,43.27767908,41.43751364,39.80080731
3, 10in50,0.0021,0.503025715,0.4717,0,Peak Floor Velocity,4,1,24.3506744,37.33760541,41.35092115,37.56848479,46.52482758,50.2401232,34.59870211,42.94483002,23.04360584,37.75135092,34.38631609
3, 10in50,0.0021,0.503025715,0.4717,0,Peak Floor Velocity,4,2,36.97991717,45.46485065,54.50461323,47.74340329,44.91512541,26.70986049,46.71223504,40.69639796,51.02618305,38.42790556,38.13349202
3, 10in50,0.0021,0.503025715,0.4717,0,Peak Floor Velocity,4,3,40.77420175,45.74718696,64.76984384,52.60499768,47.95435043,52.60252948,46.7372773,44.0844367,52.74600564,47.77222262,45.32582179
4, 5in50,0.001025,0.700369588,0.4717,0,Story Drift Ratio,1,1,0.009720525,0.012566729,0.015449136,0.011965369,0.008791373,0.016252272,0.010594917,0.010617367,0.008875336,0.009152462,0.011418107
4, 5in50,0.001025,0.700369588,0.4717,0,Story Drift Ratio,1,2,0.011141887,0.011066981,0.020863364,0.012567961,0.014635987,0.009099083,0.011493585,0.010690748,0.015343806,0.010576298,0.010405353
4, 5in50,0.001025,0.700369588,0.4717,0,Story Drift Ratio,1,3,0.01478615,0.01674517,0.025960658,0.017352916,0.017073381,0.018626048,0.015631851,0.015067202,0.0177258,0.013986624,0.015448124
4, 5in50,0.001025,0.700369588,0.4717,0,Story Drift Ratio,2,1,0.011611569,0.012808778,0.012990976,0.013413622,0.008100388,0.018280193,0.011634273,0.011977521,0.008879654,0.009859459,0.011275988
4, 5in50,0.001025,0.700369588,0.4717,0,Story Drift Ratio,2,2,0.011774609,0.012008782,0.015934682,0.010234905,0.014008525,0.008660568,0.012618856,0.011391556,0.014221538,0.009238866,0.00959247
4, 5in50,0.001025,0.700369588,0.4717,0,Story Drift Ratio,2,3,0.016536927,0.017557781,0.020559171,0.01687242,0.016181936,0.020227973,0.017163677,0.016529626,0.016766049,0.013511683,0.014804168
4, 5in50,0.001025,0.700369588,0.4717,0,Story Drift Ratio,3,1,0.008012054,0.007506197,0.009094968,0.009275144,0.006644595,0.012148807,0.007850326,0.008585198,0.005859739,0.006861777,0.007631617
4, 5in50,0.001025,0.700369588,0.4717,0,Story Drift Ratio,3,2,0.007824454,0.007856874,0.009340117,0.006930717,0.009530578,0.006307352,0.008724336,0.007243435,0.008954153,0.006215545,0.007817181
4, 5in50,0.001025,0.700369588,0.4717,0,Story Drift Ratio,3,3,0.011198888,0.010866161,0.013036726,0.011578563,0.011618199,0.013688542,0.011736339,0.011232674,0.010701094,0.009258347,0.010924738
4, 5in50,0.001025,0.700369588,0.4717,0,Story Drift Ratio,4,1,0.004654295,0.005793016,0.005951457,0.005637467,0.005273514,0.00748283,0.005125187,0.00549618,0.004225489,0.00478162,0.004937912
4, 5in50,0.001025,0.700369588,0.4717,0,Story Drift Ratio,4,2,0.004362339,0.005017455,0.005330525,0.004276354,0.005474478,0.004345047,0.00513964,0.004466821,0.005109643,0.003640732,0.004954238
4, 5in50,0.001025,0.700369588,0.4717,0,Story Drift Ratio,4,3,0.006379064,0.007663804,0.007989639,0.007075892,0.007601307,0.008652871,0.007258336,0.007082406,0.006630475,0.006009893,0.006994816
4, 5in50,0.001025,0.700369588,0.4717,0,Building Residual Drift,1,1,0.000719024,0.001078031,0.003025561,0.000948979,0.001286016,0.001065123,0.000416903,4.31E-04,3.86E-04,0.000640865,2.21E-03
4, 5in50,0.001025,0.700369588,0.4717,0,Building Residual Drift,1,2,0.001345915,0.000984538,0.001921459,0.000386453,0.00172055,0.000257998,0.000393482,0.000460573,0.001266236,0.000447489,0.001529095
4, 5in50,0.001025,0.700369588,0.4717,0,Building Residual Drift,1,3,0.001525937,0.001459954,0.003584135,0.001024649,0.002148052,0.001095924,0.000573268,0.000630961,0.001323648,0.000781636,0.002684821
4, 5in50,0.001025,0.700369588,0.4717,0,Building Residual Drift,2,1,0.0001005,0.000820617,1.92E-03,0.001192869,5.08E-04,0.0007499,0.000644089,6.17E-04,0.000224971,0.000519171,7.51E-04
4, 5in50,0.001025,0.700369588,0.4717,0,Building Residual Drift,2,2,0.000960525,0.000338966,0.001027592,1.90E-04,0.001188167,8.43195E-05,0.000238164,0.000345478,0.000752207,0.000180468,0.000463736
4, 5in50,0.001025,0.700369588,0.4717,0,Building Residual Drift,2,3,0.000965769,0.000887868,0.002176067,0.001207856,0.001292188,0.000754626,0.000686712,0.000707393,0.000785128,0.000549643,0.000882536
4, 5in50,0.001025,0.700369588,0.4717,0,Building Residual Drift,3,1,2.34E-04,0.000347217,9.77E-04,0.000771192,0.000191786,0.000754509,0.000423998,2.76E-04,8.27E-05,2.21E-04,1.67E-04
4, 5in50,0.001025,0.700369588,0.4717,0,Building Residual Drift,3,2,0.000472387,8.76E-05,0.000316399,1.72E-04,0.000662761,0.000205443,0.000256357,0.000209927,0.000294434,6.53E-05,0.000255768
4, 5in50,0.001025,0.700369588,0.4717,0,Building Residual Drift,3,3,0.000527172,0.000358095,0.001026953,0.000790082,0.000689952,0.000781979,0.000495473,0.000347116,0.000305823,0.000230867,0.000305415
4, 5in50,0.001025,0.700369588,0.4717,0,Building Residual Drift,4,1,7.81E-05,9.43E-05,3.69E-04,3.35E-04,0.000105001,6.05E-04,1.44E-04,5.33E-05,2.68E-05,7.84E-05,5.49E-05
4, 5in50,0.001025,0.700369588,0.4717,0,Building Residual Drift,4,2,0.000188119,5.77E-05,6.63E-05,0.000167455,0.000435386,2.09E-04,0.000216948,0.000133897,6.51E-05,9.92E-05,0.000248404
4, 5in50,0.001025,0.700369588,0.4717,0,Building Residual Drift,4,3,0.000203678,0.000110521,0.000374943,0.000374636,0.000447869,0.000639839,0.000260559,0.000144131,7.05E-05,1.26E-04,0.000254405
4, 5in50,0.001025,0.700369588,0.4717,0,Acceleration,0,1,0.700646438,0.407395596,0.529449115,0.651371515,0.434290111,0.60537977,0.296370383,0.48380039,0.240332636,0.411976757,0.362491681
4, 5in50,0.001025,0.700369588,0.4717,0,Acceleration,0,2,0.396116429,0.457752589,0.640577789,0.349842299,0.421853897,0.361455568,0.383554929,0.354357961,0.507702959,0.442467115,0.355515713
4, 5in50,0.001025,0.700369588,0.4717,0,Acceleration,0,3,0.710161305,0.554297219,0.646737045,0.657058483,0.487964947,0.663652044,0.389671678,0.516854511,0.517447939,0.545211616,0.376240252
4, 5in50,0.001025,0.700369588,0.4717,0,Acceleration,1,1,0.540853786,0.724816359,0.509701956,0.566698998,0.611761671,0.75635927,0.53137542,0.637080691,0.487691559,0.51658049,0.619377304
4, 5in50,0.001025,0.700369588,0.4717,0,Acceleration,1,2,0.505722408,0.62921001,0.878853286,0.548627459,0.686179097,0.737905429,0.544919109,0.690713036,0.906857608,0.560812921,0.615389698
4, 5in50,0.001025,0.700369588,0.4717,0,Acceleration,1,3,0.588756184,0.84803234,0.952028831,0.682741569,0.847764785,0.814287109,0.736577496,0.7779259,0.907770799,0.623821263,0.8636366
4, 5in50,0.001025,0.700369588,0.4717,0,Acceleration,2,1,0.635864231,0.816620356,0.580105851,0.665668452,0.582312055,0.830367369,0.679633365,0.740541893,0.628279765,0.60941738,0.667131105
4, 5in50,0.001025,0.700369588,0.4717,0,Acceleration,2,2,0.602590388,0.763735907,0.856989507,0.665475834,0.761118932,0.639377032,0.711339098,0.782412977,0.885446125,0.601365403,0.681902746
4, 5in50,0.001025,0.700369588,0.4717,0,Acceleration,2,3,0.721157105,0.885791795,0.955348637,0.733807226,0.771127575,0.863190169,0.743332534,0.930683707,0.909871369,0.774635037,0.792807892
4, 5in50,0.001025,0.700369588,0.4717,0,Acceleration,3,1,0.676623968,0.659800038,0.842317723,0.713480868,0.593956184,0.837902192,0.678697553,0.734217547,0.545668104,0.733535194,0.696696649
4, 5in50,0.001025,0.700369588,0.4717,0,Acceleration,3,2,0.835267685,0.86903199,1.061229993,0.726456282,0.924600507,0.75433744,0.859724187,0.889154129,0.942686015,0.715984421,0.86130656
4, 5in50,0.001025,0.700369588,0.4717,0,Acceleration,3,3,0.940853654,0.993718067,1.120769236,0.877545752,0.938816998,0.943208285,0.937312903,1.031406129,0.979838959,0.914706428,1.052092464
4, 5in50,0.001025,0.700369588,0.4717,0,Acceleration,4,1,1.039457115,1.438157274,1.355008795,1.061670071,1.43037744,1.355707487,1.193249985,1.20265914,0.988287056,1.131817908,1.156674608
4, 5in50,0.001025,0.700369588,0.4717,0,Acceleration,4,2,1.174658634,1.497685338,1.656208247,1.171108731,1.630953443,1.478044374,1.42249578,1.674244649,1.872521207,1.258984801,1.448812823
4, 5in50,0.001025,0.700369588,0.4717,0,Acceleration,4,3,1.418406229,2.050128128,1.701006059,1.384447043,1.693632233,1.634189423,1.559495525,1.726292369,1.874233834,1.381552897,1.73164851
4, 5in50,0.001025,0.700369588,0.4717,0,Peak Floor Velocity,0,1,25.05680959,24.6380175,30.75506854,28.20669132,31.07017616,24.66106303,17.95406055,28.9499455,11.97463817,12.506704,14.62073103
4, 5in50,0.001025,0.700369588,0.4717,0,Peak Floor Velocity,0,2,19.36276122,24.62001343,39.70560665,33.97194508,52.96692485,13.29557507,20.9840674,17.75832352,24.13048453,18.93316508,19.51515717
4, 5in50,0.001025,0.700369588,0.4717,0,Peak Floor Velocity,0,3,31.17185091,25.79691962,49.56894908,34.82868827,56.53807749,24.69462129,21.01588625,32.25408692,24.54851064,22.69022768,19.51515753
4, 5in50,0.001025,0.700369588,0.4717,0,Peak Floor Velocity,1,1,34.9146045,32.53327913,36.94498796,34.87551556,38.07139023,32.82373108,24.10033181,41.40939235,18.30861414,14.98304071,21.18672905
4, 5in50,0.001025,0.700369588,0.4717,0,Peak Floor Velocity,1,2,25.58502372,38.11598221,51.87250321,39.83924641,62.14866507,24.12052555,29.28623439,28.98730714,32.97077264,29.14296943,26.7643017
4, 5in50,0.001025,0.700369588,0.4717,0,Peak Floor Velocity,1,3,42.3730437,38.12911933,62.72981797,42.92707075,64.31879324,34.43304981,29.36264799,42.51835039,33.03783629,32.01406566,32.85848268
4, 5in50,0.001025,0.700369588,0.4717,0,Peak Floor Velocity,2,1,41.62927238,35.72775378,44.0121317,39.14863733,43.05279032,41.85078755,29.12345989,48.94639341,25.22886035,22.56119546,27.4740309
4, 5in50,0.001025,0.700369588,0.4717,0,Peak Floor Velocity,2,2,33.24403235,45.47472848,59.07636164,46.09350915,70.40889196,31.14543762,40.24314955,36.128655,40.67051012,37.94839398,34.25681846
4, 5in50,0.001025,0.700369588,0.4717,0,Peak Floor Velocity,2,3,51.01138373,45.49035215,73.16731543,50.55887907,73.59929433,44.04128565,40.32919824,49.18316902,41.53718654,44.01718773,43.75724572
4, 5in50,0.001025,0.700369588,0.4717,0,Peak Floor Velocity,3,1,48.11516875,37.75427595,49.0385147,41.42047738,47.3931084,44.12788198,34.37063504,54.0478121,30.49631587,28.94794349,33.85947785
4, 5in50,0.001025,0.700369588,0.4717,0,Peak Floor Velocity,3,2,40.07851675,50.53839806,67.00747563,55.107256,80.472799,33.79165918,45.80484518,41.56753273,47.9645787,44.78768983,40.75852967
4, 5in50,0.001025,0.700369588,0.4717,0,Peak Floor Velocity,3,3,58.09589875,50.55673177,81.0622233,56.36454754,82.93406051,45.73425612,47.14658165,54.05050066,49.36503756,52.66476361,50.26978979
4, 5in50,0.001025,0.700369588,0.4717,0,Peak Floor Velocity,4,1,52.85170808,47.25077946,52.61242758,43.44549784,57.11550315,54.76951418,42.58146509,60.51708473,37.49482146,35.73302701,44.01030583
4, 5in50,0.001025,0.700369588,0.4717,0,Peak Floor Velocity,4,2,44.85981856,57.88352485,77.13601775,64.18976289,87.72564428,39.0854547,50.71606334,53.22416267,56.60602335,51.01361916,51.15952455
4, 5in50,0.001025,0.700369588,0.4717,0,Peak Floor Velocity,4,3,62.95048276,57.92315143,92.00611078,65.92250166,90.42998398,57.96223236,52.78422721,62.91940634,57.95802496,60.94304751,60.90451684
5, 2in50,0.000404,1.042644696,0.4717,0,Story Drift Ratio,1,1,0.014070111,0.015756106,0.02550428,0.01863897,0.024484983,0.028197797,0.017133733,0.035410475,0.012014668,0.025884014,0.015840661
5, 2in50,0.000404,1.042644696,0.4717,0,Story Drift Ratio,1,2,0.019169595,0.020688253,0.028908167,0.013390996,0.021820582,0.011235358,0.017152932,0.019893657,0.018242963,0.020762103,0.017443713
5, 2in50,0.000404,1.042644696,0.4717,0,Story Drift Ratio,1,3,0.023779012,0.026004974,0.038550621,0.022950599,0.032797137,0.030353732,0.024244337,0.040615999,0.021843945,0.033182029,0.023562887
5, 2in50,0.000404,1.042644696,0.4717,0,Story Drift Ratio,2,1,0.013863744,0.016615031,0.01836255,0.018384315,0.021353133,0.027460361,0.014969729,0.035024986,0.012929867,0.022482246,0.015850611
5, 2in50,0.000404,1.042644696,0.4717,0,Story Drift Ratio,2,2,0.015770763,0.017424019,0.02242765,0.012623723,0.017549802,0.010667116,0.015516396,0.012212507,0.016694061,0.015836289,0.014294786
5, 2in50,0.000404,1.042644696,0.4717,0,Story Drift Ratio,2,3,0.020998104,0.02407604,0.028985906,0.022301153,0.027639678,0.029459443,0.021560411,0.037093058,0.021115709,0.027499808,0.021344385
5, 2in50,0.000404,1.042644696,0.4717,0,Story Drift Ratio,3,1,0.01063797,0.010185999,0.011102039,0.012129073,0.012117893,0.01660445,0.008806993,0.021077389,0.008186686,0.012514078,0.010790099
5, 2in50,0.000404,1.042644696,0.4717,0,Story Drift Ratio,3,2,0.010076981,0.009531929,0.011417489,0.008644328,0.01075424,0.0068611,0.009230599,0.008386493,0.012849936,0.009253247,0.009597872
5, 2in50,0.000404,1.042644696,0.4717,0,Story Drift Ratio,3,3,0.014653052,0.013950349,0.015925274,0.014894255,0.01620176,0.017966147,0.01275802,0.022684567,0.015236229,0.01556357,0.014441101
5, 2in50,0.000404,1.042644696,0.4717,0,Story Drift Ratio,4,1,0.007087408,0.007025104,0.006750518,0.007815105,0.006908101,0.008910918,0.006035898,0.01283444,0.004969516,0.007417976,0.00696069
5, 2in50,0.000404,1.042644696,0.4717,0,Story Drift Ratio,4,2,0.006097586,0.005376237,0.005847127,0.005343228,0.006528902,0.004780084,0.005512243,0.005583713,0.007708847,0.005870071,0.005221649
5, 2in50,0.000404,1.042644696,0.4717,0,Story Drift Ratio,4,3,0.009349433,0.008846243,0.008930756,0.009467098,0.009505178,0.010112055,0.00817416,0.013996453,0.009171827,0.009459604,0.008701541
5, 2in50,0.000404,1.042644696,0.4717,0,Building Residual Drift,1,1,0.003491864,0.001679412,0.006391451,0.004243932,0.004356297,0.005690833,0.002243202,9.49E-03,0.000373525,0.003535902,8.18E-04
5, 2in50,0.000404,1.042644696,0.4717,0,Building Residual Drift,1,2,0.000966739,0.003678683,0.006411742,0.000876684,0.001576806,0.000885093,0.001291631,0.002855954,0.002210851,0.000876557,0.001037647
5, 2in50,0.000404,1.042644696,0.4717,0,Building Residual Drift,1,3,0.003623216,0.0040439,0.009053236,0.004333536,0.004632886,0.005759251,0.002588487,0.009913432,0.002242183,0.003642932,0.001321291
5, 2in50,0.000404,1.042644696,0.4717,0,Building Residual Drift,2,1,0.002400694,0.001372587,0.00342331,0.002972175,0.003005123,0.004589537,0.001752813,0.007976676,0.001179793,0.002503346,7.27E-05
5, 2in50,0.000404,1.042644696,0.4717,0,Building Residual Drift,2,2,0.00054937,0.00184757,0.003593324,0.000373796,0.001992995,0.000167706,0.001041923,0.001100684,1.38E-03,0.000861146,7.93E-04
5, 2in50,0.000404,1.042644696,0.4717,0,Building Residual Drift,2,3,0.002462751,0.002301632,0.004962966,0.002995588,0.003605938,0.0045926,0.002039107,0.008052258,0.001811895,0.002647321,0.000796381
5, 2in50,0.000404,1.042644696,0.4717,0,Building Residual Drift,3,1,0.001507874,0.000747711,0.00116205,0.001722771,0.001582319,0.002956904,0.00098515,0.005138006,0.000709966,0.001177149,0.000430045
5, 2in50,0.000404,1.042644696,0.4717,0,Building Residual Drift,3,2,0.000393766,6.05E-04,0.000927922,0.000258761,0.000922424,0.000381298,0.000631749,0.000433417,8.99E-04,0.000208512,2.52E-04
5, 2in50,0.000404,1.042644696,0.4717,0,Building Residual Drift,3,3,0.00155844,0.00096184,0.001487078,0.001742096,0.001831556,0.002981387,0.001170311,0.005156254,0.001145748,0.001195473,0.000498388
5, 2in50,0.000404,1.042644696,0.4717,0,Building Residual Drift,4,1,0.000757416,3.69E-04,5.75E-04,8.95E-04,0.00085067,0.001629045,0.000367229,0.003055273,2.28E-04,0.00066387,4.02E-04
5, 2in50,0.000404,1.042644696,0.4717,0,Building Residual Drift,4,2,0.000324018,1.51E-04,2.18E-04,0.000397908,0.000586751,4.23E-04,0.000469272,0.000350328,0.00041975,0.00034352,0.000236777
5, 2in50,0.000404,1.042644696,0.4717,0,Building Residual Drift,4,3,0.000823812,0.000398754,0.000615417,0.000979173,0.0010334,0.001683177,0.00059588,0.003075293,0.000477558,0.000747481,0.000466816
5, 2in50,0.000404,1.042644696,0.4717,0,Acceleration,0,1,0.798605852,0.590701205,0.703230789,0.865035101,0.653015461,0.786901468,0.414158493,0.756802933,0.340593821,0.770382682,0.522949693
5, 2in50,0.000404,1.042644696,0.4717,0,Acceleration,0,2,0.756291099,0.68826724,0.928067821,0.480033523,0.661771426,0.514973875,0.588614885,0.549544569,0.808716452,0.686205709,0.54575053
5, 2in50,0.000404,1.042644696,0.4717,0,Acceleration,0,3,1.01447049,0.809530868,0.93648166,0.870913479,0.765598479,0.789133829,0.588667937,0.81225378,0.869103953,0.959593279,0.547887585
5, 2in50,0.000404,1.042644696,0.4717,0,Acceleration,1,1,0.576781959,0.876277035,0.613278606,0.663111954,0.706517757,0.772004463,0.72946162,0.922704509,0.480336929,0.704212664,0.735553015
5, 2in50,0.000404,1.042644696,0.4717,0,Acceleration,1,2,1.110122826,0.872025067,0.813747303,0.724554451,0.812042161,0.75910699,0.734031966,1.064768601,1.05960487,0.913775927,0.828073152
5, 2in50,0.000404,1.042644696,0.4717,0,Acceleration,1,3,1.114439756,1.200179428,0.84324267,0.807190621,0.854226655,0.855539556,0.880196577,1.135193679,1.059761249,1.033366312,1.049856558
5, 2in50,0.000404,1.042644696,0.4717,0,Acceleration,2,1,0.595149498,0.865146509,0.683916988,0.694787077,0.72988632,0.892806005,0.710318133,0.959651502,0.620484206,0.803952528,0.696220031
5, 2in50,0.000404,1.042644696,0.4717,0,Acceleration,2,2,0.99036919,0.896834744,0.964840083,0.777623167,0.971750923,0.832417708,0.866507743,0.924620303,0.991925533,0.867630933,0.922957388
5, 2in50,0.000404,1.042644696,0.4717,0,Acceleration,2,3,1.004479285,1.08994669,0.999181369,0.797064643,1.010341373,0.925104934,0.873059275,1.130854338,1.000232152,0.933949652,0.959547141
5, 2in50,0.000404,1.042644696,0.4717,0,Acceleration,3,1,0.960609514,0.779512048,0.817594348,0.838084347,0.850653205,0.890029218,0.817351421,0.963803606,0.63725298,0.858156737,0.777558109
5, 2in50,0.000404,1.042644696,0.4717,0,Acceleration,3,2,1.134221804,0.971721655,1.132470995,0.880893217,1.050035645,0.861107465,0.948364399,1.004391028,1.242471683,0.942843059,1.010871881
5, 2in50,0.000404,1.042644696,0.4717,0,Acceleration,3,3,1.141446387,1.165161011,1.139887472,1.0039851,1.072253218,0.976335929,1.101802536,1.245559226,1.289416771,1.162989579,1.103737497
5, 2in50,0.000404,1.042644696,0.4717,0,Acceleration,4,1,1.464879045,1.740624975,1.174727687,1.486523898,1.541338249,1.702486703,1.459020288,1.824166286,1.041767436,1.422275923,1.577460833
5, 2in50,0.000404,1.042644696,0.4717,0,Acceleration,4,2,2.269506892,1.845056979,1.563182956,1.471431497,1.814899283,1.626472806,1.89304364,2.118016432,2.171178015,1.89607226,1.978741241
5, 2in50,0.000404,1.042644696,0.4717,0,Acceleration,4,3,2.271469016,2.512434835,1.68021879,1.792273689,1.87566659,1.802610319,1.898518233,2.374166825,2.271036123,2.10664356,2.174036604
5, 2in50,0.000404,1.042644696,0.4717,0,Peak Floor Velocity,0,1,28.27496335,38.05519798,42.81828226,46.1850981,44.90780721,37.48988624,22.27395478,42.79612806,20.6104771,25.28070066,21.97695903
5, 2in50,0.000404,1.042644696,0.4717,0,Peak Floor Velocity,0,2,46.22780264,38.42699844,44.53689225,46.68670134,77.85793269,20.54462418,29.52801938,28.70021711,36.19871424,27.7770743,30.3326953
5, 2in50,0.000404,1.042644696,0.4717,0,Peak Floor Velocity,0,3,48.46934551,39.52635982,60.78131885,50.94272712,82.88219745,37.52940196,29.81549405,48.44610635,36.97396531,29.36558629,30.35912165
5, 2in50,0.000404,1.042644696,0.4717,0,Peak Floor Velocity,1,1,28.58615564,47.41883169,51.10586544,53.73313408,52.48836968,43.4629742,29.51099365,47.75907341,29.90711826,28.24862128,26.69422955
5, 2in50,0.000404,1.042644696,0.4717,0,Peak Floor Velocity,1,2,52.7770408,52.07929566,56.39889077,55.43560466,89.79813522,28.7401574,36.81099148,36.82946122,43.02826653,42.06624389,33.12535265
5, 2in50,0.000404,1.042644696,0.4717,0,Peak Floor Velocity,1,3,56.01228482,52.30583032,71.75838759,61.73431114,91.79174594,44.29131869,38.25725555,51.69310858,43.58099307,42.5634597,40.15955852
5, 2in50,0.000404,1.042644696,0.4717,0,Peak Floor Velocity,2,1,34.04996061,50.6732144,56.9410818,57.49288059,59.54852537,54.98786638,36.33072744,58.49343105,34.36221838,39.09354062,33.55316651
5, 2in50,0.000404,1.042644696,0.4717,0,Peak Floor Velocity,2,2,59.68532258,60.76088535,64.83892708,65.54247413,96.57695576,38.328722,50.74564314,42.88221047,53.71447699,51.58165845,40.09302228
5, 2in50,0.000404,1.042644696,0.4717,0,Peak Floor Velocity,2,3,62.9712644,60.79039263,83.47407884,72.54012122,96.92994807,57.10144016,50.81654581,60.8084375,54.37849582,53.12875613,49.14815183
5, 2in50,0.000404,1.042644696,0.4717,0,Peak Floor Velocity,3,1,40.08079082,51.54549366,63.22922423,65.04107604,62.33856916,58.63549563,41.43994949,66.06227957,38.2043607,47.11640466,38.99433938
5, 2in50,0.000404,1.042644696,0.4717,0,Peak Floor Velocity,3,2,64.32181965,66.05925052,74.03338757,75.38766202,107.0810101,44.06280705,60.1353162,48.1398611,58.53796024,57.76308031,53.3565304
5, 2in50,0.000404,1.042644696,0.4717,0,Peak Floor Velocity,3,3,67.35922151,66.07448229,92.17828165,79.98360933,107.5283927,62.01631743,61.12186078,69.3521505,61.04587961,60.28876869,59.77114546
5, 2in50,0.000404,1.042644696,0.4717,0,Peak Floor Velocity,4,1,46.45300035,64.40627978,70.7819349,71.96347854,69.23032558,66.51557752,49.45902923,75.13014937,44.49269614,53.74524286,49.97902635
5, 2in50,0.000404,1.042644696,0.4717,0,Peak Floor Velocity,4,2,76.14170739,72.25922001,85.06303748,83.12150157,117.3984432,53.57247439,67.3974259,63.35796254,67.18089622,71.98592663,71.03794446
5, 2in50,0.000404,1.042644696,0.4717,0,Peak Floor Velocity,4,3,77.44905348,72.58108667,101.0393074,85.68330428,117.8353378,69.09423345,68.62128789,82.09598708,75.20939455,77.80695737,76.4979233
