Building Name: PSEUDO S1-M(HC) - Soil D,,,,,,,,,,,,,,,,,,,
Description,,"	",  Usage,School,,,,,,,,,,,,,,,
Latitude,14.55036,"	", Median Collapse Sa(g),4.255182482,,,,,,,,,,,,,,,
Longitude,121.00892,"	", Beta Collapse,0.9,,,,,,,,,,,,,,,
Number of Stories,5,,,,,,,,,,,,,,,,,,
Floor Area (sq.ft.),37444.91713,,,,,,,,,,,,,,,,,,
,,,,,,,,,,,,,,,,,,,
Intensity, Intensity Description, MAFE, Sa, BetaM, BetaGM, EDP Type, Storey, Direction,EQ1,EQ2,EQ3,EQ4,EQ5,EQ6,EQ7,EQ8,EQ9,EQ10,EQ11
1, 63in50,0.02,0.387799768,0.2,0,Story Drift Ratio,1,1,0.002431641,0.004272766,0.006456598,0.007061872,0.007380864,0.007712923,0.008059922,0.008423996,0.009213705,0.013922874,0.003074538
1, 63in50,0.02,0.387799768,0.2,0,Story Drift Ratio,1,2,0.002431641,0.004272766,0.006456598,0.007061872,0.007380864,0.007712923,0.008059922,0.008423996,0.009213705,0.013922874,0.003074538
1, 63in50,0.02,0.387799768,0.2,0,Story Drift Ratio,1,3,0.003438859,0.006042604,0.009131008,0.009986996,0.010438118,0.010907721,0.011398451,0.01191333,0.013030147,0.019689918,0.004348053
1, 63in50,0.02,0.387799768,0.2,0,Story Drift Ratio,2,1,0.001816557,0.00319197,0.004823401,0.005275571,0.005513874,0.005761939,0.006021164,0.006293146,0.006883098,0.010401083,0.002296833
1, 63in50,0.02,0.387799768,0.2,0,Story Drift Ratio,2,2,0.001816557,0.00319197,0.004823401,0.005275571,0.005513874,0.005761939,0.006021164,0.006293146,0.006883098,0.010401083,0.002296833
1, 63in50,0.02,0.387799768,0.2,0,Story Drift Ratio,2,3,0.002569,0.004514127,0.006821319,0.007460785,0.007797795,0.008148612,0.008515212,0.008899852,0.009734171,0.014709352,0.003248213
1, 63in50,0.02,0.387799768,0.2,0,Story Drift Ratio,3,1,0.001763784,0.003099239,0.004683275,0.005122309,0.005353689,0.005594547,0.005846241,0.006110322,0.006683135,0.010098917,0.002230107
1, 63in50,0.02,0.387799768,0.2,0,Story Drift Ratio,3,2,0.001763784,0.003099239,0.004683275,0.005122309,0.005353689,0.005594547,0.005846241,0.006110322,0.006683135,0.010098917,0.002230107
1, 63in50,0.02,0.387799768,0.2,0,Story Drift Ratio,3,3,0.002494367,0.004382986,0.006623151,0.007244039,0.007571259,0.007911884,0.008267834,0.0086413,0.00945138,0.014282026,0.003153848
1, 63in50,0.02,0.387799768,0.2,0,Story Drift Ratio,4,1,0.00200323,0.003519982,0.005319062,0.005817699,0.00608049,0.006354046,0.00663991,0.006939841,0.007590418,0.011469916,0.00253286
1, 63in50,0.02,0.387799768,0.2,0,Story Drift Ratio,4,2,0.00200323,0.003519982,0.005319062,0.005817699,0.00608049,0.006354046,0.00663991,0.006939841,0.007590418,0.011469916,0.00253286
1, 63in50,0.02,0.387799768,0.2,0,Story Drift Ratio,4,3,0.002832995,0.004978007,0.00752229,0.008227468,0.008599111,0.008985978,0.00939025,0.009814417,0.010734471,0.016220911,0.003582005
1, 63in50,0.02,0.387799768,0.2,0,Story Drift Ratio,5,1,0.001278476,0.002246478,0.003394664,0.003712898,0.003880613,0.004055199,0.004237639,0.004429057,0.00484426,0.007320185,0.00161649
1, 63in50,0.02,0.387799768,0.2,0,Story Drift Ratio,5,2,0.001278476,0.002246478,0.003394664,0.003712898,0.003880613,0.004055199,0.004237639,0.004429057,0.00484426,0.007320185,0.00161649
1, 63in50,0.02,0.387799768,0.2,0,Story Drift Ratio,5,3,0.001808038,0.003177,0.00480078,0.00525083,0.005488015,0.005734917,0.005992927,0.006263633,0.006850818,0.010352304,0.002286062
1, 63in50,0.02,0.387799768,0.2,0,Building Residual Drift,1,1,2.61E-04,4.97E-04,0.000795525,0.000881083,0.000926594,0.000974262,0.001024383,0.001077296,0.001193157,0.001910227,3.41E-04
1, 63in50,0.02,0.387799768,0.2,0,Building Residual Drift,1,2,2.61E-04,4.97E-04,0.000795525,0.000881083,0.000926594,0.000974262,0.001024383,0.001077296,0.001193157,0.001910227,3.41E-04
1, 63in50,0.02,0.387799768,0.2,0,Building Residual Drift,1,3,3.70E-04,7.03E-04,0.001125043,0.001246039,0.001310401,0.001377815,0.001448697,0.001523527,0.001687379,0.002701469,4.83E-04
1, 63in50,0.02,0.387799768,0.2,0,Building Residual Drift,2,1,0.000140269,0.000266706,0.000426993,0.000472915,0.000497343,0.000522928,0.00054983,0.000578231,0.000640419,0.001025301,0.000183274
1, 63in50,0.02,0.387799768,0.2,0,Building Residual Drift,2,2,0.000140269,0.000266706,0.000426993,0.000472915,0.000497343,0.000522928,0.00054983,0.000578231,0.000640419,0.001025301,0.000183274
1, 63in50,0.02,0.387799768,0.2,0,Building Residual Drift,2,3,0.00019837,0.000377179,0.000603859,0.000668803,0.000703349,0.000739532,0.000777578,0.000817742,0.000905689,0.001449995,0.000259188
1, 63in50,0.02,0.387799768,0.2,0,Building Residual Drift,3,1,0.000126799,0.000241094,0.000385988,0.0004275,0.000449582,0.000472711,0.000497029,0.000522703,0.000578918,0.00092684,0.000165674
1, 63in50,0.02,0.387799768,0.2,0,Building Residual Drift,3,2,0.000126799,0.000241094,0.000385988,0.0004275,0.000449582,0.000472711,0.000497029,0.000522703,0.000578918,0.00092684,0.000165674
1, 63in50,0.02,0.387799768,0.2,0,Building Residual Drift,3,3,0.00017932,0.000340958,0.000545869,0.000604577,0.000635805,0.000668514,0.000702906,0.000739213,0.000818714,0.001310749,0.000234298
1, 63in50,0.02,0.387799768,0.2,0,Building Residual Drift,4,1,1.88E-04,3.57E-04,5.72E-04,6.34E-04,6.66E-04,7.01E-04,7.37E-04,7.75E-04,8.58E-04,1.37E-03,2.46E-04
1, 63in50,0.02,0.387799768,0.2,0,Building Residual Drift,4,2,1.88E-04,3.57E-04,5.72E-04,6.34E-04,6.66E-04,7.01E-04,7.37E-04,7.75E-04,8.58E-04,1.37E-03,2.46E-04
1, 63in50,0.02,0.387799768,0.2,0,Building Residual Drift,4,3,2.66E-04,5.05E-04,8.09E-04,8.96E-04,9.42E-04,9.91E-04,1.04E-03,1.10E-03,1.21E-03,1.94E-03,3.47E-04
1, 63in50,0.02,0.387799768,0.2,0,Building Residual Drift,5,1,1.75E-04,0.000332235,0.000531903,0.000589108,0.000619538,0.00065141,0.000684921,0.0007203,0.000797767,0.001277213,2.28E-04
1, 63in50,0.02,0.387799768,0.2,0,Building Residual Drift,5,2,1.75E-04,0.000332235,0.000531903,0.000589108,0.000619538,0.00065141,0.000684921,0.0007203,0.000797767,0.001277213,2.28E-04
1, 63in50,0.02,0.387799768,0.2,0,Building Residual Drift,5,3,2.47E-04,0.000469851,0.000752224,0.000833125,0.000876158,0.000921232,0.000968625,0.001018658,0.001128213,0.001806252,0.00032287
1, 63in50,0.02,0.387799768,0.2,0,Acceleration,0,1,0.072070905,0.116110606,0.164648294,0.177615458,0.184379857,0.191373719,0.19863287,0.206197707,0.222437167,0.315422522,0.087892539
1, 63in50,0.02,0.387799768,0.2,0,Acceleration,0,2,0.072070905,0.116110606,0.164648294,0.177615458,0.184379857,0.191373719,0.19863287,0.206197707,0.222437167,0.315422522,0.087892539
1, 63in50,0.02,0.387799768,0.2,0,Acceleration,0,3,0.101923651,0.164205194,0.232847851,0.25118619,0.260752495,0.270643308,0.280909298,0.291607593,0.314573658,0.446074809,0.124298821
1, 63in50,0.02,0.387799768,0.2,0,Acceleration,1,1,0.058989748,0.095036067,0.134763971,0.145377543,0.150914177,0.156638624,0.16258021,0.168771999,0.182063933,0.258172074,0.071939692
1, 63in50,0.02,0.387799768,0.2,0,Acceleration,1,2,0.058989748,0.095036067,0.134763971,0.145377543,0.150914177,0.156638624,0.16258021,0.168771999,0.182063933,0.258172074,0.071939692
1, 63in50,0.02,0.387799768,0.2,0,Acceleration,1,3,0.083424101,0.134401295,0.190585036,0.205594893,0.213424875,0.221520467,0.229923138,0.23867965,0.257477283,0.365110449,0.101738088
1, 63in50,0.02,0.387799768,0.2,0,Acceleration,2,1,0.058566547,0.094354265,0.133797155,0.144334584,0.149831497,0.155514876,0.161413837,0.167561205,0.18075778,0.256319911,0.071423587
1, 63in50,0.02,0.387799768,0.2,0,Acceleration,2,2,0.058566547,0.094354265,0.133797155,0.144334584,0.149831497,0.155514876,0.161413837,0.167561205,0.18075778,0.256319911,0.071423587
1, 63in50,0.02,0.387799768,0.2,0,Acceleration,2,3,0.082825605,0.133437081,0.189217752,0.204119926,0.211893735,0.219931247,0.228273637,0.236967328,0.255630104,0.362491095,0.101008205
1, 63in50,0.02,0.387799768,0.2,0,Acceleration,3,1,0.058146382,0.093677354,0.132837276,0.143299107,0.148756584,0.154399191,0.160255831,0.166359097,0.179460998,0.254481036,0.070911184
1, 63in50,0.02,0.387799768,0.2,0,Acceleration,3,2,0.058146382,0.093677354,0.132837276,0.143299107,0.148756584,0.154399191,0.160255831,0.166359097,0.179460998,0.254481036,0.070911184
1, 63in50,0.02,0.387799768,0.2,0,Acceleration,3,3,0.082231402,0.132479784,0.187860277,0.202655541,0.210373579,0.218353429,0.22663597,0.235267291,0.253796178,0.359890532,0.100283558
1, 63in50,0.02,0.387799768,0.2,0,Acceleration,4,1,0.057729232,0.093005299,0.131884282,0.142271059,0.147689384,0.153291509,0.159106133,0.165165613,0.178173519,0.252655353,0.070402457
1, 63in50,0.02,0.387799768,0.2,0,Acceleration,4,2,0.057729232,0.093005299,0.131884282,0.142271059,0.147689384,0.153291509,0.159106133,0.165165613,0.178173519,0.252655353,0.070402457
1, 63in50,0.02,0.387799768,0.2,0,Acceleration,4,3,0.081641463,0.131529356,0.18651254,0.201201661,0.208864329,0.216786931,0.225010051,0.23357945,0.251975408,0.357308626,0.099564109
1, 63in50,0.02,0.387799768,0.2,0,Acceleration,5,1,0.057287569,0.092293754,0.13087529,0.141182602,0.146559474,0.152118739,0.157888878,0.163902,0.176810388,0.250722392,0.069863837
1, 63in50,0.02,0.387799768,0.2,0,Acceleration,5,2,0.057287569,0.092293754,0.13087529,0.141182602,0.146559474,0.152118739,0.157888878,0.163902,0.176810388,0.250722392,0.069863837
1, 63in50,0.02,0.387799768,0.2,0,Acceleration,5,3,0.081016858,0.130523079,0.18508561,0.199662351,0.207266395,0.215128384,0.223288593,0.231792431,0.250047649,0.354575006,0.098802386
1, 63in50,0.02,0.387799768,0.2,0,Peak Floor Velocity,0,1,0.08769768,0.144097565,0.207304493,0.224332627,0.233236112,0.24245582,0.252039978,0.262043134,0.283567538,0.407951547,0.107830366
1, 63in50,0.02,0.387799768,0.2,0,Peak Floor Velocity,0,2,0.08769768,0.144097565,0.207304493,0.224332627,0.233236112,0.24245582,0.252039978,0.262043134,0.283567538,0.407951547,0.107830366
1, 63in50,0.02,0.387799768,0.2,0,Peak Floor Velocity,0,3,0.124023249,0.203784731,0.293172825,0.317254243,0.329845673,0.342884308,0.356438355,0.370584954,0.401025057,0.57693061,0.152495166
1, 63in50,0.02,0.387799768,0.2,0,Peak Floor Velocity,1,1,4.124961389,6.777794933,9.750805578,10.55174347,10.97052916,11.40418873,11.85499065,12.32550061,13.33792573,19.18847087,5.071925446
1, 63in50,0.02,0.387799768,0.2,0,Peak Floor Velocity,1,2,4.124961389,6.777794933,9.750805578,10.55174347,10.97052916,11.40418873,11.85499065,12.32550061,13.33792573,19.18847087,5.071925446
1, 63in50,0.02,0.387799768,0.2,0,Peak Floor Velocity,1,3,5.833576341,9.585249517,13.78972149,14.92241872,15.51467113,16.12795837,16.76548856,17.43089013,18.86267546,27.13659574,7.172785754
1, 63in50,0.02,0.387799768,0.2,0,Peak Floor Velocity,2,1,4.141181749,6.804446884,9.789148136,10.59323551,11.01366797,11.4490328,11.90160738,12.3739675,13.39037372,19.26392464,5.091869501
1, 63in50,0.02,0.387799768,0.2,0,Peak Floor Velocity,2,2,4.141181749,6.804446884,9.789148136,10.59323551,11.01366797,11.4490328,11.90160738,12.3739675,13.39037372,19.26392464,5.091869501
1, 63in50,0.02,0.387799768,0.2,0,Peak Floor Velocity,2,3,5.856515394,9.622941068,13.84394606,14.98109733,15.57567862,16.19137746,16.83141457,17.49943266,18.93684813,27.24330349,7.200990906
1, 63in50,0.02,0.387799768,0.2,0,Peak Floor Velocity,3,1,4.308622094,7.079570992,10.18495263,11.02155166,11.45898346,11.91195138,12.38282491,12.87428396,13.93178652,20.04282264,5.297748991
1, 63in50,0.02,0.387799768,0.2,0,Peak Floor Velocity,3,2,4.308622094,7.079570992,10.18495263,11.02155166,11.45898346,11.91195138,12.38282491,12.87428396,13.93178652,20.04282264,5.297748991
1, 63in50,0.02,0.387799768,0.2,0,Peak Floor Velocity,3,3,6.093311801,10.01202531,14.40369814,15.58682784,16.20544982,16.8460432,17.51195892,18.20698698,19.70252145,28.34483161,7.492148473
1, 63in50,0.02,0.387799768,0.2,0,Peak Floor Velocity,4,1,4.646140013,7.634152483,10.98279564,11.88493004,12.35662826,12.84507964,13.35283926,13.88279699,15.02313951,21.61288649,5.712750625
1, 63in50,0.02,0.387799768,0.2,0,Peak Floor Velocity,4,2,4.646140013,7.634152483,10.98279564,11.88493004,12.35662826,12.84507964,13.35283926,13.88279699,15.02313951,21.61288649,5.712750625
1, 63in50,0.02,0.387799768,0.2,0,Peak Floor Velocity,4,3,6.570634218,10.79632198,15.53201854,16.80782925,17.47491128,18.16568584,18.88376638,19.63323979,21.24592764,30.56523719,8.079049413
1, 63in50,0.02,0.387799768,0.2,0,Peak Floor Velocity,5,1,5.149051758,8.460495413,12.17160547,13.17138953,13.69414575,14.23546853,14.79818953,15.38551143,16.64928794,23.95232835,6.331115415
1, 63in50,0.02,0.387799768,0.2,0,Peak Floor Velocity,5,2,5.149051758,8.460495413,12.17160547,13.17138953,13.69414575,14.23546853,14.79818953,15.38551143,16.64928794,23.95232835,6.331115415
1, 63in50,0.02,0.387799768,0.2,0,Peak Floor Velocity,5,3,7.28185883,11.96494736,17.21324953,18.62715771,19.36644664,20.13199266,20.92780033,21.75839893,23.54564881,33.87370761,8.953549284
2,30in50,0.005625,0.53852603,0.2,0,Story Drift Ratio,1,1,0.003428394,0.006024215,0.00910322,0.009956602,0.010406352,0.010874526,0.011363762,0.011877074,0.012990493,0.019629996,0.004334821
2,30in50,0.005625,0.53852603,0.2,0,Story Drift Ratio,1,2,0.003428394,0.006024215,0.00910322,0.009956602,0.010406352,0.010874526,0.011363762,0.011877074,0.012990493,0.019629996,0.004334821
2,30in50,0.005625,0.53852603,0.2,0,Story Drift Ratio,1,3,0.004848481,0.008519526,0.012873897,0.014080762,0.014716804,0.015378902,0.016070786,0.016796719,0.018371331,0.027761006,0.006130362
2,30in50,0.005625,0.53852603,0.2,0,Story Drift Ratio,2,1,0.002561181,0.004500389,0.00680056,0.007438079,0.007774065,0.008123814,0.008489298,0.008872768,0.009704547,0.014664587,0.003238327
2,30in50,0.005625,0.53852603,0.2,0,Story Drift Ratio,2,2,0.002561181,0.004500389,0.00680056,0.007438079,0.007774065,0.008123814,0.008489298,0.008872768,0.009704547,0.014664587,0.003238327
2,30in50,0.005625,0.53852603,0.2,0,Story Drift Ratio,2,3,0.003622058,0.006364511,0.009617444,0.010519033,0.010994187,0.011488808,0.01200568,0.012547988,0.013724302,0.020738858,0.004579687
2,30in50,0.005625,0.53852603,0.2,0,Story Drift Ratio,3,1,0.002486776,0.004369647,0.006602994,0.007221993,0.007548218,0.007887806,0.008242673,0.008615002,0.009422617,0.014238562,0.00314425
2,30in50,0.005625,0.53852603,0.2,0,Story Drift Ratio,3,2,0.002486776,0.004369647,0.006602994,0.007221993,0.007548218,0.007887806,0.008242673,0.008615002,0.009422617,0.014238562,0.00314425
2,30in50,0.005625,0.53852603,0.2,0,Story Drift Ratio,3,3,0.003516832,0.006179614,0.009338044,0.010213441,0.010674792,0.011155043,0.011656899,0.012183453,0.013325593,0.020136367,0.004446641
2,30in50,0.005625,0.53852603,0.2,0,Story Drift Ratio,4,1,0.002824373,0.004962857,0.007499397,0.00820243,0.008572941,0.008958631,0.009361673,0.009784549,0.010701803,0.016171546,0.003571104
2,30in50,0.005625,0.53852603,0.2,0,Story Drift Ratio,4,2,0.002824373,0.004962857,0.007499397,0.00820243,0.008572941,0.008958631,0.009361673,0.009784549,0.010701803,0.016171546,0.003571104
2,30in50,0.005625,0.53852603,0.2,0,Story Drift Ratio,4,3,0.003994267,0.00701854,0.010605749,0.011599987,0.01212397,0.012669418,0.013239405,0.013837442,0.015134635,0.02287002,0.005050303
2,30in50,0.005625,0.53852603,0.2,0,Story Drift Ratio,5,1,0.001802536,0.003167332,0.00478617,0.005234851,0.005471314,0.005717464,0.005974688,0.006244571,0.006829969,0.010320799,0.002279105
2,30in50,0.005625,0.53852603,0.2,0,Story Drift Ratio,5,2,0.001802536,0.003167332,0.00478617,0.005234851,0.005471314,0.005717464,0.005974688,0.006244571,0.006829969,0.010320799,0.002279105
2,30in50,0.005625,0.53852603,0.2,0,Story Drift Ratio,5,3,0.00254917,0.004479284,0.006768667,0.007403197,0.007737606,0.008085715,0.008449485,0.008831157,0.009659035,0.014595814,0.003223141
2,30in50,0.005625,0.53852603,0.2,0,Building Residual Drift,1,1,0.000515752,0.000980645,0.001569999,0.001738849,0.001828667,0.001922743,0.002021658,0.002126084,0.00235474,0.003769905,0.000673875
2,30in50,0.005625,0.53852603,0.2,0,Building Residual Drift,1,2,0.000515752,0.000980645,0.001569999,0.001738849,0.001828667,0.001922743,0.002021658,0.002126084,0.00235474,0.003769905,0.000673875
2,30in50,0.005625,0.53852603,0.2,0,Building Residual Drift,1,3,0.000729383,0.001386842,0.002220314,0.002459104,0.002586126,0.002719169,0.002859057,0.003006737,0.003330106,0.00533145,0.000953003
2,30in50,0.005625,0.53852603,0.2,0,Building Residual Drift,2,1,0.000330332,0.00062809,0.001005563,0.00111371,0.001171236,0.001231491,0.001294845,0.001361728,0.001508179,0.002414573,0.000431608
2,30in50,0.005625,0.53852603,0.2,0,Building Residual Drift,2,2,0.000330332,0.00062809,0.001005563,0.00111371,0.001171236,0.001231491,0.001294845,0.001361728,0.001508179,0.002414573,0.000431608
2,30in50,0.005625,0.53852603,0.2,0,Building Residual Drift,2,3,0.00046716,0.000888254,0.001422081,0.001575023,0.001656379,0.001741591,0.001831187,0.001925774,0.002132888,0.003414722,0.000610386
2,30in50,0.005625,0.53852603,0.2,0,Building Residual Drift,3,1,3.11E-04,0.000591979,0.00094775,0.001049679,0.001103898,0.001160689,0.0012204,0.001283438,0.001421469,0.002275752,0.000406793
2,30in50,0.005625,0.53852603,0.2,0,Building Residual Drift,3,2,3.11E-04,0.000591979,0.00094775,0.001049679,0.001103898,0.001160689,0.0012204,0.001283438,0.001421469,0.002275752,0.000406793
2,30in50,0.005625,0.53852603,0.2,0,Building Residual Drift,3,3,0.000440301,0.000837185,0.001340321,0.00148447,0.001561148,0.001641461,0.001725906,0.001815056,0.002010261,0.003218399,0.000575293
2,30in50,0.005625,0.53852603,0.2,0,Building Residual Drift,4,1,0.000397511,0.000755823,0.001210062,0.001340202,0.001409428,0.001481936,0.001558174,0.001638659,0.001814894,0.002905619,0.000519383
2,30in50,0.005625,0.53852603,0.2,0,Building Residual Drift,4,2,0.000397511,0.000755823,0.001210062,0.001340202,0.001409428,0.001481936,0.001558174,0.001638659,0.001814894,0.002905619,0.000519383
2,30in50,0.005625,0.53852603,0.2,0,Building Residual Drift,4,3,0.000562165,0.001068896,0.001711286,0.001895332,0.001993232,0.002095774,0.002203591,0.002317414,0.002566648,0.004109165,0.000734518
2,30in50,0.005625,0.53852603,0.2,0,Building Residual Drift,5,1,0.000308497,0.000586573,0.000939095,0.001040093,0.001093818,0.001150089,0.001209256,0.001271718,0.001408489,0.00225497,0.000403079
2,30in50,0.005625,0.53852603,0.2,0,Building Residual Drift,5,2,0.000308497,0.000586573,0.000939095,0.001040093,0.001093818,0.001150089,0.001209256,0.001271718,0.001408489,0.00225497,0.000403079
2,30in50,0.005625,0.53852603,0.2,0,Building Residual Drift,5,3,0.000436281,0.00082954,0.001328082,0.001470914,0.001546892,0.001626472,0.001710146,0.001798481,0.001991904,0.003189009,0.000570039
2,30in50,0.005625,0.53852603,0.2,0,Acceleration,0,1,0.096926342,0.156154225,0.221431338,0.238870549,0.247967819,0.257373687,0.267136336,0.277310094,0.299150135,0.424203793,0.118204459
2,30in50,0.005625,0.53852603,0.2,0,Acceleration,0,2,0.096926342,0.156154225,0.221431338,0.238870549,0.247967819,0.257373687,0.267136336,0.277310094,0.299150135,0.424203793,0.118204459
2,30in50,0.005625,0.53852603,0.2,0,Acceleration,0,3,0.137074547,0.220835423,0.313151201,0.337813971,0.350679453,0.363981358,0.377787829,0.392175696,0.423062178,0.599914757,0.167166349
2,30in50,0.005625,0.53852603,0.2,0,Acceleration,1,1,0.079333824,0.127811609,0.181240665,0.195514591,0.202960669,0.210659334,0.218650024,0.226977204,0.24485319,0.34720911,0.096749877
2,30in50,0.005625,0.53852603,0.2,0,Acceleration,1,2,0.079333824,0.127811609,0.181240665,0.195514591,0.202960669,0.210659334,0.218650024,0.226977204,0.24485319,0.34720911,0.096749877
2,30in50,0.005625,0.53852603,0.2,0,Acceleration,1,3,0.11219497,0.180752911,0.256313007,0.276499386,0.287029731,0.297917288,0.309217829,0.320994241,0.346274703,0.491027833,0.136824989
2,30in50,0.005625,0.53852603,0.2,0,Acceleration,2,1,0.078764672,0.126894671,0.179940419,0.194111941,0.201504601,0.209148034,0.217081397,0.225348838,0.243096579,0.344718183,0.09605578
2,30in50,0.005625,0.53852603,0.2,0,Acceleration,2,2,0.078764672,0.126894671,0.179940419,0.194111941,0.201504601,0.209148034,0.217081397,0.225348838,0.243096579,0.344718183,0.09605578
2,30in50,0.005625,0.53852603,0.2,0,Acceleration,2,3,0.111390067,0.179456164,0.254474181,0.27451574,0.284970539,0.295779987,0.306999456,0.318691382,0.343790479,0.487505129,0.135843387
2,30in50,0.005625,0.53852603,0.2,0,Acceleration,3,1,0.078199603,0.12598431,0.178649501,0.192719354,0.200058978,0.207647577,0.215524025,0.223732153,0.241352569,0.342245125,0.095366662
2,30in50,0.005625,0.53852603,0.2,0,Acceleration,3,2,0.078199603,0.12598431,0.178649501,0.192719354,0.200058978,0.207647577,0.215524025,0.223732153,0.241352569,0.342245125,0.095366662
2,30in50,0.005625,0.53852603,0.2,0,Acceleration,3,3,0.110590939,0.17816872,0.252648547,0.272546325,0.28292612,0.293658019,0.304796999,0.316405045,0.341324077,0.484007698,0.134868827
2,30in50,0.005625,0.53852603,0.2,0,Acceleration,4,1,0.077638588,0.125080481,0.177367844,0.191336758,0.198623726,0.206157883,0.213977825,0.222127067,0.239621072,0.33978981,0.094682488
2,30in50,0.005625,0.53852603,0.2,0,Acceleration,4,2,0.077638588,0.125080481,0.177367844,0.191336758,0.198623726,0.206157883,0.213977825,0.222127067,0.239621072,0.33978981,0.094682488
2,30in50,0.005625,0.53852603,0.2,0,Acceleration,4,3,0.109797544,0.176890513,0.250836011,0.270591039,0.280896368,0.291551275,0.302610342,0.31413511,0.33887537,0.480535358,0.133901259
2,30in50,0.005625,0.53852603,0.2,0,Acceleration,5,1,0.077044607,0.124123542,0.176010876,0.18987292,0.197104139,0.204580655,0.212340769,0.220427665,0.237787831,0.33719022,0.093958112
2,30in50,0.005625,0.53852603,0.2,0,Acceleration,5,2,0.077044607,0.124123542,0.176010876,0.18987292,0.197104139,0.204580655,0.212340769,0.220427665,0.237787831,0.33719022,0.093958112
2,30in50,0.005625,0.53852603,0.2,0,Acceleration,5,3,0.108957528,0.175537197,0.248916969,0.268520859,0.278747346,0.289320737,0.300295196,0.311731793,0.336282775,0.476858982,0.132876836
2,30in50,0.005625,0.53852603,0.2,0,Peak Floor Velocity,0,1,0.129791543,0.213262715,0.30680823,0.33200967,0.345186724,0.358831784,0.373016226,0.38782078,0.419676647,0.603763529,0.159587683
2,30in50,0.005625,0.53852603,0.2,0,Peak Floor Velocity,0,2,0.129791543,0.213262715,0.30680823,0.33200967,0.345186724,0.358831784,0.373016226,0.38782078,0.419676647,0.603763529,0.159587683
2,30in50,0.005625,0.53852603,0.2,0,Peak Floor Velocity,0,3,0.183552961,0.301599023,0.43389236,0.469532578,0.488167747,0.507464776,0.527524606,0.548461408,0.593512406,0.853850571,0.225691066
2,30in50,0.005625,0.53852603,0.2,0,Peak Floor Velocity,1,1,6.003185949,9.863937979,14.19065381,15.35628389,15.96575587,16.59687427,17.25294047,17.93768841,19.4111025,27.92558471,7.381332503
2,30in50,0.005625,0.53852603,0.2,0,Peak Floor Velocity,1,2,6.003185949,9.863937979,14.19065381,15.35628389,15.96575587,16.59687427,17.25294047,17.93768841,19.4111025,27.92558471,7.381332503
2,30in50,0.005625,0.53852603,0.2,0,Peak Floor Velocity,1,3,8.489786987,13.94971487,20.06861507,21.71706495,22.57898848,23.47152469,24.3993424,25.36772222,27.45144442,39.49274063,10.43878053
2,30in50,0.005625,0.53852603,0.2,0,Peak Floor Velocity,2,1,5.964354601,9.800133523,14.09886218,15.25695244,15.86248207,16.48951811,17.14134057,17.82165925,19.28554262,27.74494927,7.333586673
2,30in50,0.005625,0.53852603,0.2,0,Peak Floor Velocity,2,2,5.964354601,9.800133523,14.09886218,15.25695244,15.86248207,16.48951811,17.14134057,17.82165925,19.28554262,27.74494927,7.333586673
2,30in50,0.005625,0.53852603,0.2,0,Peak Floor Velocity,2,3,8.434871168,13.85948174,19.9388021,21.57658906,22.43293727,23.31970015,24.24151631,25.20363221,27.27387594,39.23728355,10.37125773
2,30in50,0.005625,0.53852603,0.2,0,Peak Floor Velocity,3,1,6.144713612,10.09648451,14.52520451,15.71831482,16.34215535,16.98815264,17.65968588,18.36057704,19.8687275,28.58394224,7.555350556
2,30in50,0.005625,0.53852603,0.2,0,Peak Floor Velocity,3,2,6.144713612,10.09648451,14.52520451,15.71831482,16.34215535,16.98815264,17.65968588,18.36057704,19.8687275,28.58394224,7.555350556
2,30in50,0.005625,0.53852603,0.2,0,Peak Floor Velocity,3,3,8.689937326,14.27858533,20.54174121,22.22905399,23.11129774,24.02487586,24.97456728,25.96577706,28.09862389,40.42379879,10.68487922
2,30in50,0.005625,0.53852603,0.2,0,Peak Floor Velocity,4,1,6.564574405,10.786365,15.51769403,16.79232812,17.45879492,18.14893241,18.8663507,19.6151329,21.22633344,30.53704819,8.071598453
2,30in50,0.005625,0.53852603,0.2,0,Peak Floor Velocity,4,2,6.564574405,10.786365,15.51769403,16.79232812,17.45879492,18.14893241,18.8663507,19.6151329,21.22633344,30.53704819,8.071598453
2,30in50,0.005625,0.53852603,0.2,0,Peak Floor Velocity,4,3,9.283710155,15.25422367,21.94533335,23.74793817,24.69046455,25.66646636,26.68104903,27.73998697,30.01856863,43.1859077,11.414964
2,30in50,0.005625,0.53852603,0.2,0,Peak Floor Velocity,5,1,7.24263408,11.9004965,17.12052796,18.52681993,19.26212657,20.02354887,20.81506981,21.64119427,23.41881689,33.69124215,8.90531974
2,30in50,0.005625,0.53852603,0.2,0,Peak Floor Velocity,5,2,7.24263408,11.9004965,17.12052796,18.52681993,19.26212657,20.02354887,20.81506981,21.64119427,23.41881689,33.69124215,8.90531974
2,30in50,0.005625,0.53852603,0.2,0,Peak Floor Velocity,5,3,10.24263134,16.82984355,24.21208283,26.20088001,27.24076063,28.31757437,29.43695403,30.60527044,33.11920846,47.64661158,12.59402395
3, 10in50,0.0021,0.7834663,0.2,0,Story Drift Ratio,1,1,0.005048185,0.008870435,0.013404158,0.014660733,0.015322972,0.016012341,0.016732724,0.017488557,0.019128025,0.02890445,0.006382865
3, 10in50,0.0021,0.7834663,0.2,0,Story Drift Ratio,1,2,0.005048185,0.008870435,0.013404158,0.014660733,0.015322972,0.016012341,0.016732724,0.017488557,0.019128025,0.02890445,0.006382865
3, 10in50,0.0021,0.7834663,0.2,0,Story Drift Ratio,1,3,0.007139211,0.01254469,0.018956341,0.020733407,0.021669955,0.02264487,0.023663645,0.024732554,0.027051112,0.040877066,0.009026734
3, 10in50,0.0021,0.7834663,0.2,0,Story Drift Ratio,2,1,0.003771246,0.006626658,0.010013575,0.0109523,0.011447025,0.011962018,0.01250018,0.013064825,0.01428959,0.021593068,0.004768319
3, 10in50,0.0021,0.7834663,0.2,0,Story Drift Ratio,2,2,0.003771246,0.006626658,0.010013575,0.0109523,0.011447025,0.011962018,0.01250018,0.013064825,0.01428959,0.021593068,0.004768319
3, 10in50,0.0021,0.7834663,0.2,0,Story Drift Ratio,2,3,0.005333347,0.00937151,0.014161334,0.015488891,0.016188539,0.016916849,0.017677925,0.018476453,0.020208532,0.03053721,0.006743421
3, 10in50,0.0021,0.7834663,0.2,0,Story Drift Ratio,3,1,0.003661686,0.006434145,0.009722668,0.010634121,0.011114474,0.011614506,0.012137034,0.012685275,0.013874459,0.020965761,0.004629793
3, 10in50,0.0021,0.7834663,0.2,0,Story Drift Ratio,3,2,0.003661686,0.006434145,0.009722668,0.010634121,0.011114474,0.011614506,0.012137034,0.012685275,0.013874459,0.020965761,0.004629793
3, 10in50,0.0021,0.7834663,0.2,0,Story Drift Ratio,3,3,0.005178406,0.009099255,0.013749928,0.015038918,0.01571824,0.016425392,0.017164358,0.017939688,0.019621447,0.029650064,0.006547516
3, 10in50,0.0021,0.7834663,0.2,0,Story Drift Ratio,4,1,0.004158786,0.007307626,0.011042588,0.012077777,0.012623342,0.013191257,0.013784721,0.01440739,0.015758014,0.02381201,0.00525832
3, 10in50,0.0021,0.7834663,0.2,0,Story Drift Ratio,4,2,0.004158786,0.007307626,0.011042588,0.012077777,0.012623342,0.013191257,0.013784721,0.01440739,0.015758014,0.02381201,0.00525832
3, 10in50,0.0021,0.7834663,0.2,0,Story Drift Ratio,4,3,0.005881412,0.010334543,0.015616578,0.017080557,0.017852102,0.018655254,0.01949454,0.020375127,0.022285197,0.033675268,0.007436387
3, 10in50,0.0021,0.7834663,0.2,0,Story Drift Ratio,5,1,0.002654168,0.00466378,0.007047461,0.007708126,0.008056309,0.008418757,0.00879751,0.009194902,0.01005688,0.015196999,0.003355898
3, 10in50,0.0021,0.7834663,0.2,0,Story Drift Ratio,5,2,0.002654168,0.00466378,0.007047461,0.007708126,0.008056309,0.008418757,0.00879751,0.009194902,0.01005688,0.015196999,0.003355898
3, 10in50,0.0021,0.7834663,0.2,0,Story Drift Ratio,5,3,0.00375356,0.006595581,0.009966614,0.010900936,0.011393342,0.01190592,0.012441558,0.013003555,0.014222576,0.021491803,0.004745957
3, 10in50,0.0021,0.7834663,0.2,0,Building Residual Drift,1,1,0.000929198,0.001766769,0.002828571,0.003132778,0.003294597,0.003464087,0.003642297,0.003830435,0.004242391,0.006792005,0.001214079
3, 10in50,0.0021,0.7834663,0.2,0,Building Residual Drift,1,2,0.000929198,0.001766769,0.002828571,0.003132778,0.003294597,0.003464087,0.003642297,0.003830435,0.004242391,0.006792005,0.001214079
3, 10in50,0.0021,0.7834663,0.2,0,Building Residual Drift,1,3,0.001314084,0.002498588,0.004000203,0.004430417,0.004659264,0.004898959,0.005150986,0.005417053,0.005999646,0.009605346,0.001716967
3, 10in50,0.0021,0.7834663,0.2,0,Building Residual Drift,2,1,0.000639197,0.001215363,0.001945779,0.002155044,0.002266359,0.002382952,0.002505543,0.002634963,0.002918348,0.004672233,0.000835167
3, 10in50,0.0021,0.7834663,0.2,0,Building Residual Drift,2,2,0.000639197,0.001215363,0.001945779,0.002155044,0.002266359,0.002382952,0.002505543,0.002634963,0.002918348,0.004672233,0.000835167
3, 10in50,0.0021,0.7834663,0.2,0,Building Residual Drift,2,3,0.000903961,0.001718783,0.002751747,0.003047692,0.003205116,0.003370003,0.003543373,0.003726401,0.004127168,0.006607535,0.001181105
3, 10in50,0.0021,0.7834663,0.2,0,Building Residual Drift,3,1,0.000611232,0.001162191,0.001860652,0.002060761,0.002167206,0.002278698,0.002395926,0.002519684,0.002790671,0.004467824,0.000798629
3, 10in50,0.0021,0.7834663,0.2,0,Building Residual Drift,3,2,0.000611232,0.001162191,0.001860652,0.002060761,0.002167206,0.002278698,0.002395926,0.002519684,0.002790671,0.004467824,0.000798629
3, 10in50,0.0021,0.7834663,0.2,0,Building Residual Drift,3,3,0.000864413,0.001643587,0.002631359,0.002914356,0.003064893,0.003222566,0.003388351,0.003563371,0.003946605,0.006318457,0.001129432
3, 10in50,0.0021,0.7834663,0.2,0,Building Residual Drift,4,1,0.000738115,0.001403446,0.002246896,0.002488546,0.002617088,0.002751724,0.002893286,0.003042734,0.003369975,0.00539528,0.000964413
3, 10in50,0.0021,0.7834663,0.2,0,Building Residual Drift,4,2,0.000738115,0.001403446,0.002246896,0.002488546,0.002617088,0.002751724,0.002893286,0.003042734,0.003369975,0.00539528,0.000964413
3, 10in50,0.0021,0.7834663,0.2,0,Building Residual Drift,4,3,0.001043853,0.001984772,0.003177591,0.003519335,0.003701121,0.003891525,0.004091725,0.004303076,0.004765864,0.007630078,0.001363886
3, 10in50,0.0021,0.7834663,0.2,0,Building Residual Drift,5,1,0.000742282,0.001411368,0.00225958,0.002502593,0.002631861,0.002767257,0.002909618,0.00305991,0.003388997,0.005425735,0.000969857
3, 10in50,0.0021,0.7834663,0.2,0,Building Residual Drift,5,2,0.000742282,0.001411368,0.00225958,0.002502593,0.002631861,0.002767257,0.002909618,0.00305991,0.003388997,0.005425735,0.000969857
3, 10in50,0.0021,0.7834663,0.2,0,Building Residual Drift,5,3,0.001049745,0.001995976,0.003195528,0.003539201,0.003722013,0.003913492,0.004114822,0.004327366,0.004792766,0.007673148,0.001371585
3, 10in50,0.0021,0.7834663,0.2,0,Acceleration,0,1,0.134650396,0.216929967,0.307613149,0.331839759,0.344477716,0.357544379,0.371106683,0.385240102,0.415580359,0.589305316,0.164210026
3, 10in50,0.0021,0.7834663,0.2,0,Acceleration,0,2,0.134650396,0.216929967,0.307613149,0.331839759,0.344477716,0.357544379,0.371106683,0.385240102,0.415580359,0.589305316,0.164210026
3, 10in50,0.0021,0.7834663,0.2,0,Acceleration,0,3,0.190424416,0.306785302,0.435030687,0.469292288,0.487165059,0.50564411,0.524824105,0.544811777,0.587719381,0.833403571,0.232228046
3, 10in50,0.0021,0.7834663,0.2,0,Acceleration,1,1,0.110210811,0.177556312,0.251780133,0.271609518,0.281953635,0.292648646,0.303749338,0.315317485,0.340150864,0.482344047,0.13440525
3, 10in50,0.0021,0.7834663,0.2,0,Acceleration,1,2,0.110210811,0.177556312,0.251780133,0.271609518,0.281953635,0.292648646,0.303749338,0.315317485,0.340150864,0.482344047,0.13440525
3, 10in50,0.0021,0.7834663,0.2,0,Acceleration,1,3,0.155861624,0.251102544,0.356070879,0.384113863,0.398742654,0.413867684,0.429566433,0.445926263,0.481045965,0.682137493,0.190077728
3, 10in50,0.0021,0.7834663,0.2,0,Acceleration,2,1,0.109420143,0.176282497,0.249973827,0.269660952,0.279930859,0.290549143,0.301570197,0.313055352,0.337710573,0.478883642,0.133441008
3, 10in50,0.0021,0.7834663,0.2,0,Acceleration,2,2,0.109420143,0.176282497,0.249973827,0.269660952,0.279930859,0.290549143,0.301570197,0.313055352,0.337710573,0.478883642,0.133441008
3, 10in50,0.0021,0.7834663,0.2,0,Acceleration,2,3,0.15474345,0.249301099,0.353516376,0.381358176,0.395882018,0.410898538,0.426484663,0.442727125,0.477594873,0.677243742,0.188714083
3, 10in50,0.0021,0.7834663,0.2,0,Acceleration,3,1,0.108635147,0.175017822,0.248180479,0.267726366,0.277922596,0.288464702,0.29940669,0.310809449,0.33528779,0.475448063,0.132483683
3, 10in50,0.0021,0.7834663,0.2,0,Acceleration,3,2,0.108635147,0.175017822,0.248180479,0.267726366,0.277922596,0.288464702,0.29940669,0.310809449,0.33528779,0.475448063,0.132483683
3, 10in50,0.0021,0.7834663,0.2,0,Acceleration,3,3,0.153633299,0.247512577,0.3509802,0.378622258,0.393041904,0.407950694,0.423425001,0.439550938,0.47416854,0.672385099,0.187360222
3, 10in50,0.0021,0.7834663,0.2,0,Acceleration,4,1,0.107855783,0.173762219,0.246399997,0.265805659,0.275928739,0.286395215,0.297258703,0.308579658,0.332882388,0.472037131,0.131533227
3, 10in50,0.0021,0.7834663,0.2,0,Acceleration,4,2,0.107855783,0.173762219,0.246399997,0.265805659,0.275928739,0.286395215,0.297258703,0.308579658,0.332882388,0.472037131,0.131533227
3, 10in50,0.0021,0.7834663,0.2,0,Acceleration,4,3,0.152531112,0.245736887,0.348462218,0.375905968,0.390222166,0.405023998,0.42038729,0.436397537,0.470766787,0.667561313,0.186016073
3, 10in50,0.0021,0.7834663,0.2,0,Acceleration,5,1,0.107030624,0.172432836,0.244514893,0.263772091,0.273817723,0.284204125,0.294984501,0.306218843,0.330335643,0.468425771,0.130526921
3, 10in50,0.0021,0.7834663,0.2,0,Acceleration,5,2,0.107030624,0.172432836,0.244514893,0.263772091,0.273817723,0.284204125,0.294984501,0.306218843,0.330335643,0.468425771,0.130526921
3, 10in50,0.0021,0.7834663,0.2,0,Acceleration,5,3,0.15136416,0.243856856,0.345796278,0.373030068,0.387236738,0.401925327,0.417171082,0.433058841,0.467165146,0.662454079,0.184592941
3, 10in50,0.0021,0.7834663,0.2,0,Peak Floor Velocity,0,1,0.198816851,0.326679384,0.469973965,0.508577951,0.528762782,0.549664513,0.571392478,0.594070341,0.642867688,0.924855045,0.244459075
3, 10in50,0.0021,0.7834663,0.2,0,Peak Floor Velocity,0,2,0.198816851,0.326679384,0.469973965,0.508577951,0.528762782,0.549664513,0.571392478,0.594070341,0.642867688,0.924855045,0.244459075
3, 10in50,0.0021,0.7834663,0.2,0,Peak Floor Velocity,0,3,0.281169487,0.461994415,0.664643555,0.719237835,0.747783498,0.777343008,0.808070992,0.840142333,0.909152204,1.307942548,0.345717339
3, 10in50,0.0021,0.7834663,0.2,0,Peak Floor Velocity,1,1,9.083089257,14.92458002,21.47109488,23.23474542,24.15690382,25.11181424,26.10447178,27.14052609,29.36986761,42.2526606,11.16828673
3, 10in50,0.0021,0.7834663,0.2,0,Peak Floor Velocity,1,2,9.083089257,14.92458002,21.47109488,23.23474542,24.15690382,25.11181424,26.10447178,27.14052609,29.36986761,42.2526606,11.16828673
3, 10in50,0.0021,0.7834663,0.2,0,Peak Floor Velocity,1,3,12.84542802,21.10654348,30.36471359,32.85889209,34.16302101,35.51346827,36.91729804,38.38250008,41.5352651,59.75428567,15.79434256
3, 10in50,0.0021,0.7834663,0.2,0,Peak Floor Velocity,2,1,8.953984391,14.7124456,21.16590986,22.90449229,23.81354335,24.75488089,25.73342904,26.75475712,28.95241131,41.65209135,11.00954336
3, 10in50,0.0021,0.7834663,0.2,0,Peak Floor Velocity,2,2,8.953984391,14.7124456,21.16590986,22.90449229,23.81354335,24.75488089,25.73342904,26.75475712,28.95241131,41.65209135,11.00954336
3, 10in50,0.0021,0.7834663,0.2,0,Peak Floor Velocity,2,3,12.66284616,20.8065401,29.93311678,32.39184363,33.67743597,35.0086883,36.39256436,37.83694037,40.94489274,58.90495249,15.56984554
3, 10in50,0.0021,0.7834663,0.2,0,Peak Floor Velocity,3,1,9.155527365,15.04360432,21.64232798,23.42004372,24.34955638,25.31208226,26.3126563,27.35697319,29.60409383,42.58962776,11.25735439
3, 10in50,0.0021,0.7834663,0.2,0,Peak Floor Velocity,3,2,9.155527365,15.04360432,21.64232798,23.42004372,24.34955638,25.31208226,26.3126563,27.35697319,29.60409383,42.58962776,11.25735439
3, 10in50,0.0021,0.7834663,0.2,0,Peak Floor Velocity,3,3,12.94787097,21.27486926,30.60687375,33.12094346,34.43547288,35.79669002,37.2117154,38.68860251,41.86651099,60.2308292,15.92030326
3, 10in50,0.0021,0.7834663,0.2,0,Peak Floor Velocity,4,1,9.710413596,15.95534742,22.9539979,24.83945511,25.82530246,26.84616384,27.90737937,29.01498885,31.39830004,45.17084423,11.93962541
3, 10in50,0.0021,0.7834663,0.2,0,Peak Floor Velocity,4,2,9.710413596,15.95534742,22.9539979,24.83945511,25.82530246,26.84616384,27.90737937,29.01498885,31.39830004,45.17084423,11.93962541
3, 10in50,0.0021,0.7834663,0.2,0,Peak Floor Velocity,4,3,13.7325986,22.56426872,32.46185514,35.1282943,36.52249299,37.966209,39.46699439,41.03339075,44.40390175,63.88122054,16.88518018
3, 10in50,0.0021,0.7834663,0.2,0,Peak Floor Velocity,5,1,10.67567997,17.54139319,25.23574648,27.30862809,28.39247387,29.51481427,30.68152022,31.89923193,34.51945683,49.66106463,13.12648721
3, 10in50,0.0021,0.7834663,0.2,0,Peak Floor Velocity,5,2,10.67567997,17.54139319,25.23574648,27.30862809,28.39247387,29.51481427,30.68152022,31.89923193,34.51945683,49.66106463,13.12648721
3, 10in50,0.0021,0.7834663,0.2,0,Peak Floor Velocity,5,3,15.09769141,24.80727616,35.68873492,38.62023221,40.15302162,41.74025063,43.39022201,45.11232643,48.81788402,70.23135113,18.56365624
4, 5in50,0.001025,1.049550753,0.2,0,Story Drift Ratio,1,1,0.006807802,0.011962353,0.018076369,0.019770941,0.020664014,0.021593672,0.022565155,0.023584444,0.025795372,0.038979511,0.008607704
4, 5in50,0.001025,1.049550753,0.2,0,Story Drift Ratio,1,2,0.006807802,0.011962353,0.018076369,0.019770941,0.020664014,0.021593672,0.022565155,0.023584444,0.025795372,0.038979511,0.008607704
4, 5in50,0.001025,1.049550753,0.2,0,Story Drift Ratio,1,3,0.009627686,0.016917322,0.025563846,0.027960334,0.029223329,0.030538064,0.031911948,0.033353441,0.036480166,0.055125354,0.012173131
4, 5in50,0.001025,1.049550753,0.2,0,Story Drift Ratio,2,1,0.005085768,0.008936475,0.01350395,0.014769881,0.01543705,0.016131551,0.016857298,0.017618758,0.019270431,0.029119642,0.006430385
4, 5in50,0.001025,1.049550753,0.2,0,Story Drift Ratio,2,2,0.005085768,0.008936475,0.01350395,0.014769881,0.01543705,0.016131551,0.016857298,0.017618758,0.019270431,0.029119642,0.006430385
4, 5in50,0.001025,1.049550753,0.2,0,Story Drift Ratio,2,3,0.007192362,0.012638084,0.01909747,0.020887766,0.021831286,0.022813459,0.023839819,0.024916686,0.027252506,0.041181392,0.009093937
4, 5in50,0.001025,1.049550753,0.2,0,Story Drift Ratio,3,1,0.00493802,0.008676859,0.013111643,0.014340796,0.014988584,0.015662909,0.016367571,0.01710691,0.0187106,0.028273678,0.006243573
4, 5in50,0.001025,1.049550753,0.2,0,Story Drift Ratio,3,2,0.00493802,0.008676859,0.013111643,0.014340796,0.014988584,0.015662909,0.016367571,0.01710691,0.0187106,0.028273678,0.006243573
4, 5in50,0.001025,1.049550753,0.2,0,Story Drift Ratio,3,3,0.006983414,0.012270931,0.018542663,0.020280949,0.021197059,0.022150698,0.023147241,0.024192824,0.026460785,0.039985019,0.008829746
4, 5in50,0.001025,1.049550753,0.2,0,Story Drift Ratio,4,1,0.005608391,0.009854803,0.014891641,0.01628766,0.017023389,0.017789259,0.018589584,0.019429293,0.021250696,0.032112028,0.007091182
4, 5in50,0.001025,1.049550753,0.2,0,Story Drift Ratio,4,2,0.005608391,0.009854803,0.014891641,0.01628766,0.017023389,0.017789259,0.018589584,0.019429293,0.021250696,0.032112028,0.007091182
4, 5in50,0.001025,1.049550753,0.2,0,Story Drift Ratio,4,3,0.007931462,0.013936796,0.02105996,0.02303423,0.024074708,0.025157811,0.026289641,0.02747717,0.030053022,0.045413266,0.010028446
4, 5in50,0.001025,1.049550753,0.2,0,Story Drift Ratio,5,1,0.003579316,0.006289408,0.009503954,0.010394904,0.010864452,0.011353235,0.011864008,0.012399917,0.013562349,0.020494132,0.004525645
4, 5in50,0.001025,1.049550753,0.2,0,Story Drift Ratio,5,2,0.003579316,0.006289408,0.009503954,0.010394904,0.010864452,0.011353235,0.011864008,0.012399917,0.013562349,0.020494132,0.004525645
4, 5in50,0.001025,1.049550753,0.2,0,Story Drift Ratio,5,3,0.005061917,0.008894566,0.013440621,0.014700614,0.015364655,0.016055899,0.016778242,0.017536131,0.019180059,0.028983079,0.006400228
4, 5in50,0.001025,1.049550753,0.2,0,Building Residual Drift,1,1,0.002198882,0.004180936,0.006693617,0.007413503,0.007796436,0.008197524,0.008619246,0.00906446,0.010039324,0.016072812,0.002873035
4, 5in50,0.001025,1.049550753,0.2,0,Building Residual Drift,1,2,0.002198882,0.004180936,0.006693617,0.007413503,0.007796436,0.008197524,0.008619246,0.00906446,0.010039324,0.016072812,0.002873035
4, 5in50,0.001025,1.049550753,0.2,0,Building Residual Drift,1,3,0.003109689,0.005912736,0.009466205,0.010484276,0.011025826,0.011593049,0.012189454,0.012819082,0.014197749,0.022730388,0.004063085
4, 5in50,0.001025,1.049550753,0.2,0,Building Residual Drift,2,1,0.001093072,0.002078358,0.003327421,0.003685279,0.003875636,0.004075018,0.004284657,0.004505975,0.004990584,0.007989852,0.001428196
4, 5in50,0.001025,1.049550753,0.2,0,Building Residual Drift,2,2,0.001093072,0.002078358,0.003327421,0.003685279,0.003875636,0.004075018,0.004284657,0.004505975,0.004990584,0.007989852,0.001428196
4, 5in50,0.001025,1.049550753,0.2,0,Building Residual Drift,2,3,0.001545838,0.002939242,0.004705684,0.005211771,0.005480977,0.005762946,0.006059421,0.006372411,0.007057751,0.011299356,0.002019774
4, 5in50,0.001025,1.049550753,0.2,0,Building Residual Drift,3,1,0.000937012,0.001781627,0.002852358,0.003159124,0.003322303,0.003493219,0.003672928,0.003862647,0.004278068,0.006849124,0.001224289
4, 5in50,0.001025,1.049550753,0.2,0,Building Residual Drift,3,2,0.000937012,0.001781627,0.002852358,0.003159124,0.003322303,0.003493219,0.003672928,0.003862647,0.004278068,0.006849124,0.001224289
4, 5in50,0.001025,1.049550753,0.2,0,Building Residual Drift,3,3,0.001325135,0.0025196,0.004033844,0.004467676,0.004698446,0.004940158,0.005194305,0.005462608,0.006050101,0.009686124,0.001731406
4, 5in50,0.001025,1.049550753,0.2,0,Building Residual Drift,4,1,0.001537731,0.002923829,0.004681007,0.005184441,0.005452235,0.005732725,0.006027645,0.006338994,0.007020741,0.011240103,0.002009182
4, 5in50,0.001025,1.049550753,0.2,0,Building Residual Drift,4,2,0.001537731,0.002923829,0.004681007,0.005184441,0.005452235,0.005732725,0.006027645,0.006338994,0.007020741,0.011240103,0.002009182
4, 5in50,0.001025,1.049550753,0.2,0,Building Residual Drift,4,3,0.00217468,0.004134919,0.006619944,0.007331906,0.007710625,0.008107298,0.008524378,0.008964691,0.009928827,0.015895906,0.002841413
4, 5in50,0.001025,1.049550753,0.2,0,Building Residual Drift,5,1,0.001529419,0.002908023,0.004655703,0.005156414,0.005422761,0.005701735,0.005995061,0.006304727,0.006982788,0.011179341,0.001998321
4, 5in50,0.001025,1.049550753,0.2,0,Building Residual Drift,5,2,0.001529419,0.002908023,0.004655703,0.005156414,0.005422761,0.005701735,0.005995061,0.006304727,0.006982788,0.011179341,0.001998321
4, 5in50,0.001025,1.049550753,0.2,0,Building Residual Drift,5,3,0.002162924,0.004112566,0.006584158,0.007292271,0.007668942,0.008063471,0.008478296,0.00891623,0.009875153,0.015809976,0.002826052
4, 5in50,0.001025,1.049550753,0.2,0,Acceleration,0,1,0.167720616,0.270208101,0.383163128,0.413339809,0.429081656,0.445357499,0.462250714,0.479855309,0.517647152,0.734039065,0.20454011
4, 5in50,0.001025,1.049550753,0.2,0,Acceleration,0,2,0.167720616,0.270208101,0.383163128,0.413339809,0.429081656,0.445357499,0.462250714,0.479855309,0.517647152,0.734039065,0.20454011
4, 5in50,0.001025,1.049550753,0.2,0,Acceleration,0,3,0.23719277,0.382131961,0.541874492,0.584550764,0.606813097,0.629830615,0.653721229,0.678617886,0.732063623,1.038088002,0.289263397
4, 5in50,0.001025,1.049550753,0.2,0,Acceleration,1,1,0.137278654,0.221164251,0.313617489,0.338316983,0.351201621,0.364523334,0.378350363,0.392759654,0.423692126,0.600808043,0.167415263
4, 5in50,0.001025,1.049550753,0.2,0,Acceleration,1,2,0.137278654,0.221164251,0.313617489,0.338316983,0.351201621,0.364523334,0.378350363,0.392759654,0.423692126,0.600808043,0.167415263
4, 5in50,0.001025,1.049550753,0.2,0,Acceleration,1,3,0.194141335,0.312773484,0.443522107,0.478452465,0.496674096,0.515513842,0.535068214,0.555446029,0.599191151,0.849670882,0.236760935
4, 5in50,0.001025,1.049550753,0.2,0,Acceleration,2,1,0.136293798,0.219577587,0.311367553,0.335889849,0.348682051,0.361908192,0.375636024,0.38994194,0.420652499,0.59649776,0.166214202
4, 5in50,0.001025,1.049550753,0.2,0,Acceleration,2,2,0.136293798,0.219577587,0.311367553,0.335889849,0.348682051,0.361908192,0.375636024,0.38994194,0.420652499,0.59649776,0.166214202
4, 5in50,0.001025,1.049550753,0.2,0,Acceleration,2,3,0.192748537,0.310529602,0.440340216,0.475019979,0.493110886,0.511815473,0.531229559,0.55146118,0.594892469,0.843575223,0.235062379
4, 5in50,0.001025,1.049550753,0.2,0,Acceleration,3,1,0.135316007,0.218002307,0.309133758,0.333480127,0.346180557,0.359311811,0.372941157,0.387144441,0.417634678,0.592218401,0.165021758
4, 5in50,0.001025,1.049550753,0.2,0,Acceleration,3,2,0.135316007,0.218002307,0.309133758,0.333480127,0.346180557,0.359311811,0.372941157,0.387144441,0.417634678,0.592218401,0.165021758
4, 5in50,0.001025,1.049550753,0.2,0,Acceleration,3,3,0.191365732,0.308301819,0.437181153,0.471612118,0.489573238,0.508143636,0.527418443,0.547504919,0.590624625,0.837523294,0.233376008
4, 5in50,0.001025,1.049550753,0.2,0,Acceleration,4,1,0.13434523,0.216438327,0.306915988,0.331087693,0.343697008,0.356734057,0.370265624,0.384367012,0.414638507,0.587969742,0.163837868
4, 5in50,0.001025,1.049550753,0.2,0,Acceleration,4,2,0.13434523,0.216438327,0.306915988,0.331087693,0.343697008,0.356734057,0.370265624,0.384367012,0.414638507,0.587969742,0.163837868
4, 5in50,0.001025,1.049550753,0.2,0,Acceleration,4,3,0.189992847,0.306090018,0.434044753,0.468228706,0.48606097,0.504498141,0.523634668,0.543577041,0.5863874,0.831514783,0.231701735
4, 5in50,0.001025,1.049550753,0.2,0,Acceleration,5,1,0.133317411,0.214782447,0.304567902,0.328554679,0.341067525,0.354004833,0.367432876,0.38142638,0.41146628,0.58347143,0.162584413
4, 5in50,0.001025,1.049550753,0.2,0,Acceleration,5,2,0.133317411,0.214782447,0.304567902,0.328554679,0.341067525,0.354004833,0.367432876,0.38142638,0.41146628,0.58347143,0.162584413
4, 5in50,0.001025,1.049550753,0.2,0,Acceleration,5,3,0.188539291,0.30374825,0.430724057,0.464646483,0.48234232,0.500638436,0.519628557,0.539418359,0.581901194,0.825153209,0.229929082
4, 5in50,0.001025,1.049550753,0.2,0,Peak Floor Velocity,0,1,0.265163665,0.435694974,0.626808132,0.678294584,0.70521526,0.733092069,0.762070835,0.792316487,0.857397909,1.23348676,0.326037074
4, 5in50,0.001025,1.049550753,0.2,0,Peak Floor Velocity,0,2,0.265163665,0.435694974,0.626808132,0.678294584,0.70521526,0.733092069,0.762070835,0.792316487,0.857397909,1.23348676,0.326037074
4, 5in50,0.001025,1.049550753,0.2,0,Peak Floor Velocity,0,3,0.374998051,0.616165741,0.886440562,0.9592534,0.997324985,1.036748747,1.07773091,1.120504721,1.212543751,1.744413706,0.461086051
4, 5in50,0.001025,1.049550753,0.2,0,Peak Floor Velocity,1,1,12.0434784,19.78884629,28.46902196,30.80748705,32.03019823,33.29633607,34.6125237,35.98625209,38.94218765,56.02378123,14.80829002
4, 5in50,0.001025,1.049550753,0.2,0,Peak Floor Velocity,1,2,12.0434784,19.78884629,28.46902196,30.80748705,32.03019823,33.29633607,34.6125237,35.98625209,38.94218765,56.02378123,14.80829002
4, 5in50,0.001025,1.049550753,0.2,0,Peak Floor Velocity,1,3,17.0320505,27.98565481,40.26127697,43.56836601,45.29754075,47.08813004,48.94950044,50.89224577,55.07256992,79.22959123,20.94208458
4, 5in50,0.001025,1.049550753,0.2,0,Peak Floor Velocity,2,1,11.82760304,19.43413777,27.95872417,30.25527305,31.45606754,32.69951027,33.99210567,35.34121044,38.24416183,55.0195735,14.54285632
4, 5in50,0.001025,1.049550753,0.2,0,Peak Floor Velocity,2,2,11.82760304,19.43413777,27.95872417,30.25527305,31.45606754,32.69951027,33.99210567,35.34121044,38.24416183,55.0195735,14.54285632
4, 5in50,0.001025,1.049550753,0.2,0,Peak Floor Velocity,2,3,16.72675663,27.48402121,39.53960691,42.78741748,44.48559733,46.2440909,48.07209685,49.98001911,54.08541234,77.80942704,20.56670465
4, 5in50,0.001025,1.049550753,0.2,0,Peak Floor Velocity,3,1,12.04950794,19.79875353,28.48327491,30.82291075,32.04623408,33.3130058,34.62985238,36.00426853,38.96168397,56.05182941,14.81570376
4, 5in50,0.001025,1.049550753,0.2,0,Peak Floor Velocity,3,2,12.04950794,19.79875353,28.48327491,30.82291075,32.04623408,33.3130058,34.62985238,36.00426853,38.96168397,56.05182941,14.81570376
4, 5in50,0.001025,1.049550753,0.2,0,Peak Floor Velocity,3,3,17.04057755,27.99966576,40.28143368,43.59017842,45.32021886,47.11170461,48.9740069,50.91772486,55.10014188,79.26925735,20.95256919
4, 5in50,0.001025,1.049550753,0.2,0,Peak Floor Velocity,4,1,12.73418002,20.92374998,30.10173958,32.57431722,33.86715172,35.20590341,36.59757529,38.05008793,41.17554839,59.23678289,15.65755544
4, 5in50,0.001025,1.049550753,0.2,0,Peak Floor Velocity,4,2,12.73418002,20.92374998,30.10173958,32.57431722,33.86715172,35.20590341,36.59757529,38.05008793,41.17554839,59.23678289,15.65755544
4, 5in50,0.001025,1.049550753,0.2,0,Peak Floor Velocity,4,3,18.00885008,29.590651,42.57028837,46.0670412,47.89538528,49.78866607,51.75678732,53.8109504,58.23101897,83.77346175,22.14312726
4, 5in50,0.001025,1.049550753,0.2,0,Peak Floor Velocity,5,1,13.97550818,22.96339762,33.03605786,35.74966243,37.16852246,38.63777569,40.16510778,41.75921139,45.18934181,65.01118587,17.18385432
4, 5in50,0.001025,1.049550753,0.2,0,Peak Floor Velocity,5,2,13.97550818,22.96339762,33.03605786,35.74966243,37.16852246,38.63777569,40.16510778,41.75921139,45.18934181,65.01118587,17.18385432
4, 5in50,0.001025,1.049550753,0.2,0,Peak Floor Velocity,5,3,19.76435321,32.47514835,46.72004107,50.55765746,52.56422855,54.64206641,56.80204016,59.05644311,63.90738006,91.93970076,24.30163983
5, 2in50,0.000404,1.478067068,0.2,0,Story Drift Ratio,1,1,0.009641581,0.016941739,0.025600743,0.028000689,0.029265507,0.03058214,0.031958006,0.03340158,0.036532818,0.055204916,0.012190701
5, 2in50,0.000404,1.478067068,0.2,0,Story Drift Ratio,1,2,0.009641581,0.016941739,0.025600743,0.028000689,0.029265507,0.03058214,0.031958006,0.03340158,0.036532818,0.055204916,0.012190701
5, 2in50,0.000404,1.478067068,0.2,0,Story Drift Ratio,1,3,0.013635255,0.023959237,0.036204918,0.039598954,0.041387677,0.043249677,0.045195446,0.047236968,0.051665206,0.078071541,0.017240255
5, 2in50,0.000404,1.478067068,0.2,0,Story Drift Ratio,2,1,0.007202743,0.012656325,0.019125033,0.020917913,0.021862795,0.022846386,0.023874227,0.024952649,0.027291839,0.04124083,0.009107062
5, 2in50,0.000404,1.478067068,0.2,0,Story Drift Ratio,2,2,0.007202743,0.012656325,0.019125033,0.020917913,0.021862795,0.022846386,0.023874227,0.024952649,0.027291839,0.04124083,0.009107062
5, 2in50,0.000404,1.478067068,0.2,0,Story Drift Ratio,2,3,0.010186216,0.017898746,0.027046882,0.029582396,0.030918662,0.032309668,0.033763256,0.035288374,0.038596489,0.05832334,0.012879331
5, 2in50,0.000404,1.478067068,0.2,0,Story Drift Ratio,3,1,0.006993494,0.012288642,0.018569426,0.02031022,0.021227652,0.022182668,0.023180649,0.024227742,0.026498976,0.040042729,0.00884249
5, 2in50,0.000404,1.478067068,0.2,0,Story Drift Ratio,3,2,0.006993494,0.012288642,0.018569426,0.02031022,0.021227652,0.022182668,0.023180649,0.024227742,0.026498976,0.040042729,0.00884249
5, 2in50,0.000404,1.478067068,0.2,0,Story Drift Ratio,3,3,0.009890293,0.017378764,0.026261134,0.028722989,0.030020434,0.03137103,0.032782389,0.034263201,0.037475211,0.056628971,0.01250517
5, 2in50,0.000404,1.478067068,0.2,0,Story Drift Ratio,4,1,0.007942909,0.013956911,0.021090356,0.023067475,0.024109455,0.025194121,0.026327585,0.027516828,0.030096398,0.045478811,0.01004292
5, 2in50,0.000404,1.478067068,0.2,0,Story Drift Ratio,4,2,0.007942909,0.013956911,0.021090356,0.023067475,0.024109455,0.025194121,0.026327585,0.027516828,0.030096398,0.045478811,0.01004292
5, 2in50,0.000404,1.478067068,0.2,0,Story Drift Ratio,4,3,0.01123297,0.019738054,0.029826268,0.032622336,0.034095919,0.035629868,0.037232828,0.038914671,0.042562734,0.064316751,0.014202834
5, 2in50,0.000404,1.478067068,0.2,0,Story Drift Ratio,5,1,0.005069223,0.008907403,0.01346002,0.014721832,0.015386831,0.016079073,0.016802458,0.017561441,0.019207741,0.02902491,0.006409465
5, 2in50,0.000404,1.478067068,0.2,0,Story Drift Ratio,5,2,0.005069223,0.008907403,0.01346002,0.014721832,0.015386831,0.016079073,0.016802458,0.017561441,0.019207741,0.02902491,0.006409465
5, 2in50,0.000404,1.478067068,0.2,0,Story Drift Ratio,5,3,0.007168964,0.01259697,0.019035342,0.020819814,0.021760265,0.022739243,0.023762264,0.024835628,0.027163848,0.041047422,0.009064353
5, 2in50,0.000404,1.478067068,0.2,0,Building Residual Drift,1,1,0.004609926,0.008765273,0.014033073,0.015542303,0.016345117,0.017185991,0.018070125,0.01900351,0.0210473,0.03369642,0.006023276
5, 2in50,0.000404,1.478067068,0.2,0,Building Residual Drift,1,2,0.004609926,0.008765273,0.014033073,0.015542303,0.016345117,0.017185991,0.018070125,0.01900351,0.0210473,0.03369642,0.006023276
5, 2in50,0.000404,1.478067068,0.2,0,Building Residual Drift,1,3,0.006519419,0.012395967,0.019845762,0.021980135,0.023115486,0.024304662,0.025555016,0.026875021,0.029765377,0.047653934,0.008518199
5, 2in50,0.000404,1.478067068,0.2,0,Building Residual Drift,2,1,0.002894242,0.005503086,0.008810361,0.009757898,0.010261927,0.010789852,0.011344936,0.011930942,0.013214091,0.021155567,0.003781583
5, 2in50,0.000404,1.478067068,0.2,0,Building Residual Drift,2,2,0.002894242,0.005503086,0.008810361,0.009757898,0.010261927,0.010789852,0.011344936,0.011930942,0.013214091,0.021155567,0.003781583
5, 2in50,0.000404,1.478067068,0.2,0,Building Residual Drift,2,3,0.004093076,0.007782539,0.012459732,0.013799752,0.014512557,0.015259155,0.016044163,0.0168729,0.018687547,0.02991849,0.005347966
5, 2in50,0.000404,1.478067068,0.2,0,Building Residual Drift,3,1,0.002716208,0.005164574,0.008268408,0.009157659,0.009630684,0.010126135,0.010647074,0.011197032,0.012401251,0.019854222,0.003548966
5, 2in50,0.000404,1.478067068,0.2,0,Building Residual Drift,3,2,0.002716208,0.005164574,0.008268408,0.009157659,0.009630684,0.010126135,0.010647074,0.011197032,0.012401251,0.019854222,0.003548966
5, 2in50,0.000404,1.478067068,0.2,0,Building Residual Drift,3,3,0.003841298,0.007303811,0.011693295,0.012950886,0.013619844,0.014320517,0.015057236,0.015834995,0.017538018,0.02807811,0.005018996
5, 2in50,0.000404,1.478067068,0.2,0,Building Residual Drift,4,1,0.003523992,0.006700488,0.010727384,0.011881093,0.012494793,0.013137588,0.013813451,0.014526964,0.01608931,0.025758751,0.004604408
5, 2in50,0.000404,1.478067068,0.2,0,Building Residual Drift,4,2,0.003523992,0.006700488,0.010727384,0.011881093,0.012494793,0.013137588,0.013813451,0.014526964,0.01608931,0.025758751,0.004604408
5, 2in50,0.000404,1.478067068,0.2,0,Building Residual Drift,4,3,0.004983678,0.009475922,0.015170812,0.016802403,0.017670306,0.018579355,0.01953517,0.020544229,0.022753721,0.036428375,0.006511616
5, 2in50,0.000404,1.478067068,0.2,0,Building Residual Drift,5,1,0.002797065,0.005318315,0.008514545,0.009430267,0.009917373,0.010427573,0.010964019,0.011530349,0.012770415,0.020445248,0.003654613
5, 2in50,0.000404,1.478067068,0.2,0,Building Residual Drift,5,2,0.002797065,0.005318315,0.008514545,0.009430267,0.009917373,0.010427573,0.010964019,0.011530349,0.012770415,0.020445248,0.003654613
5, 2in50,0.000404,1.478067068,0.2,0,Building Residual Drift,5,3,0.003955647,0.007521233,0.012041384,0.013336412,0.014025284,0.014746815,0.015505465,0.016306376,0.018060094,0.028913947,0.005168403
5, 2in50,0.000404,1.478067068,0.2,0,Acceleration,0,1,0.217595277,0.35055921,0.497103391,0.536253637,0.556676598,0.577792347,0.599709056,0.622548685,0.671578594,0.952318431,0.265363692
5, 2in50,0.000404,1.478067068,0.2,0,Acceleration,0,2,0.217595277,0.35055921,0.497103391,0.536253637,0.556676598,0.577792347,0.599709056,0.622548685,0.671578594,0.952318431,0.265363692
5, 2in50,0.000404,1.478067068,0.2,0,Acceleration,0,3,0.307726192,0.495765589,0.703010358,0.758377166,0.787259594,0.817121774,0.84811668,0.880416794,0.949755556,1.346781641,0.375280932
5, 2in50,0.000404,1.478067068,0.2,0,Acceleration,1,1,0.178100865,0.286931313,0.40687714,0.43892146,0.455637572,0.472920728,0.490859466,0.509553612,0.549684397,0.779468832,0.217199122
5, 2in50,0.000404,1.478067068,0.2,0,Acceleration,1,2,0.178100865,0.286931313,0.40687714,0.43892146,0.455637572,0.472920728,0.490859466,0.509553612,0.549684397,0.779468832,0.217199122
5, 2in50,0.000404,1.478067068,0.2,0,Acceleration,1,3,0.251872659,0.405782154,0.57541117,0.620728681,0.644368833,0.668810908,0.694180114,0.720617629,0.777371129,1.102335393,0.307165944
5, 2in50,0.000404,1.478067068,0.2,0,Acceleration,2,1,0.176823144,0.284872827,0.403958146,0.435772575,0.452368763,0.469527928,0.487337971,0.505898002,0.545740883,0.773876811,0.215640905
5, 2in50,0.000404,1.478067068,0.2,0,Acceleration,2,2,0.176823144,0.284872827,0.403958146,0.435772575,0.452368763,0.469527928,0.487337971,0.505898002,0.545740883,0.773876811,0.215640905
5, 2in50,0.000404,1.478067068,0.2,0,Acceleration,2,3,0.250065689,0.402871015,0.571283088,0.616275485,0.63974604,0.664012763,0.689199968,0.715447816,0.771794158,1.094427082,0.304962292
5, 2in50,0.000404,1.478067068,0.2,0,Acceleration,3,1,0.17555459,0.282829109,0.401060092,0.43264628,0.449123405,0.466159468,0.483841739,0.502268618,0.54182566,0.768324909,0.214093866
5, 2in50,0.000404,1.478067068,0.2,0,Acceleration,3,2,0.17555459,0.282829109,0.401060092,0.43264628,0.449123405,0.466159468,0.483841739,0.502268618,0.54182566,0.768324909,0.214093866
5, 2in50,0.000404,1.478067068,0.2,0,Acceleration,3,3,0.248271682,0.399980761,0.567184622,0.611854238,0.635156411,0.659249041,0.684255549,0.710315091,0.766257197,1.086575507,0.302774449
5, 2in50,0.000404,1.478067068,0.2,0,Acceleration,4,1,0.174295136,0.280800052,0.39818283,0.429542415,0.44590133,0.462815173,0.48037059,0.498665271,0.537938526,0.762812837,0.212557926
5, 2in50,0.000404,1.478067068,0.2,0,Acceleration,4,2,0.174295136,0.280800052,0.39818283,0.429542415,0.44590133,0.462815173,0.48037059,0.498665271,0.537938526,0.762812837,0.212557926
5, 2in50,0.000404,1.478067068,0.2,0,Acceleration,4,3,0.246490546,0.397111243,0.563115559,0.607464708,0.630599708,0.654519495,0.679346603,0.70521919,0.760759959,1.07878026,0.300602302
5, 2in50,0.000404,1.478067068,0.2,0,Acceleration,5,1,0.172961677,0.278651768,0.395136499,0.426256164,0.442489924,0.459274367,0.476695474,0.494850191,0.533822982,0.756976873,0.210931734
5, 2in50,0.000404,1.478067068,0.2,0,Acceleration,5,2,0.172961677,0.278651768,0.395136499,0.426256164,0.442489924,0.459274367,0.476695474,0.494850191,0.533822982,0.756976873,0.210931734
5, 2in50,0.000404,1.478067068,0.2,0,Acceleration,5,3,0.244604749,0.39407311,0.558807396,0.602817248,0.625775252,0.649512039,0.674149204,0.699823851,0.754939701,1.070526961,0.298302519
5, 2in50,0.000404,1.478067068,0.2,0,Peak Floor Velocity,0,1,0.373033667,0.612938027,0.881797044,0.954228461,0.992100612,1.031317857,1.07208534,1.114635085,1.206191979,1.735275793,0.458670705
5, 2in50,0.000404,1.478067068,0.2,0,Peak Floor Velocity,0,2,0.373033667,0.612938027,0.881797044,0.954228461,0.992100612,1.031317857,1.07208534,1.114635085,1.206191979,1.735275793,0.458670705
5, 2in50,0.000404,1.478067068,0.2,0,Peak Floor Velocity,0,3,0.527549271,0.866825271,1.247049339,1.349482831,1.403042141,1.4585037,1.516157627,1.576332054,1.705813056,2.454050562,0.648658331
5, 2in50,0.000404,1.478067068,0.2,0,Peak Floor Velocity,1,1,16.85662862,27.69741612,39.84660531,43.11963294,44.83099801,46.6031451,48.44534429,50.36808028,54.50534912,78.4135648,20.72639125
5, 2in50,0.000404,1.478067068,0.2,0,Peak Floor Velocity,1,2,16.85662862,27.69741612,39.84660531,43.11963294,44.83099801,46.6031451,48.44534429,50.36808028,54.50534912,78.4135648,20.72639125
5, 2in50,0.000404,1.478067068,0.2,0,Peak Floor Velocity,1,3,23.83887281,39.17006151,56.35160964,60.98036971,63.4006054,65.90679985,68.51206293,71.23122224,77.08220394,110.8935268,29.31154361
5, 2in50,0.000404,1.478067068,0.2,0,Peak Floor Velocity,2,1,16.4996774,27.11090343,39.00282482,42.20654374,43.88166943,45.61629003,47.41947932,49.3015,53.3511592,76.75310124,20.28749503
5, 2in50,0.000404,1.478067068,0.2,0,Peak Floor Velocity,2,2,16.4996774,27.11090343,39.00282482,42.20654374,43.88166943,45.61629003,47.41947932,49.3015,53.3511592,76.75310124,20.28749503
5, 2in50,0.000404,1.478067068,0.2,0,Peak Floor Velocity,2,3,23.33406756,38.34060732,55.15832383,59.68906657,62.05805204,64.51117602,67.06127078,69.72284994,75.4499329,108.5452767,28.69085061
5, 2in50,0.000404,1.478067068,0.2,0,Peak Floor Velocity,3,1,16.75468776,27.52991533,39.60563201,42.85886593,44.55988148,46.32131147,48.15236992,50.06347811,54.17572672,77.9393569,20.60104791
5, 2in50,0.000404,1.478067068,0.2,0,Peak Floor Velocity,3,2,16.75468776,27.52991533,39.60563201,42.85886593,44.55988148,46.32131147,48.15236992,50.06347811,54.17572672,77.9393569,20.60104791
5, 2in50,0.000404,1.478067068,0.2,0,Peak Floor Velocity,3,3,23.69470666,38.93317963,56.01082194,60.61158947,63.01718873,65.50822691,68.09773459,70.80044973,76.61604748,110.2228956,29.13428135
5, 2in50,0.000404,1.478067068,0.2,0,Peak Floor Velocity,4,1,17.65037221,29.00162984,41.72289909,45.15004678,46.94199648,48.79759029,50.7265348,52.73980843,57.07189266,82.1058965,21.70235391
5, 2in50,0.000404,1.478067068,0.2,0,Peak Floor Velocity,4,2,17.65037221,29.00162984,41.72289909,45.15004678,46.94199648,48.79759029,50.7265348,52.73980843,57.07189266,82.1058965,21.70235391
5, 2in50,0.000404,1.478067068,0.2,0,Peak Floor Velocity,4,3,24.96139576,41.01449825,59.00508975,63.8518085,66.38600806,69.010214,71.73815349,74.58535236,80.71184462,116.1152724,30.69176324
5, 2in50,0.000404,1.478067068,0.2,0,Peak Floor Velocity,5,1,19.34053557,31.7787663,45.71819814,49.47352246,51.43706557,53.47034723,55.58400351,57.79006408,62.53697979,89.96818838,23.78052671
5, 2in50,0.000404,1.478067068,0.2,0,Peak Floor Velocity,5,2,19.34053557,31.7787663,45.71819814,49.47352246,51.43706557,53.47034723,55.58400351,57.79006408,62.53697979,89.96818838,23.78052671
5, 2in50,0.000404,1.478067068,0.2,0,Peak Floor Velocity,5,3,27.35164771,44.9419623,64.65529586,69.96612644,72.74299574,75.61849024,78.60765161,81.7274924,88.44064497,127.2342322,33.6307434
