Building Name: PSEUDO S1-M(HC) - Soil C1,,,,,,,,,,,,,,,,,,,
Description,,"	",  Usage,School,,,,,,,,,,,,,,,
Latitude,14.55036,"	", Median Collapse Sa(g),4.255182482,,,,,,,,,,,,,,,
Longitude,121.00892,"	", Beta Collapse,0.9,,,,,,,,,,,,,,,
Number of Stories,5,,,,,,,,,,,,,,,,,,
Floor Area (sq.ft.),37444.91713,,,,,,,,,,,,,,,,,,
,,,,,,,,,,,,,,,,,,,
Intensity, Intensity Description, MAFE, Sa, BetaM, BetaGM, EDP Type, Storey, Direction,EQ1,EQ2,EQ3,EQ4,EQ5,EQ6,EQ7,EQ8,EQ9,EQ10,EQ11
1, 63in50,0.02,0.213830312,0.2,0,Story Drift Ratio,1,1,0.00154882,0.002721514,0.004112492,0.004498019,0.004701199,0.004912702,0.005133721,0.005365616,0.005868616,0.008868094,0.001958309
1, 63in50,0.02,0.213830312,0.2,0,Story Drift Ratio,1,2,0.00154882,0.002721514,0.004112492,0.004498019,0.004701199,0.004912702,0.005133721,0.005365616,0.005868616,0.008868094,0.001958309
1, 63in50,0.02,0.213830312,0.2,0,Story Drift Ratio,1,3,0.002190362,0.003848802,0.005815943,0.006361159,0.006648499,0.00694761,0.007260177,0.007588127,0.008299477,0.012541379,0.002769467
1, 63in50,0.02,0.213830312,0.2,0,Story Drift Ratio,2,1,0.001157046,0.002033107,0.003072237,0.003360245,0.00351203,0.003670034,0.003835146,0.004008383,0.00438415,0.006624909,0.001462955
1, 63in50,0.02,0.213830312,0.2,0,Story Drift Ratio,2,2,0.001157046,0.002033107,0.003072237,0.003360245,0.00351203,0.003670034,0.003835146,0.004008383,0.00438415,0.006624909,0.001462955
1, 63in50,0.02,0.213830312,0.2,0,Story Drift Ratio,2,3,0.001636309,0.002875247,0.0043448,0.004752104,0.004966761,0.005190211,0.005423715,0.00566871,0.006200124,0.009369037,0.00206893
1, 63in50,0.02,0.213830312,0.2,0,Story Drift Ratio,3,1,0.001123432,0.001974042,0.002982985,0.003262625,0.003410001,0.003563414,0.00372373,0.003891934,0.004256784,0.006432447,0.001420454
1, 63in50,0.02,0.213830312,0.2,0,Story Drift Ratio,3,2,0.001123432,0.001974042,0.002982985,0.003262625,0.003410001,0.003563414,0.00372373,0.003891934,0.004256784,0.006432447,0.001420454
1, 63in50,0.02,0.213830312,0.2,0,Story Drift Ratio,3,3,0.001588773,0.002791717,0.004218577,0.004614049,0.00482247,0.005039429,0.005266149,0.005504026,0.006020002,0.009096854,0.002008825
1, 63in50,0.02,0.213830312,0.2,0,Story Drift Ratio,4,1,0.001275946,0.002242032,0.003387946,0.003705549,0.003872933,0.004047173,0.004229252,0.004420292,0.004834673,0.007305697,0.00161329
1, 63in50,0.02,0.213830312,0.2,0,Story Drift Ratio,4,2,0.001275946,0.002242032,0.003387946,0.003705549,0.003872933,0.004047173,0.004229252,0.004420292,0.004834673,0.007305697,0.00161329
1, 63in50,0.02,0.213830312,0.2,0,Story Drift Ratio,4,3,0.00180446,0.003170713,0.004791279,0.005240438,0.005477154,0.005723567,0.005981066,0.006251236,0.006837259,0.010331816,0.002281537
1, 63in50,0.02,0.213830312,0.2,0,Story Drift Ratio,5,1,0.000814318,0.001430881,0.002162212,0.002364909,0.002471734,0.002582935,0.00269914,0.002821062,0.003085523,0.004662549,0.001029614
1, 63in50,0.02,0.213830312,0.2,0,Story Drift Ratio,5,2,0.000814318,0.001430881,0.002162212,0.002364909,0.002471734,0.002582935,0.00269914,0.002821062,0.003085523,0.004662549,0.001029614
1, 63in50,0.02,0.213830312,0.2,0,Story Drift Ratio,5,3,0.001151619,0.002023572,0.003057829,0.003344486,0.00349556,0.003652822,0.00381716,0.003989585,0.004363589,0.00659384,0.001456094
1, 63in50,0.02,0.213830312,0.2,0,Building Residual Drift,1,1,3.60E-05,6.84E-05,0.000109576,0.000121361,0.00012763,0.000134196,0.000141099,0.000148388,0.000164347,0.000263116,4.70E-05
1, 63in50,0.02,0.213830312,0.2,0,Building Residual Drift,1,2,3.60E-05,6.84E-05,0.000109576,0.000121361,0.00012763,0.000134196,0.000141099,0.000148388,0.000164347,0.000263116,4.70E-05
1, 63in50,0.02,0.213830312,0.2,0,Building Residual Drift,1,3,5.09E-05,9.68E-05,0.000154964,0.000171631,0.000180496,0.000189781,0.000199545,0.000209852,0.000232421,0.000372103,6.65E-05
1, 63in50,0.02,0.213830312,0.2,0,Building Residual Drift,2,1,0.0001,0.0001,0.0001,0.0001,0.0001,0.0001,0.0001,0.0001,0.0001,0.0001,0.0001
1, 63in50,0.02,0.213830312,0.2,0,Building Residual Drift,2,2,0.0001,0.0001,0.0001,0.0001,0.0001,0.0001,0.0001,0.0001,0.0001,0.0001,0.0001
1, 63in50,0.02,0.213830312,0.2,0,Building Residual Drift,2,3,0.0001,0.0001,0.0001,0.0001,0.0001,0.0001,0.0001,0.0001,0.0001,0.0001,0.0001
1, 63in50,0.02,0.213830312,0.2,0,Building Residual Drift,3,1,0.0001,0.0001,0.0001,0.0001,0.0001,0.0001,0.0001,0.0001,0.0001,0.0001,0.0001
1, 63in50,0.02,0.213830312,0.2,0,Building Residual Drift,3,2,0.0001,0.0001,0.0001,0.0001,0.0001,0.0001,0.0001,0.0001,0.0001,0.0001,0.0001
1, 63in50,0.02,0.213830312,0.2,0,Building Residual Drift,3,3,0.0001,0.0001,0.0001,0.0001,0.0001,0.0001,0.0001,0.0001,0.0001,0.0001,0.0001
1, 63in50,0.02,0.213830312,0.2,0,Building Residual Drift,4,1,2.28E-06,4.33E-06,6.94E-06,7.69E-06,8.08E-06,8.50E-06,8.94E-06,9.40E-06,1.04E-05,1.67E-05,2.98E-06
1, 63in50,0.02,0.213830312,0.2,0,Building Residual Drift,4,2,2.28E-06,4.33E-06,6.94E-06,7.69E-06,8.08E-06,8.50E-06,8.94E-06,9.40E-06,1.04E-05,1.67E-05,2.98E-06
1, 63in50,0.02,0.213830312,0.2,0,Building Residual Drift,4,3,3.22E-06,6.13E-06,9.81E-06,1.09E-05,1.14E-05,1.20E-05,1.26E-05,1.33E-05,1.47E-05,2.36E-05,4.21E-06
1, 63in50,0.02,0.213830312,0.2,0,Building Residual Drift,5,1,5.63E-05,0.000106968,0.000171254,0.000189672,0.000199469,0.000209731,0.00022052,0.000231911,0.000256852,0.000411217,7.35E-05
1, 63in50,0.02,0.213830312,0.2,0,Building Residual Drift,5,2,5.63E-05,0.000106968,0.000171254,0.000189672,0.000199469,0.000209731,0.00022052,0.000231911,0.000256852,0.000411217,7.35E-05
1, 63in50,0.02,0.213830312,0.2,0,Building Residual Drift,5,3,7.96E-05,0.000151275,0.000242189,0.000268236,0.000282092,0.000296604,0.000311863,0.000327971,0.000363244,0.000581549,0.000103953
1, 63in50,0.02,0.213830312,0.2,0,Acceleration,0,1,0.050725634,0.081722078,0.115884339,0.125011013,0.129771997,0.134694483,0.139803688,0.145128044,0.156557857,0.2220037,0.061861368
1, 63in50,0.02,0.213830312,0.2,0,Acceleration,0,2,0.050725634,0.081722078,0.115884339,0.125011013,0.129771997,0.134694483,0.139803688,0.145128044,0.156557857,0.2220037,0.061861368
1, 63in50,0.02,0.213830312,0.2,0,Acceleration,0,3,0.07173688,0.115572472,0.163885204,0.176792269,0.183525318,0.190486765,0.197712272,0.205242048,0.221406244,0.313960643,0.087485186
1, 63in50,0.02,0.213830312,0.2,0,Acceleration,1,1,0.041518729,0.066889195,0.094850869,0.102321014,0.106217861,0.110246896,0.11442876,0.118786724,0.12814198,0.181709141,0.050633283
1, 63in50,0.02,0.213830312,0.2,0,Acceleration,1,2,0.041518729,0.066889195,0.094850869,0.102321014,0.106217861,0.110246896,0.11442876,0.118786724,0.12814198,0.181709141,0.050633283
1, 63in50,0.02,0.213830312,0.2,0,Acceleration,1,3,0.05871635,0.094595606,0.134139385,0.144703766,0.150214739,0.155912656,0.161826705,0.167989797,0.181220127,0.256975532,0.071606276
1, 63in50,0.02,0.213830312,0.2,0,Acceleration,2,1,0.041220868,0.066409322,0.094170395,0.101586949,0.105455839,0.109455969,0.113607832,0.117934532,0.127222672,0.180405534,0.050270033
1, 63in50,0.02,0.213830312,0.2,0,Acceleration,2,2,0.041220868,0.066409322,0.094170395,0.101586949,0.105455839,0.109455969,0.113607832,0.117934532,0.127222672,0.180405534,0.050270033
1, 63in50,0.02,0.213830312,0.2,0,Acceleration,2,3,0.05829511,0.093916964,0.13317705,0.143665641,0.149137077,0.154794116,0.160665737,0.166784614,0.179920028,0.255131953,0.071092562
1, 63in50,0.02,0.213830312,0.2,0,Acceleration,3,1,0.040925143,0.065932892,0.093494803,0.10085815,0.104699284,0.108670717,0.112792793,0.117088452,0.126309958,0.179111279,0.049909388
1, 63in50,0.02,0.213830312,0.2,0,Acceleration,3,2,0.040925143,0.065932892,0.093494803,0.10085815,0.104699284,0.108670717,0.112792793,0.117088452,0.126309958,0.179111279,0.049909388
1, 63in50,0.02,0.213830312,0.2,0,Acceleration,3,3,0.057876893,0.09324319,0.132221619,0.142634963,0.148067147,0.153683601,0.159513098,0.165588077,0.178629256,0.2533016,0.070582534
1, 63in50,0.02,0.213830312,0.2,0,Acceleration,4,1,0.040631541,0.06545988,0.092824058,0.100134579,0.103948156,0.107891098,0.111983602,0.116248443,0.125403792,0.177826309,0.049551331
1, 63in50,0.02,0.213830312,0.2,0,Acceleration,4,2,0.040631541,0.06545988,0.092824058,0.100134579,0.103948156,0.107891098,0.111983602,0.116248443,0.125403792,0.177826309,0.049551331
1, 63in50,0.02,0.213830312,0.2,0,Acceleration,4,3,0.057461676,0.092574251,0.131273042,0.14161168,0.147004892,0.152581053,0.158368729,0.164400125,0.177347744,0.251484378,0.070076165
1, 63in50,0.02,0.213830312,0.2,0,Acceleration,5,1,0.040320686,0.064959074,0.0921139,0.099368491,0.103152892,0.107065668,0.111126862,0.115359075,0.12444438,0.176465834,0.049172235
1, 63in50,0.02,0.213830312,0.2,0,Acceleration,5,2,0.040320686,0.064959074,0.0921139,0.099368491,0.103152892,0.107065668,0.111126862,0.115359075,0.12444438,0.176465834,0.049172235
1, 63in50,0.02,0.213830312,0.2,0,Acceleration,5,3,0.057022061,0.091866003,0.130268727,0.140528268,0.145880219,0.151413719,0.157157115,0.163142368,0.17599093,0.249560376,0.069540041
1, 63in50,0.02,0.213830312,0.2,0,Peak Floor Velocity,0,1,0.047642796,0.078282696,0.112620602,0.121871336,0.126708259,0.131716974,0.136923681,0.142358013,0.154051398,0.221624473,0.058580114
1, 63in50,0.02,0.213830312,0.2,0,Peak Floor Velocity,0,2,0.047642796,0.078282696,0.112620602,0.121871336,0.126708259,0.131716974,0.136923681,0.142358013,0.154051398,0.221624473,0.058580114
1, 63in50,0.02,0.213830312,0.2,0,Peak Floor Velocity,0,3,0.067377088,0.11070845,0.159269583,0.172352097,0.179192539,0.186275931,0.193639326,0.201324632,0.217861576,0.313424336,0.082844791
1, 63in50,0.02,0.213830312,0.2,0,Peak Floor Velocity,1,1,2.337715881,3.841141129,5.526018524,5.979929495,6.217265525,6.463030944,6.718511348,6.98516078,7.558926702,10.87457283,2.874383429
1, 63in50,0.02,0.213830312,0.2,0,Peak Floor Velocity,1,2,2.337715881,3.841141129,5.526018524,5.979929495,6.217265525,6.463030944,6.718511348,6.98516078,7.558926702,10.87457283,2.874383429
1, 63in50,0.02,0.213830312,0.2,0,Peak Floor Velocity,1,3,3.306029503,5.43219388,7.814970342,8.456897394,8.792541226,9.140106014,9.501409867,9.878509111,10.68993666,15.37896839,4.064992028
1, 63in50,0.02,0.213830312,0.2,0,Peak Floor Velocity,2,1,2.406321306,3.953867883,5.688191718,6.155423708,6.399724886,6.652702833,6.915680873,7.190155721,7.780760069,11.19371114,2.958738546
1, 63in50,0.02,0.213830312,0.2,0,Peak Floor Velocity,2,2,2.406321306,3.953867883,5.688191718,6.155423708,6.399724886,6.652702833,6.915680873,7.190155721,7.780760069,11.19371114,2.958738546
1, 63in50,0.02,0.213830312,0.2,0,Peak Floor Velocity,2,3,3.403052227,5.591613584,8.044317873,8.70508369,9.050577729,9.408342573,9.780249683,10.16841574,11.00365641,15.83029811,4.18428818
1, 63in50,0.02,0.213830312,0.2,0,Peak Floor Velocity,3,1,2.561468752,4.208793316,6.054937594,6.552294342,6.812346827,7.081635514,7.36156905,7.65374065,8.282424184,11.91542511,3.149503066
1, 63in50,0.02,0.213830312,0.2,0,Peak Floor Velocity,3,2,2.561468752,4.208793316,6.054937594,6.552294342,6.812346827,7.081635514,7.36156905,7.65374065,8.282424184,11.91542511,3.149503066
1, 63in50,0.02,0.213830312,0.2,0,Peak Floor Velocity,3,3,3.622463848,5.952132589,8.562974865,9.266343524,9.634113274,10.01494499,10.41083079,10.82402383,11.71311661,16.85095579,4.45406995
1, 63in50,0.02,0.213830312,0.2,0,Peak Floor Velocity,4,1,2.820632389,4.634629542,6.667562539,7.215240723,7.501604732,7.798139442,8.106396023,8.428128887,9.120421204,13.12100098,3.468162691
1, 63in50,0.02,0.213830312,0.2,0,Peak Floor Velocity,4,2,2.820632389,4.634629542,6.667562539,7.215240723,7.501604732,7.798139442,8.106396023,8.428128887,9.120421204,13.12100098,3.468162691
1, 63in50,0.02,0.213830312,0.2,0,Peak Floor Velocity,4,3,3.98897658,6.554355955,9.429357371,10.20389129,10.60887115,11.02823456,11.4641752,11.91917418,12.89822336,18.55589754,4.904722714
1, 63in50,0.02,0.213830312,0.2,0,Peak Floor Velocity,5,1,3.156880172,5.187124051,7.462403131,8.075370069,8.395871551,8.727756185,9.072760053,9.432846714,10.20766725,14.68515641,3.881602605
1, 63in50,0.02,0.213830312,0.2,0,Peak Floor Velocity,5,2,3.156880172,5.187124051,7.462403131,8.075370069,8.395871551,8.727756185,9.072760053,9.432846714,10.20766725,14.68515641,3.881602605
1, 63in50,0.02,0.213830312,0.2,0,Peak Floor Velocity,5,3,4.464502754,7.335701182,10.55343172,11.42029787,11.87355542,12.34291117,12.83082031,13.34005976,14.43582146,20.76794737,5.489415047
2,30in50,0.005625,0.317729142,0.2,0,Story Drift Ratio,1,1,0.002257763,0.003967237,0.00599491,0.006556904,0.006853086,0.007161401,0.007483587,0.007821628,0.008554868,0.012927302,0.002854689
2,30in50,0.005625,0.317729142,0.2,0,Story Drift Ratio,1,2,0.002257763,0.003967237,0.00599491,0.006556904,0.006853086,0.007161401,0.007483587,0.007821628,0.008554868,0.012927302,0.002854689
2,30in50,0.005625,0.317729142,0.2,0,Story Drift Ratio,1,3,0.003192959,0.00561052,0.008478083,0.009272863,0.009691727,0.01012775,0.01058339,0.011061452,0.01209841,0.018281965,0.00403714
2,30in50,0.005625,0.317729142,0.2,0,Story Drift Ratio,2,1,0.001686662,0.002963724,0.004478497,0.004898335,0.005119597,0.005349924,0.005590613,0.005843147,0.006390913,0.00965734,0.002132595
2,30in50,0.005625,0.317729142,0.2,0,Story Drift Ratio,2,2,0.001686662,0.002963724,0.004478497,0.004898335,0.005119597,0.005349924,0.005590613,0.005843147,0.006390913,0.00965734,0.002132595
2,30in50,0.005625,0.317729142,0.2,0,Story Drift Ratio,2,3,0.0023853,0.004191338,0.006333552,0.006927292,0.007240204,0.007565935,0.007906321,0.008263457,0.009038116,0.013657541,0.003015945
2,30in50,0.005625,0.317729142,0.2,0,Story Drift Ratio,3,1,0.001637662,0.002877624,0.004348391,0.004756032,0.004970866,0.005194502,0.005428199,0.005673395,0.006205249,0.009376781,0.002070641
2,30in50,0.005625,0.317729142,0.2,0,Story Drift Ratio,3,2,0.001637662,0.002877624,0.004348391,0.004756032,0.004970866,0.005194502,0.005428199,0.005673395,0.006205249,0.009376781,0.002070641
2,30in50,0.005625,0.317729142,0.2,0,Story Drift Ratio,3,3,0.002316004,0.004069575,0.006149554,0.006726045,0.007029867,0.007346135,0.007676632,0.008023393,0.008775547,0.013260772,0.002928328
2,30in50,0.005625,0.317729142,0.2,0,Story Drift Ratio,4,1,0.001859986,0.003268281,0.004938716,0.005401697,0.005645696,0.005899692,0.006165115,0.006443599,0.007047655,0.010649745,0.002351745
2,30in50,0.005625,0.317729142,0.2,0,Story Drift Ratio,4,2,0.001859986,0.003268281,0.004938716,0.005401697,0.005645696,0.005899692,0.006165115,0.006443599,0.007047655,0.010649745,0.002351745
2,30in50,0.005625,0.317729142,0.2,0,Story Drift Ratio,4,3,0.002630418,0.004622048,0.006984399,0.007639153,0.00798422,0.008343424,0.008718789,0.009112625,0.009966889,0.015061014,0.003325869
2,30in50,0.005625,0.317729142,0.2,0,Story Drift Ratio,5,1,0.001187057,0.002085841,0.003151925,0.003447402,0.003603125,0.003765227,0.003934621,0.004112352,0.004497865,0.006796746,0.001500901
2,30in50,0.005625,0.317729142,0.2,0,Story Drift Ratio,5,2,0.001187057,0.002085841,0.003151925,0.003447402,0.003603125,0.003765227,0.003934621,0.004112352,0.004497865,0.006796746,0.001500901
2,30in50,0.005625,0.317729142,0.2,0,Story Drift Ratio,5,3,0.001678752,0.002949825,0.004457495,0.004875363,0.005095588,0.005324835,0.005564395,0.005815744,0.006360942,0.00961205,0.002122594
2,30in50,0.005625,0.317729142,0.2,0,Building Residual Drift,1,1,0.000216952,0.00041251,0.000660423,0.00073145,0.000769232,0.000808805,0.000850414,0.000894341,0.000990526,0.001585818,0.000283467
2,30in50,0.005625,0.317729142,0.2,0,Building Residual Drift,1,2,0.000216952,0.00041251,0.000660423,0.00073145,0.000769232,0.000808805,0.000850414,0.000894341,0.000990526,0.001585818,0.000283467
2,30in50,0.005625,0.317729142,0.2,0,Building Residual Drift,1,3,0.000306816,0.000583378,0.000933979,0.001034427,0.001087859,0.001143824,0.001202668,0.00126479,0.001400815,0.002242685,0.000400883
2,30in50,0.005625,0.317729142,0.2,0,Building Residual Drift,2,1,0.000107114,0.000203665,0.000326065,0.000361132,0.000379786,0.000399324,0.000419867,0.000441555,0.000489043,0.000782951,0.000139953
2,30in50,0.005625,0.317729142,0.2,0,Building Residual Drift,2,2,0.000107114,0.000203665,0.000326065,0.000361132,0.000379786,0.000399324,0.000419867,0.000441555,0.000489043,0.000782951,0.000139953
2,30in50,0.005625,0.317729142,0.2,0,Building Residual Drift,2,3,0.000151482,0.000288026,0.000461125,0.000510718,0.000537098,0.000564729,0.000593782,0.000624453,0.000691611,0.00110726,0.000197924
2,30in50,0.005625,0.317729142,0.2,0,Building Residual Drift,3,1,9.46E-05,0.000179884,0.000287992,0.000318965,0.00033544,0.000352697,0.000370842,0.000389997,0.00043194,0.00069153,0.000123612
2,30in50,0.005625,0.317729142,0.2,0,Building Residual Drift,3,2,9.46E-05,0.000179884,0.000287992,0.000318965,0.00033544,0.000352697,0.000370842,0.000389997,0.00043194,0.00069153,0.000123612
2,30in50,0.005625,0.317729142,0.2,0,Building Residual Drift,3,3,0.000133794,0.000254395,0.000407282,0.000451084,0.000474384,0.000498789,0.000524449,0.000551539,0.000610856,0.000977972,0.000174814
2,30in50,0.005625,0.317729142,0.2,0,Building Residual Drift,4,1,0.000151354,0.000287783,0.000460737,0.000510288,0.000536646,0.000564254,0.000593282,0.000623927,0.00069103,0.001106328,0.000197758
2,30in50,0.005625,0.317729142,0.2,0,Building Residual Drift,4,2,0.000151354,0.000287783,0.000460737,0.000510288,0.000536646,0.000564254,0.000593282,0.000623927,0.00069103,0.001106328,0.000197758
2,30in50,0.005625,0.317729142,0.2,0,Building Residual Drift,4,3,0.000214047,0.000406987,0.00065158,0.000721657,0.000758933,0.000797976,0.000839028,0.000882367,0.000977263,0.001564584,0.000279671
2,30in50,0.005625,0.317729142,0.2,0,Building Residual Drift,5,1,0.000151398,0.000287867,0.000460871,0.000510436,0.000536802,0.000564418,0.000593454,0.000624108,0.00069123,0.001106649,0.000197815
2,30in50,0.005625,0.317729142,0.2,0,Building Residual Drift,5,2,0.000151398,0.000287867,0.000460871,0.000510436,0.000536802,0.000564418,0.000593454,0.000624108,0.00069123,0.001106649,0.000197815
2,30in50,0.005625,0.317729142,0.2,0,Building Residual Drift,5,3,0.000214109,0.000407105,0.00065177,0.000721866,0.000759153,0.000798208,0.000839271,0.000882623,0.000977547,0.001565038,0.000279753
2,30in50,0.005625,0.317729142,0.2,0,Acceleration,0,1,0.07492097,0.120702234,0.171159359,0.184639313,0.191671212,0.198941648,0.206487864,0.214351855,0.231233509,0.327895997,0.091368275
2,30in50,0.005625,0.317729142,0.2,0,Acceleration,0,2,0.07492097,0.120702234,0.171159359,0.184639313,0.191671212,0.198941648,0.206487864,0.214351855,0.231233509,0.327895997,0.091368275
2,30in50,0.005625,0.317729142,0.2,0,Acceleration,0,3,0.105954252,0.170698736,0.242055887,0.261119421,0.271064028,0.281345976,0.292017938,0.3031393,0.327013565,0.463714966,0.129214254
2,30in50,0.005625,0.317729142,0.2,0,Acceleration,1,1,0.061322514,0.098794296,0.140093252,0.15112654,0.156882122,0.162832944,0.169009492,0.175446137,0.189263704,0.268381564,0.074784568
2,30in50,0.005625,0.317729142,0.2,0,Acceleration,1,2,0.061322514,0.098794296,0.140093252,0.15112654,0.156882122,0.162832944,0.169009492,0.175446137,0.189263704,0.268381564,0.074784568
2,30in50,0.005625,0.317729142,0.2,0,Acceleration,1,3,0.086723132,0.139716233,0.198121776,0.213725203,0.221864824,0.230280558,0.239015516,0.248118306,0.267659297,0.379548847,0.105761351
2,30in50,0.005625,0.317729142,0.2,0,Acceleration,2,1,0.060882578,0.098085532,0.139088203,0.150042337,0.155756627,0.161664757,0.167796994,0.174187461,0.187905899,0.266456156,0.074248053
2,30in50,0.005625,0.317729142,0.2,0,Acceleration,2,2,0.060882578,0.098085532,0.139088203,0.150042337,0.155756627,0.161664757,0.167796994,0.174187461,0.187905899,0.266456156,0.074248053
2,30in50,0.005625,0.317729142,0.2,0,Acceleration,2,3,0.086100968,0.138713889,0.196700423,0.212191908,0.220273134,0.228628492,0.237300784,0.24633827,0.265739071,0.37682591,0.105002604
2,30in50,0.005625,0.317729142,0.2,0,Acceleration,3,1,0.060445798,0.097381852,0.138090364,0.148965912,0.154639207,0.160504951,0.166593194,0.172937816,0.186557835,0.264544562,0.073715387
2,30in50,0.005625,0.317729142,0.2,0,Acceleration,3,2,0.060445798,0.097381852,0.138090364,0.148965912,0.154639207,0.160504951,0.166593194,0.172937816,0.186557835,0.264544562,0.073715387
2,30in50,0.005625,0.317729142,0.2,0,Acceleration,3,3,0.085483267,0.137718736,0.195289266,0.210669613,0.218692863,0.226988279,0.235598355,0.244571004,0.263832621,0.374122507,0.1042493
2,30in50,0.005625,0.317729142,0.2,0,Acceleration,4,1,0.060012151,0.096683221,0.137099684,0.147897209,0.153529803,0.159353466,0.165398031,0.171697135,0.185219443,0.262646682,0.073186542
2,30in50,0.005625,0.317729142,0.2,0,Acceleration,4,2,0.060012151,0.096683221,0.137099684,0.147897209,0.153529803,0.159353466,0.165398031,0.171697135,0.185219443,0.262646682,0.073186542
2,30in50,0.005625,0.317729142,0.2,0,Acceleration,4,3,0.084869998,0.136730722,0.193888233,0.209158239,0.21712393,0.225359833,0.233908139,0.242816417,0.261939848,0.371438499,0.103501401
2,30in50,0.005625,0.317729142,0.2,0,Acceleration,5,1,0.059553023,0.095943538,0.136050792,0.146765709,0.15235521,0.158134319,0.16413264,0.170383552,0.183802406,0.260637281,0.072626623
2,30in50,0.005625,0.317729142,0.2,0,Acceleration,5,2,0.059553023,0.095943538,0.136050792,0.146765709,0.15235521,0.158134319,0.16413264,0.170383552,0.183802406,0.260637281,0.072626623
2,30in50,0.005625,0.317729142,0.2,0,Acceleration,5,3,0.084220693,0.135684652,0.192404875,0.207558057,0.215462805,0.223635699,0.232118605,0.24095873,0.259935855,0.368596778,0.102709555
2,30in50,0.005625,0.317729142,0.2,0,Peak Floor Velocity,0,1,0.074263219,0.122023171,0.175547391,0.189966975,0.19750653,0.205313865,0.21342982,0.221900586,0.240127653,0.3454572,0.091311766
2,30in50,0.005625,0.317729142,0.2,0,Peak Floor Velocity,0,2,0.074263219,0.122023171,0.175547391,0.189966975,0.19750653,0.205313865,0.21342982,0.221900586,0.240127653,0.3454572,0.091311766
2,30in50,0.005625,0.317729142,0.2,0,Peak Floor Velocity,0,3,0.105024051,0.172566823,0.248261501,0.268653872,0.279316413,0.290357652,0.301835346,0.313814818,0.339591784,0.488550258,0.129134338
2,30in50,0.005625,0.317729142,0.2,0,Peak Floor Velocity,1,1,3.525516886,5.79283737,8.333806422,9.018351027,9.376278261,9.746917885,10.13220871,10.53434358,11.39964183,16.39997849,4.334866952
2,30in50,0.005625,0.317729142,0.2,0,Peak Floor Velocity,1,2,3.525516886,5.79283737,8.333806422,9.018351027,9.376278261,9.746917885,10.13220871,10.53434358,11.39964183,16.39997849,4.334866952
2,30in50,0.005625,0.317729142,0.2,0,Peak Floor Velocity,1,3,4.985833795,8.192309173,11.78578207,12.75387433,13.26005988,13.78422346,14.32910697,14.89781156,16.12152808,23.193072,6.130427635
2,30in50,0.005625,0.317729142,0.2,0,Peak Floor Velocity,2,1,3.559307266,5.848358924,8.413681939,9.104787574,9.466145368,9.840337394,10.22932105,10.63531019,11.5089019,16.55716438,4.376414562
2,30in50,0.005625,0.317729142,0.2,0,Peak Floor Velocity,2,2,3.559307266,5.848358924,8.413681939,9.104787574,9.466145368,9.840337394,10.22932105,10.63531019,11.5089019,16.55716438,4.376414562
2,30in50,0.005625,0.317729142,0.2,0,Peak Floor Velocity,2,3,5.033620608,8.270828507,11.89874311,12.87611407,13.38715116,13.9163386,14.46644456,15.04059991,16.27604515,23.41536642,6.189184828
2,30in50,0.005625,0.317729142,0.2,0,Peak Floor Velocity,3,1,3.722624556,6.11670837,8.799740134,9.522556855,9.900495397,10.29185706,10.69868906,11.12330684,12.03698294,17.31688278,4.577224471
2,30in50,0.005625,0.317729142,0.2,0,Peak Floor Velocity,3,2,3.722624556,6.11670837,8.799740134,9.522556855,9.900495397,10.29185706,10.69868906,11.12330684,12.03698294,17.31688278,4.577224471
2,30in50,0.005625,0.317729142,0.2,0,Peak Floor Velocity,3,3,5.264586135,8.650331933,12.44471184,13.46692905,14.00141486,14.55488384,15.13023117,15.73073139,17.02286452,24.48977048,6.473172925
2,30in50,0.005625,0.317729142,0.2,0,Peak Floor Velocity,4,1,4.033862346,6.628108529,9.535460758,10.31871008,10.72824696,11.15232924,11.59317527,12.05329411,13.04336,18.76469688,4.959912869
2,30in50,0.005625,0.317729142,0.2,0,Peak Floor Velocity,4,2,4.033862346,6.628108529,9.535460758,10.31871008,10.72824696,11.15232924,11.59317527,12.05329411,13.04336,18.76469688,4.959912869
2,30in50,0.005625,0.317729142,0.2,0,Peak Floor Velocity,4,3,5.704742838,9.373560974,13.48517793,14.59285974,15.17203235,15.77177526,16.3952257,17.045932,18.4460966,26.53728882,7.014376047
2,30in50,0.005625,0.317729142,0.2,0,Peak Floor Velocity,5,1,4.480874778,7.362602336,10.59213279,11.46217788,11.91709759,12.38817454,12.87787292,13.38897982,14.48875986,20.84410665,5.509545584
2,30in50,0.005625,0.317729142,0.2,0,Peak Floor Velocity,5,2,4.480874778,7.362602336,10.59213279,11.46217788,11.91709759,12.38817454,12.87787292,13.38897982,14.48875986,20.84410665,5.509545584
2,30in50,0.005625,0.317729142,0.2,0,Peak Floor Velocity,5,3,6.336913882,10.41229208,14.97953784,16.20996741,16.85332103,17.51952444,18.21206254,18.93487685,20.49020069,29.47801832,7.791674088
3, 10in50,0.0021,0.501744138,0.2,0,Story Drift Ratio,1,1,0.003513372,0.006173534,0.009328857,0.010203392,0.010664289,0.011144067,0.01164543,0.012171465,0.013312481,0.020116555,0.004442266
3, 10in50,0.0021,0.501744138,0.2,0,Story Drift Ratio,1,2,0.003513372,0.006173534,0.009328857,0.010203392,0.010664289,0.011144067,0.01164543,0.012171465,0.013312481,0.020116555,0.004442266
3, 10in50,0.0021,0.501744138,0.2,0,Story Drift Ratio,1,3,0.004968658,0.008730695,0.013192995,0.014429775,0.015081582,0.015760091,0.016469125,0.017213051,0.018826692,0.028449105,0.006282312
3, 10in50,0.0021,0.501744138,0.2,0,Story Drift Ratio,2,1,0.002624664,0.004611938,0.006969122,0.007622443,0.007966756,0.008325175,0.008699718,0.009092692,0.009945089,0.015028071,0.003318594
3, 10in50,0.0021,0.501744138,0.2,0,Story Drift Ratio,2,2,0.002624664,0.004611938,0.006969122,0.007622443,0.007966756,0.008325175,0.008699718,0.009092692,0.009945089,0.015028071,0.003318594
3, 10in50,0.0021,0.501744138,0.2,0,Story Drift Ratio,2,3,0.003711836,0.006522265,0.009855826,0.010779763,0.011266695,0.011773575,0.012303259,0.012859009,0.014064479,0.021252902,0.004693201
3, 10in50,0.0021,0.501744138,0.2,0,Story Drift Ratio,3,1,0.002548414,0.004477955,0.00676666,0.007401001,0.007735312,0.008083317,0.00844698,0.008828538,0.009656171,0.014591486,0.003222185
3, 10in50,0.0021,0.501744138,0.2,0,Story Drift Ratio,3,2,0.002548414,0.004477955,0.00676666,0.007401001,0.007735312,0.008083317,0.00844698,0.008828538,0.009656171,0.014591486,0.003222185
3, 10in50,0.0021,0.501744138,0.2,0,Story Drift Ratio,3,3,0.003604002,0.006332785,0.009569502,0.010466596,0.010939383,0.011431537,0.011945833,0.012485438,0.013655887,0.020635477,0.004556857
3, 10in50,0.0021,0.501744138,0.2,0,Story Drift Ratio,4,1,0.002894379,0.005085869,0.007685281,0.008405739,0.008785435,0.009180684,0.009593716,0.010027074,0.010967064,0.016572383,0.003659619
3, 10in50,0.0021,0.501744138,0.2,0,Story Drift Ratio,4,2,0.002894379,0.005085869,0.007685281,0.008405739,0.008785435,0.009180684,0.009593716,0.010027074,0.010967064,0.016572383,0.003659619
3, 10in50,0.0021,0.501744138,0.2,0,Story Drift Ratio,4,3,0.004093271,0.007192505,0.010868629,0.01188751,0.012424481,0.012983448,0.013567564,0.014180424,0.01550977,0.023436888,0.005175483
3, 10in50,0.0021,0.501744138,0.2,0,Story Drift Ratio,5,1,0.001847214,0.003245839,0.004904803,0.005364604,0.005606929,0.00585918,0.00612278,0.006399352,0.00699926,0.010576616,0.002335596
3, 10in50,0.0021,0.501744138,0.2,0,Story Drift Ratio,5,2,0.001847214,0.003245839,0.004904803,0.005364604,0.005606929,0.00585918,0.00612278,0.006399352,0.00699926,0.010576616,0.002335596
3, 10in50,0.0021,0.501744138,0.2,0,Story Drift Ratio,5,3,0.002612355,0.004590309,0.006936438,0.007586696,0.007929395,0.008286132,0.008658919,0.00905005,0.009898449,0.014957594,0.003303031
3, 10in50,0.0021,0.501744138,0.2,0,Building Residual Drift,1,1,0.000537442,0.001021887,0.001636027,0.001811978,0.001905573,0.002003605,0.002106681,0.002215498,0.002453771,0.003928451,0.000702215
3, 10in50,0.0021,0.501744138,0.2,0,Building Residual Drift,1,2,0.000537442,0.001021887,0.001636027,0.001811978,0.001905573,0.002003605,0.002106681,0.002215498,0.002453771,0.003928451,0.000702215
3, 10in50,0.0021,0.501744138,0.2,0,Building Residual Drift,1,3,0.000760058,0.001445167,0.002313691,0.002562524,0.002694887,0.002833526,0.002979297,0.003133188,0.003470156,0.005555669,0.000993083
3, 10in50,0.0021,0.501744138,0.2,0,Building Residual Drift,2,1,0.000346536,0.0006589,0.001054889,0.00116834,0.001228689,0.001291899,0.001358361,0.001428525,0.00158216,0.002533015,0.00045278
3, 10in50,0.0021,0.501744138,0.2,0,Building Residual Drift,2,2,0.000346536,0.0006589,0.001054889,0.00116834,0.001228689,0.001291899,0.001358361,0.001428525,0.00158216,0.002533015,0.00045278
3, 10in50,0.0021,0.501744138,0.2,0,Building Residual Drift,2,3,0.000490075,0.000931825,0.001491838,0.001652283,0.001737629,0.001827021,0.001921012,0.002020239,0.002237512,0.003582224,0.000640327
3, 10in50,0.0021,0.501744138,0.2,0,Building Residual Drift,3,1,0.000327073,0.000621894,0.000995643,0.001102723,0.001159682,0.001219342,0.001282071,0.001348294,0.001493301,0.002390753,0.00042735
3, 10in50,0.0021,0.501744138,0.2,0,Building Residual Drift,3,2,0.000327073,0.000621894,0.000995643,0.001102723,0.001159682,0.001219342,0.001282071,0.001348294,0.001493301,0.002390753,0.00042735
3, 10in50,0.0021,0.501744138,0.2,0,Building Residual Drift,3,3,0.000462551,0.000879491,0.001408052,0.001559485,0.001640038,0.00172441,0.001813122,0.001906776,0.002111846,0.003381035,0.000604364
3, 10in50,0.0021,0.501744138,0.2,0,Building Residual Drift,4,1,0.00041538,0.000789799,0.001264457,0.001400447,0.001472785,0.001548552,0.001628217,0.00171232,0.001896477,0.003036232,0.00054273
3, 10in50,0.0021,0.501744138,0.2,0,Building Residual Drift,4,2,0.00041538,0.000789799,0.001264457,0.001400447,0.001472785,0.001548552,0.001628217,0.00171232,0.001896477,0.003036232,0.00054273
3, 10in50,0.0021,0.501744138,0.2,0,Building Residual Drift,4,3,0.000587435,0.001116945,0.001788212,0.001980531,0.002082832,0.002189983,0.002302647,0.002421587,0.002682024,0.004293881,0.000767536
3, 10in50,0.0021,0.501744138,0.2,0,Building Residual Drift,5,1,0.000319901,0.000608257,0.000973811,0.001078542,0.001134252,0.001192604,0.001253958,0.001318729,0.001460556,0.002338328,0.000417979
3, 10in50,0.0021,0.501744138,0.2,0,Building Residual Drift,5,2,0.000319901,0.000608257,0.000973811,0.001078542,0.001134252,0.001192604,0.001253958,0.001318729,0.001460556,0.002338328,0.000417979
3, 10in50,0.0021,0.501744138,0.2,0,Building Residual Drift,5,3,0.000452408,0.000860205,0.001377176,0.001525289,0.001604075,0.001686597,0.001773364,0.001864964,0.002065537,0.003306895,0.000591112
3, 10in50,0.0021,0.501744138,0.2,0,Acceleration,0,1,0.118708956,0.191247339,0.271194417,0.292552807,0.30369454,0.315214223,0.327170868,0.339631012,0.366379246,0.519536673,0.144768982
3, 10in50,0.0021,0.501744138,0.2,0,Acceleration,0,2,0.118708956,0.191247339,0.271194417,0.292552807,0.30369454,0.315214223,0.327170868,0.339631012,0.366379246,0.519536673,0.144768982
3, 10in50,0.0021,0.501744138,0.2,0,Acceleration,0,3,0.167879815,0.27046458,0.383526823,0.413732148,0.429488937,0.445780229,0.462689478,0.480310784,0.518138498,0.734735809,0.204734258
3, 10in50,0.0021,0.501744138,0.2,0,Acceleration,1,1,0.097162806,0.156535183,0.221971547,0.239453304,0.248572768,0.258001582,0.267788048,0.277986627,0.299879949,0.425238692,0.118492833
3, 10in50,0.0021,0.501744138,0.2,0,Acceleration,1,2,0.097162806,0.156535183,0.221971547,0.239453304,0.248572768,0.258001582,0.267788048,0.277986627,0.299879949,0.425238692,0.118492833
3, 10in50,0.0021,0.501744138,0.2,0,Acceleration,1,3,0.137408958,0.221374178,0.313915173,0.33863811,0.351534979,0.364869336,0.37870949,0.393132458,0.424094291,0.601378325,0.167574172
3, 10in50,0.0021,0.501744138,0.2,0,Acceleration,2,1,0.096465746,0.155412177,0.220379092,0.237735432,0.246789471,0.256150642,0.265866899,0.275992311,0.297728568,0.422187969,0.117642749
3, 10in50,0.0021,0.501744138,0.2,0,Acceleration,2,2,0.096465746,0.155412177,0.220379092,0.237735432,0.246789471,0.256150642,0.265866899,0.275992311,0.297728568,0.422187969,0.117642749
3, 10in50,0.0021,0.501744138,0.2,0,Acceleration,2,3,0.136423167,0.219786009,0.311663101,0.336208672,0.349013017,0.362251712,0.375992574,0.39031207,0.421051778,0.597063951,0.166371971
3, 10in50,0.0021,0.501744138,0.2,0,Acceleration,3,1,0.095773687,0.154297228,0.218798061,0.236029884,0.245018968,0.254312981,0.263959532,0.274012303,0.295592621,0.419159132,0.116798763
3, 10in50,0.0021,0.501744138,0.2,0,Acceleration,3,2,0.095773687,0.154297228,0.218798061,0.236029884,0.245018968,0.254312981,0.263959532,0.274012303,0.295592621,0.419159132,0.116798763
3, 10in50,0.0021,0.501744138,0.2,0,Acceleration,3,3,0.135444447,0.218209233,0.309427185,0.333796664,0.346509148,0.359652867,0.37329515,0.387511915,0.418031093,0.59278053,0.165178395
3, 10in50,0.0021,0.501744138,0.2,0,Acceleration,4,1,0.095086593,0.153190278,0.217228373,0.234336572,0.243261168,0.252488503,0.262065849,0.2720465,0.293471997,0.416152025,0.115960832
3, 10in50,0.0021,0.501744138,0.2,0,Acceleration,4,2,0.095086593,0.153190278,0.217228373,0.234336572,0.243261168,0.252488503,0.262065849,0.2720465,0.293471997,0.416152025,0.115960832
3, 10in50,0.0021,0.501744138,0.2,0,Acceleration,4,3,0.13447275,0.216643769,0.307207311,0.331401959,0.344023242,0.357072666,0.370617078,0.38473185,0.415032079,0.588527838,0.163993382
3, 10in50,0.0021,0.501744138,0.2,0,Acceleration,5,1,0.094359125,0.152018283,0.215566449,0.232543761,0.241400078,0.250556819,0.260060892,0.269965185,0.291226765,0.412968219,0.115073664
3, 10in50,0.0021,0.501744138,0.2,0,Acceleration,5,2,0.094359125,0.152018283,0.215566449,0.232543761,0.241400078,0.250556819,0.260060892,0.269965185,0.291226765,0.412968219,0.115073664
3, 10in50,0.0021,0.501744138,0.2,0,Acceleration,5,3,0.133443955,0.214986317,0.304856995,0.32886654,0.341391264,0.354340851,0.36778164,0.381788426,0.411856841,0.584025256,0.162738737
3, 10in50,0.0021,0.501744138,0.2,0,Peak Floor Velocity,0,1,0.123184997,0.202407384,0.29119132,0.315109976,0.327616302,0.340566812,0.354029249,0.368080233,0.398314598,0.573031235,0.151464477
3, 10in50,0.0021,0.501744138,0.2,0,Peak Floor Velocity,0,2,0.123184997,0.202407384,0.29119132,0.315109976,0.327616302,0.340566812,0.354029249,0.368080233,0.398314598,0.573031235,0.151464477
3, 10in50,0.0021,0.501744138,0.2,0,Peak Floor Velocity,0,3,0.174209893,0.286247268,0.411806714,0.445632801,0.463319418,0.481634205,0.500672965,0.520544058,0.563301906,0.810388544,0.214203117
3, 10in50,0.0021,0.501744138,0.2,0,Peak Floor Velocity,1,1,5.708402407,9.379574076,13.49382862,14.602221,15.18176515,15.78189279,16.40574317,17.0568669,18.4579297,26.55431238,7.018875741
3, 10in50,0.0021,0.501744138,0.2,0,Peak Floor Velocity,1,2,5.708402407,9.379574076,13.49382862,14.602221,15.18176515,15.78189279,16.40574317,17.0568669,18.4579297,26.55431238,7.018875741
3, 10in50,0.0021,0.501744138,0.2,0,Peak Floor Velocity,1,3,8.072900104,13.26472087,19.08315544,20.65065898,21.47025818,22.31896682,23.2012245,24.12205249,26.10345452,37.55346871,9.926189265
3, 10in50,0.0021,0.501744138,0.2,0,Peak Floor Velocity,2,1,5.678211313,9.32996657,13.42246128,14.52499151,15.10147051,15.69842414,16.31897506,16.96665506,18.3603078,26.41386963,6.981753701
3, 10in50,0.0021,0.501744138,0.2,0,Peak Floor Velocity,2,2,5.678211313,9.32996657,13.42246128,14.52499151,15.10147051,15.69842414,16.31897506,16.96665506,18.3603078,26.41386963,6.981753701
3, 10in50,0.0021,0.501744138,0.2,0,Peak Floor Velocity,2,3,8.030203449,13.19456526,18.98222679,20.54143998,21.35670441,22.20092433,23.07851585,23.99447369,25.9653963,37.35485266,9.873690774
3, 10in50,0.0021,0.501744138,0.2,0,Peak Floor Velocity,3,1,5.856542765,9.622986043,13.84401076,14.98116735,15.57575141,16.19145313,16.83149323,17.49951445,18.93693663,27.24343081,7.201024561
3, 10in50,0.0021,0.501744138,0.2,0,Peak Floor Velocity,3,2,5.856542765,9.622986043,13.84401076,14.98116735,15.57575141,16.19145313,16.83149323,17.49951445,18.93693663,27.24343081,7.201024561
3, 10in50,0.0021,0.501744138,0.2,0,Peak Floor Velocity,3,3,8.282402207,13.60895737,19.57838778,21.18657005,22.02743889,22.89817261,23.80332601,24.74805067,26.78087261,38.52802934,10.1837866
3, 10in50,0.0021,0.501744138,0.2,0,Peak Floor Velocity,4,1,6.263480011,10.29163162,14.80595091,16.02212192,16.65802019,17.31650346,18.00101624,18.71545438,20.25275471,29.13641908,7.701382062
3, 10in50,0.0021,0.501744138,0.2,0,Peak Floor Velocity,4,2,6.263480011,10.29163162,14.80595091,16.02212192,16.65802019,17.31650346,18.00101624,18.71545438,20.25275471,29.13641908,7.701382062
3, 10in50,0.0021,0.501744138,0.2,0,Peak Floor Velocity,4,3,8.85789838,14.55456502,20.93877658,22.65870212,23.55799808,24.48923404,25.4572813,26.46764941,28.64172038,41.20511902,10.89139896
3, 10in50,0.0021,0.501744138,0.2,0,Peak Floor Velocity,5,1,6.914050573,11.36059529,16.34380459,17.68629597,18.38824325,19.11512138,19.87073263,20.65937751,22.35635302,32.16273935,8.501303583
3, 10in50,0.0021,0.501744138,0.2,0,Peak Floor Velocity,5,2,6.914050573,11.36059529,16.34380459,17.68629597,18.38824325,19.11512138,19.87073263,20.65937751,22.35635302,32.16273935,8.501303583
3, 10in50,0.0021,0.501744138,0.2,0,Peak Floor Velocity,5,3,9.777944091,16.06630794,23.11363011,25.01219963,26.00490299,27.0328639,28.10145958,29.21677187,31.61665765,45.48498219,12.02265882
4, 5in50,0.001025,0.688672331,0.2,0,Story Drift Ratio,1,1,0.004788858,0.008414759,0.012715583,0.013907608,0.014535828,0.015189784,0.01587316,0.016590166,0.018145415,0.027419623,0.006054976
4, 5in50,0.001025,0.688672331,0.2,0,Story Drift Ratio,1,2,0.004788858,0.008414759,0.012715583,0.013907608,0.014535828,0.015189784,0.01587316,0.016590166,0.018145415,0.027419623,0.006054976
4, 5in50,0.001025,0.688672331,0.2,0,Story Drift Ratio,1,3,0.006772468,0.011900267,0.017982551,0.019668328,0.020556765,0.021481598,0.022448039,0.023462038,0.025661491,0.038777203,0.008563029
4, 5in50,0.001025,0.688672331,0.2,0,Story Drift Ratio,2,1,0.003577516,0.006286246,0.009499176,0.010389678,0.01085899,0.011347527,0.011858044,0.012393683,0.013555531,0.020483828,0.004523369
4, 5in50,0.001025,0.688672331,0.2,0,Story Drift Ratio,2,2,0.003577516,0.006286246,0.009499176,0.010389678,0.01085899,0.011347527,0.011858044,0.012393683,0.013555531,0.020483828,0.004523369
4, 5in50,0.001025,0.688672331,0.2,0,Story Drift Ratio,2,3,0.005059372,0.008890094,0.013433863,0.014693223,0.01535693,0.016047827,0.016769806,0.017527314,0.019170416,0.028968507,0.00639701
4, 5in50,0.001025,0.688672331,0.2,0,Story Drift Ratio,3,1,0.003473585,0.006103622,0.009223212,0.010087844,0.010543522,0.011017867,0.011513552,0.01203363,0.013161725,0.019888746,0.004391959
4, 5in50,0.001025,0.688672331,0.2,0,Story Drift Ratio,3,2,0.003473585,0.006103622,0.009223212,0.010087844,0.010543522,0.011017867,0.011513552,0.01203363,0.013161725,0.019888746,0.004391959
4, 5in50,0.001025,0.688672331,0.2,0,Story Drift Ratio,3,3,0.004912391,0.008631825,0.013043592,0.014266366,0.014910791,0.015581616,0.016282621,0.017018123,0.01861349,0.028126934,0.006211169
4, 5in50,0.001025,0.688672331,0.2,0,Story Drift Ratio,4,1,0.003945148,0.006932231,0.010475328,0.01145734,0.011974879,0.012513619,0.013076597,0.01366728,0.014948522,0.022588783,0.004988199
4, 5in50,0.001025,0.688672331,0.2,0,Story Drift Ratio,4,2,0.003945148,0.006932231,0.010475328,0.01145734,0.011974879,0.012513619,0.013076597,0.01366728,0.014948522,0.022588783,0.004988199
4, 5in50,0.001025,0.688672331,0.2,0,Story Drift Ratio,4,3,0.005579282,0.009803656,0.014814351,0.016203125,0.016935036,0.01769693,0.018493101,0.019328453,0.021140402,0.031945363,0.007054378
4, 5in50,0.001025,0.688672331,0.2,0,Story Drift Ratio,5,1,0.002517823,0.004424201,0.006685431,0.007312158,0.007642455,0.007986283,0.00834558,0.008722558,0.009540256,0.014416327,0.003183505
4, 5in50,0.001025,0.688672331,0.2,0,Story Drift Ratio,5,2,0.002517823,0.004424201,0.006685431,0.007312158,0.007642455,0.007986283,0.00834558,0.008722558,0.009540256,0.014416327,0.003183505
4, 5in50,0.001025,0.688672331,0.2,0,Story Drift Ratio,5,3,0.003560739,0.006256765,0.009454627,0.010340953,0.010808064,0.01129431,0.011802433,0.01233556,0.013491959,0.020387765,0.004502156
4, 5in50,0.001025,0.688672331,0.2,0,Building Residual Drift,1,1,0.000863006,0.001640911,0.002627075,0.002909612,0.003059904,0.00321732,0.003382835,0.003557571,0.00394018,0.006308171,0.001127593
4, 5in50,0.001025,0.688672331,0.2,0,Building Residual Drift,1,2,0.000863006,0.001640911,0.002627075,0.002909612,0.003059904,0.00321732,0.003382835,0.003557571,0.00394018,0.006308171,0.001127593
4, 5in50,0.001025,0.688672331,0.2,0,Building Residual Drift,1,3,0.001220474,0.002320599,0.003715245,0.004114813,0.004327357,0.004549978,0.004784052,0.005031165,0.005572257,0.008921101,0.001594658
4, 5in50,0.001025,0.688672331,0.2,0,Building Residual Drift,2,1,0.000589748,0.001121342,0.001795252,0.001988328,0.002091032,0.002198605,0.002311712,0.00243112,0.002692582,0.004310785,0.000770558
4, 5in50,0.001025,0.688672331,0.2,0,Building Residual Drift,2,2,0.000589748,0.001121342,0.001795252,0.001988328,0.002091032,0.002198605,0.002311712,0.00243112,0.002692582,0.004310785,0.000770558
4, 5in50,0.001025,0.688672331,0.2,0,Building Residual Drift,2,3,0.00083403,0.001585817,0.002538869,0.00281192,0.002957165,0.003109297,0.003269255,0.003438123,0.003807886,0.00609637,0.001089734
4, 5in50,0.001025,0.688672331,0.2,0,Building Residual Drift,3,1,0.00056322,0.001070901,0.001714497,0.001898888,0.001996972,0.002099707,0.002207726,0.002321763,0.002571464,0.004116876,0.000735897
4, 5in50,0.001025,0.688672331,0.2,0,Building Residual Drift,3,2,0.00056322,0.001070901,0.001714497,0.001898888,0.001996972,0.002099707,0.002207726,0.002321763,0.002571464,0.004116876,0.000735897
4, 5in50,0.001025,0.688672331,0.2,0,Building Residual Drift,3,3,0.000796513,0.001514483,0.002424665,0.002685433,0.002824145,0.002969434,0.003122196,0.003283468,0.003636599,0.005822142,0.001040715
4, 5in50,0.001025,0.688672331,0.2,0,Building Residual Drift,4,1,0.000683585,0.001299762,0.002080901,0.002304697,0.002423743,0.002548432,0.002679537,0.002817944,0.003121008,0.004996689,0.000893164
4, 5in50,0.001025,0.688672331,0.2,0,Building Residual Drift,4,2,0.000683585,0.001299762,0.002080901,0.002304697,0.002423743,0.002548432,0.002679537,0.002817944,0.003121008,0.004996689,0.000893164
4, 5in50,0.001025,0.688672331,0.2,0,Building Residual Drift,4,3,0.000966735,0.001838142,0.002942838,0.003259334,0.00342769,0.003604028,0.003789437,0.003985175,0.004413772,0.007066385,0.001263125
4, 5in50,0.001025,0.688672331,0.2,0,Building Residual Drift,5,1,0.000626276,0.001190796,0.001906447,0.002111482,0.002220547,0.002334783,0.002454896,0.0025817,0.002859357,0.004577789,0.000818285
4, 5in50,0.001025,0.688672331,0.2,0,Building Residual Drift,5,2,0.000626276,0.001190796,0.001906447,0.002111482,0.002220547,0.002334783,0.002454896,0.0025817,0.002859357,0.004577789,0.000818285
4, 5in50,0.001025,0.688672331,0.2,0,Building Residual Drift,5,3,0.000885688,0.00168404,0.002696124,0.002986087,0.003140328,0.003301882,0.003471748,0.003651076,0.004043742,0.006473971,0.00115723
4, 5in50,0.001025,0.688672331,0.2,0,Acceleration,0,1,0.162791434,0.262266889,0.371902253,0.401192064,0.41647127,0.432268778,0.448665514,0.465752724,0.502433893,0.712466211,0.19852883
4, 5in50,0.001025,0.688672331,0.2,0,Acceleration,0,2,0.162791434,0.262266889,0.371902253,0.401192064,0.41647127,0.432268778,0.448665514,0.465752724,0.502433893,0.712466211,0.19852883
4, 5in50,0.001025,0.688672331,0.2,0,Acceleration,0,3,0.230221853,0.370901391,0.525949209,0.567371258,0.588979318,0.611320369,0.634508855,0.658673818,0.710548826,1.007579379,0.280762164
4, 5in50,0.001025,0.688672331,0.2,0,Acceleration,1,1,0.133244138,0.214664401,0.304400508,0.328374102,0.340880071,0.353810268,0.367230931,0.381216744,0.411240134,0.583150748,0.162495055
4, 5in50,0.001025,0.688672331,0.2,0,Acceleration,1,2,0.133244138,0.214664401,0.304400508,0.328374102,0.340880071,0.353810268,0.367230931,0.381216744,0.411240134,0.583150748,0.162495055
4, 5in50,0.001025,0.688672331,0.2,0,Acceleration,1,3,0.188435667,0.303581307,0.430487327,0.464391108,0.482077219,0.50036328,0.519342963,0.539121889,0.581581375,0.824699696,0.22980271
4, 5in50,0.001025,0.688672331,0.2,0,Acceleration,2,1,0.132288226,0.213124368,0.302216696,0.326018299,0.338434549,0.351271983,0.364596364,0.378481841,0.408289839,0.578967141,0.161329292
4, 5in50,0.001025,0.688672331,0.2,0,Acceleration,2,2,0.132288226,0.213124368,0.302216696,0.326018299,0.338434549,0.351271983,0.364596364,0.378481841,0.408289839,0.578967141,0.161329292
4, 5in50,0.001025,0.688672331,0.2,0,Acceleration,2,3,0.187083803,0.301403371,0.42739895,0.4610595,0.478618729,0.496773602,0.515617123,0.535254152,0.577409028,0.818783184,0.228154073
4, 5in50,0.001025,0.688672331,0.2,0,Acceleration,3,1,0.131339171,0.211595383,0.30004855,0.323679398,0.336006571,0.348751908,0.361980698,0.375766558,0.40536071,0.574813549,0.160171893
4, 5in50,0.001025,0.688672331,0.2,0,Acceleration,3,2,0.131339171,0.211595383,0.30004855,0.323679398,0.336006571,0.348751908,0.361980698,0.375766558,0.40536071,0.574813549,0.160171893
4, 5in50,0.001025,0.688672331,0.2,0,Acceleration,3,3,0.185741637,0.299241061,0.424332729,0.457751794,0.47518505,0.493209678,0.511918013,0.531414163,0.573266613,0.812909117,0.226517263
4, 5in50,0.001025,0.688672331,0.2,0,Acceleration,4,1,0.130396925,0.210077368,0.297895959,0.321357276,0.333596012,0.346249912,0.359383797,0.373070755,0.402452594,0.570689755,0.159022797
4, 5in50,0.001025,0.688672331,0.2,0,Acceleration,4,2,0.130396925,0.210077368,0.297895959,0.321357276,0.333596012,0.346249912,0.359383797,0.373070755,0.402452594,0.570689755,0.159022797
4, 5in50,0.001025,0.688672331,0.2,0,Acceleration,4,3,0.1844091,0.297094263,0.421288506,0.454467818,0.471776005,0.489671322,0.50824544,0.527601722,0.569153917,0.807077191,0.224892196
4, 5in50,0.001025,0.688672331,0.2,0,Acceleration,5,1,0.129399313,0.208470153,0.295616881,0.318898705,0.331043808,0.343600898,0.356634301,0.370216546,0.399373597,0.566323645,0.15780618
4, 5in50,0.001025,0.688672331,0.2,0,Acceleration,5,2,0.129399313,0.208470153,0.295616881,0.318898705,0.331043808,0.343600898,0.356634301,0.370216546,0.399373597,0.566323645,0.15780618
4, 5in50,0.001025,0.688672331,0.2,0,Acceleration,5,3,0.182998263,0.294821318,0.418065402,0.450990873,0.468166643,0.48592505,0.504357066,0.523565261,0.564799557,0.800902579,0.223171639
4, 5in50,0.001025,0.688672331,0.2,0,Peak Floor Velocity,0,1,0.176636846,0.290235036,0.417543675,0.451841001,0.469774013,0.488343946,0.50764794,0.527795861,0.571149377,0.821678228,0.217187224
4, 5in50,0.001025,0.688672331,0.2,0,Peak Floor Velocity,0,2,0.176636846,0.290235036,0.417543675,0.451841001,0.469774013,0.488343946,0.50764794,0.527795861,0.571149377,0.821678228,0.217187224
4, 5in50,0.001025,0.688672331,0.2,0,Peak Floor Velocity,0,3,0.249802223,0.410454324,0.590495929,0.638999671,0.66436078,0.690622632,0.717922602,0.746416065,0.807727195,1.162028494,0.307149117
4, 5in50,0.001025,0.688672331,0.2,0,Peak Floor Velocity,1,1,8.093419319,13.29843634,19.13165986,20.70314759,21.52483,22.37569584,23.26019598,24.18336449,26.16980272,37.64891987,9.95141906
4, 5in50,0.001025,0.688672331,0.2,0,Peak Floor Velocity,1,2,8.093419319,13.29843634,19.13165986,20.70314759,21.52483,22.37569584,23.26019598,24.18336449,26.16980272,37.64891987,9.95141906
4, 5in50,0.001025,0.688672331,0.2,0,Peak Floor Velocity,1,3,11.44582337,18.80682903,27.05625285,29.27867211,30.44070651,31.64401252,32.89488462,34.20044204,37.00968993,53.24361309,14.0734318
4, 5in50,0.001025,0.688672331,0.2,0,Peak Floor Velocity,2,1,7.993322178,13.13396501,18.89504485,20.44709687,21.25861693,22.0989595,22.9725204,23.88427141,25.84614193,37.18328858,9.828342699
4, 5in50,0.001025,0.688672331,0.2,0,Peak Floor Velocity,2,2,7.993322178,13.13396501,18.89504485,20.44709687,21.25861693,22.0989595,22.9725204,23.88427141,25.84614193,37.18328858,9.828342699
4, 5in50,0.001025,0.688672331,0.2,0,Peak Floor Velocity,2,3,11.30426463,18.57423144,26.7216287,28.9165617,30.06422438,31.25264825,32.48804991,33.77746056,36.55196446,52.58511101,13.89937554
4, 5in50,0.001025,0.688672331,0.2,0,Peak Floor Velocity,3,1,8.188058077,13.45393891,19.35537205,20.94523565,21.77652623,22.6373415,23.53218437,24.46614776,26.475814,38.08915988,10.06778396
4, 5in50,0.001025,0.688672331,0.2,0,Peak Floor Velocity,3,2,8.188058077,13.45393891,19.35537205,20.94523565,21.77652623,22.6373415,23.53218437,24.46614776,26.475814,38.08915988,10.06778396
4, 5in50,0.001025,0.688672331,0.2,0,Peak Floor Velocity,3,3,11.57966278,19.02674288,27.37262965,29.62103632,30.79665874,32.01403537,33.27953429,34.60035797,37.44245523,53.86620648,14.23799662
4, 5in50,0.001025,0.688672331,0.2,0,Peak Floor Velocity,4,1,8.699556382,14.29439057,20.56447925,22.25365975,23.13688007,24.05146945,25.0022121,25.99451907,28.12972679,40.46854466,10.69670652
4, 5in50,0.001025,0.688672331,0.2,0,Peak Floor Velocity,4,2,8.699556382,14.29439057,20.56447925,22.25365975,23.13688007,24.05146945,25.0022121,25.99451907,28.12972679,40.46854466,10.69670652
4, 5in50,0.001025,0.688672331,0.2,0,Peak Floor Velocity,4,3,12.30303062,20.215321,29.08256546,31.47142744,32.72048959,34.0139143,35.35846744,36.76180142,39.78144114,57.2311647,15.12742743
4, 5in50,0.001025,0.688672331,0.2,0,Peak Floor Velocity,5,1,9.572534201,15.72879542,22.62807117,24.48675653,25.45860571,26.46497176,27.51111895,28.60300134,30.95247159,44.52945768,11.77009315
4, 5in50,0.001025,0.688672331,0.2,0,Peak Floor Velocity,5,2,9.572534201,15.72879542,22.62807117,24.48675653,25.45860571,26.46497176,27.51111895,28.60300134,30.95247159,44.52945768,11.77009315
4, 5in50,0.001025,0.688672331,0.2,0,Peak Floor Velocity,5,3,13.53760769,22.2438758,32.00092514,34.62950319,36.00390548,37.42712198,38.90659753,40.45075242,43.77340511,62.97416298,16.64542537
5, 2in50,0.000404,1.028524848,0.2,0,Story Drift Ratio,1,1,0.007107809,0.012489512,0.018872962,0.020642211,0.02157464,0.022545266,0.02355956,0.024623769,0.026932128,0.040697268,0.00898703
5, 2in50,0.000404,1.028524848,0.2,0,Story Drift Ratio,1,2,0.007107809,0.012489512,0.018872962,0.020642211,0.02157464,0.022545266,0.02355956,0.024623769,0.026932128,0.040697268,0.00898703
5, 2in50,0.000404,1.028524848,0.2,0,Story Drift Ratio,1,3,0.01005196,0.017662838,0.026690399,0.029192495,0.030511148,0.031883821,0.03331825,0.034823267,0.038087781,0.057554629,0.012709579
5, 2in50,0.000404,1.028524848,0.2,0,Story Drift Ratio,2,1,0.005309889,0.009330289,0.014099045,0.015420763,0.016117333,0.01684244,0.017600168,0.018395185,0.020119645,0.030402892,0.00671376
5, 2in50,0.000404,1.028524848,0.2,0,Story Drift Ratio,2,2,0.005309889,0.009330289,0.014099045,0.015420763,0.016117333,0.01684244,0.017600168,0.018395185,0.020119645,0.030402892,0.00671376
5, 2in50,0.000404,1.028524848,0.2,0,Story Drift Ratio,2,3,0.007509316,0.013195022,0.019939061,0.021808252,0.022793352,0.023818807,0.024890397,0.02601472,0.028453474,0.042996182,0.009494691
5, 2in50,0.000404,1.028524848,0.2,0,Story Drift Ratio,3,1,0.005155629,0.009059232,0.01368945,0.014972769,0.015649104,0.016353145,0.01708886,0.017860781,0.019535143,0.029519648,0.006518717
5, 2in50,0.000404,1.028524848,0.2,0,Story Drift Ratio,3,2,0.005155629,0.009059232,0.01368945,0.014972769,0.015649104,0.016353145,0.01708886,0.017860781,0.019535143,0.029519648,0.006518717
5, 2in50,0.000404,1.028524848,0.2,0,Story Drift Ratio,3,3,0.007291161,0.012811689,0.019359805,0.021174694,0.022131175,0.023126839,0.024167298,0.025258958,0.027626864,0.041747087,0.009218857
5, 2in50,0.000404,1.028524848,0.2,0,Story Drift Ratio,4,1,0.005855542,0.010289087,0.015547888,0.017005428,0.01777358,0.018573199,0.019408793,0.020285507,0.022187175,0.033527148,0.007403678
5, 2in50,0.000404,1.028524848,0.2,0,Story Drift Ratio,4,2,0.005855542,0.010289087,0.015547888,0.017005428,0.01777358,0.018573199,0.019408793,0.020285507,0.022187175,0.033527148,0.007403678
5, 2in50,0.000404,1.028524848,0.2,0,Story Drift Ratio,4,3,0.008280987,0.014550966,0.021988035,0.024049307,0.025135637,0.02626647,0.027448178,0.028688039,0.031377404,0.047414547,0.010470382
5, 2in50,0.000404,1.028524848,0.2,0,Story Drift Ratio,5,1,0.00373705,0.00656657,0.009922776,0.010852989,0.011343229,0.011853552,0.012386834,0.012946359,0.014160018,0.021397271,0.004725082
5, 2in50,0.000404,1.028524848,0.2,0,Story Drift Ratio,5,2,0.00373705,0.00656657,0.009922776,0.010852989,0.011343229,0.011853552,0.012386834,0.012946359,0.014160018,0.021397271,0.004725082
5, 2in50,0.000404,1.028524848,0.2,0,Story Drift Ratio,5,3,0.005284987,0.009286533,0.014032925,0.015348444,0.016041748,0.016763454,0.017517628,0.018308917,0.020025289,0.030260311,0.006682274
5, 2in50,0.000404,1.028524848,0.2,0,Building Residual Drift,1,1,0.002454136,0.004666272,0.007470634,0.008274086,0.008701471,0.009149118,0.009619795,0.01011669,0.011204721,0.017938594,0.003206546
5, 2in50,0.000404,1.028524848,0.2,0,Building Residual Drift,1,2,0.002454136,0.004666272,0.007470634,0.008274086,0.008701471,0.009149118,0.009619795,0.01011669,0.011204721,0.017938594,0.003206546
5, 2in50,0.000404,1.028524848,0.2,0,Building Residual Drift,1,3,0.003470672,0.006599105,0.010565071,0.011701324,0.012305738,0.012938807,0.013604444,0.014307161,0.015845868,0.025369003,0.00453474
5, 2in50,0.000404,1.028524848,0.2,0,Building Residual Drift,2,1,0.001283759,0.002440928,0.003907891,0.004328177,0.004551742,0.004785907,0.005032118,0.005292044,0.005861193,0.009383684,0.001677345
5, 2in50,0.000404,1.028524848,0.2,0,Building Residual Drift,2,2,0.001283759,0.002440928,0.003907891,0.004328177,0.004551742,0.004785907,0.005032118,0.005292044,0.005861193,0.009383684,0.001677345
5, 2in50,0.000404,1.028524848,0.2,0,Building Residual Drift,2,3,0.00181551,0.003451994,0.005526592,0.006120966,0.006437135,0.006768294,0.007116489,0.00748408,0.008288979,0.013270533,0.002372124
5, 2in50,0.000404,1.028524848,0.2,0,Building Residual Drift,3,1,0.001152512,0.002191376,0.003508361,0.003885679,0.004086387,0.004296612,0.004517651,0.004751003,0.005261964,0.008424328,0.001505859
5, 2in50,0.000404,1.028524848,0.2,0,Building Residual Drift,3,2,0.001152512,0.002191376,0.003508361,0.003885679,0.004086387,0.004296612,0.004517651,0.004751003,0.005261964,0.008424328,0.001505859
5, 2in50,0.000404,1.028524848,0.2,0,Building Residual Drift,3,3,0.001629898,0.003099074,0.004961572,0.005495179,0.005779024,0.006076326,0.006388923,0.006718933,0.007441541,0.011913799,0.002129606
5, 2in50,0.000404,1.028524848,0.2,0,Building Residual Drift,4,1,0.001748013,0.003323658,0.005321127,0.005893404,0.006197819,0.006516666,0.006851916,0.007205841,0.007980815,0.012777168,0.002283934
5, 2in50,0.000404,1.028524848,0.2,0,Building Residual Drift,4,2,0.001748013,0.003323658,0.005321127,0.005893404,0.006197819,0.006516666,0.006851916,0.007205841,0.007980815,0.012777168,0.002283934
5, 2in50,0.000404,1.028524848,0.2,0,Building Residual Drift,4,3,0.002472064,0.004700362,0.00752521,0.008334532,0.00876504,0.009215957,0.009690072,0.010190598,0.011286577,0.018069645,0.003229971
5, 2in50,0.000404,1.028524848,0.2,0,Building Residual Drift,5,1,0.001663622,0.003163197,0.005064232,0.00560888,0.005898598,0.006202052,0.006521116,0.006857955,0.007595514,0.012160307,0.00217367
5, 2in50,0.000404,1.028524848,0.2,0,Building Residual Drift,5,2,0.001663622,0.003163197,0.005064232,0.00560888,0.005898598,0.006202052,0.006521116,0.006857955,0.007595514,0.012160307,0.00217367
5, 2in50,0.000404,1.028524848,0.2,0,Building Residual Drift,5,3,0.002352717,0.004473436,0.007161905,0.007932154,0.008341878,0.008771026,0.009222251,0.009698612,0.010741679,0.017197271,0.003074033
5, 2in50,0.000404,1.028524848,0.2,0,Acceleration,0,1,0.23379605,0.376659639,0.534114576,0.576179703,0.598123228,0.620811124,0.644359612,0.668899736,0.721580103,1.023222059,0.285121
5, 2in50,0.000404,1.028524848,0.2,0,Acceleration,0,2,0.23379605,0.376659639,0.534114576,0.576179703,0.598123228,0.620811124,0.644359612,0.668899736,0.721580103,1.023222059,0.285121
5, 2in50,0.000404,1.028524848,0.2,0,Acceleration,0,3,0.330637545,0.53267717,0.755352078,0.81484115,0.845873982,0.877959511,0.911262102,0.945967079,1.020468369,1.447054513,0.403221985
5, 2in50,0.000404,1.028524848,0.2,0,Acceleration,1,1,0.191361133,0.30829441,0.437170647,0.471600785,0.489561473,0.508131425,0.527405768,0.547491762,0.590610432,0.837503168,0.2333704
5, 2in50,0.000404,1.028524848,0.2,0,Acceleration,1,2,0.191361133,0.30829441,0.437170647,0.471600785,0.489561473,0.508131425,0.527405768,0.547491762,0.590610432,0.837503168,0.2333704
5, 2in50,0.000404,1.028524848,0.2,0,Acceleration,1,3,0.27062551,0.435994136,0.618252658,0.666944226,0.692344475,0.718606352,0.74586439,0.774270275,0.835249283,1.184408338,0.330035584
5, 2in50,0.000404,1.028524848,0.2,0,Acceleration,2,1,0.189988281,0.306082662,0.434034323,0.468217454,0.48604929,0.504486018,0.523622084,0.543563978,0.586373309,0.831494801,0.231696167
5, 2in50,0.000404,1.028524848,0.2,0,Acceleration,2,2,0.189988281,0.306082662,0.434034323,0.468217454,0.48604929,0.504486018,0.523622084,0.543563978,0.586373309,0.831494801,0.231696167
5, 2in50,0.000404,1.028524848,0.2,0,Acceleration,2,3,0.268684004,0.432866252,0.613817226,0.662159474,0.687377497,0.713450968,0.740513453,0.76871555,0.829257086,1.175911225,0.327667862
5, 2in50,0.000404,1.028524848,0.2,0,Acceleration,3,1,0.188625278,0.303886781,0.430920499,0.464858395,0.482562303,0.500866763,0.519865545,0.539664373,0.582166584,0.825529539,0.230033946
5, 2in50,0.000404,1.028524848,0.2,0,Acceleration,3,2,0.188625278,0.303886781,0.430920499,0.464858395,0.482562303,0.500866763,0.519865545,0.539664373,0.582166584,0.825529539,0.230033946
5, 2in50,0.000404,1.028524848,0.2,0,Acceleration,3,3,0.266756427,0.429760808,0.609413614,0.657409047,0.682446153,0.70833257,0.735200904,0.763200676,0.823307878,1.16747507,0.325317126
5, 2in50,0.000404,1.028524848,0.2,0,Acceleration,4,1,0.187272054,0.301706654,0.427829014,0.461523435,0.479100332,0.497273474,0.516135956,0.535792744,0.577990038,0.819607073,0.22838365
5, 2in50,0.000404,1.028524848,0.2,0,Acceleration,4,2,0.187272054,0.301706654,0.427829014,0.461523435,0.479100332,0.497273474,0.516135956,0.535792744,0.577990038,0.819607073,0.22838365
5, 2in50,0.000404,1.028524848,0.2,0,Acceleration,4,3,0.264842678,0.426677643,0.605041594,0.652692702,0.677550188,0.703250891,0.729926469,0.757725366,0.81740135,1.159099438,0.322983255
5, 2in50,0.000404,1.028524848,0.2,0,Acceleration,5,1,0.185839313,0.299398422,0.424555872,0.457992511,0.475434935,0.493469041,0.512187214,0.531693617,0.573568076,0.8133366,0.226636381
5, 2in50,0.000404,1.028524848,0.2,0,Acceleration,5,2,0.185839313,0.299398422,0.424555872,0.457992511,0.475434935,0.493469041,0.512187214,0.531693617,0.573568076,0.8133366,0.226636381
5, 2in50,0.000404,1.028524848,0.2,0,Acceleration,5,3,0.262816477,0.423413309,0.600412672,0.647699221,0.672366533,0.697870611,0.724342105,0.751928324,0.811147752,1.150231651,0.320512244
5, 2in50,0.000404,1.028524848,0.2,0,Peak Floor Velocity,0,1,0.270330576,0.444184813,0.639021953,0.691511657,0.718956902,0.747376911,0.77692035,0.80775536,0.874104943,1.257522164,0.332390148
5, 2in50,0.000404,1.028524848,0.2,0,Peak Floor Velocity,0,2,0.270330576,0.444184813,0.639021953,0.691511657,0.718956902,0.747376911,0.77692035,0.80775536,0.874104943,1.257522164,0.332390148
5, 2in50,0.000404,1.028524848,0.2,0,Peak Floor Velocity,0,3,0.382305166,0.628172187,0.903713513,0.977945164,1.016758602,1.056950564,1.098731295,1.142338586,1.236171065,1.778404899,0.470070655
5, 2in50,0.000404,1.028524848,0.2,0,Peak Floor Velocity,1,1,12.2740255,20.1676622,29.0140016,31.39723169,32.64334911,33.93372449,35.27510777,36.67513331,39.68765405,57.09623887,15.09176363
5, 2in50,0.000404,1.028524848,0.2,0,Peak Floor Velocity,1,2,12.2740255,20.1676622,29.0140016,31.39723169,32.64334911,33.93372449,35.27510777,36.67513331,39.68765405,57.09623887,15.09176363
5, 2in50,0.000404,1.028524848,0.2,0,Peak Floor Velocity,1,3,17.35809333,28.5213814,41.03199456,44.40239088,46.16466704,47.9895334,49.88653583,51.86647093,56.12681862,80.74627537,21.34297681
5, 2in50,0.000404,1.028524848,0.2,0,Peak Floor Velocity,2,1,12.05139269,19.80185039,28.48773018,30.82773198,32.05124665,33.31821652,34.63526907,36.0099002,38.96777823,56.06059686,14.81802118
5, 2in50,0.000404,1.028524848,0.2,0,Peak Floor Velocity,2,2,12.05139269,19.80185039,28.48773018,30.82773198,32.05124665,33.31821652,34.63526907,36.0099002,38.96777823,56.06059686,14.81802118
5, 2in50,0.000404,1.028524848,0.2,0,Peak Floor Velocity,2,3,17.04324299,28.00404539,40.28773438,43.59699666,45.32730771,47.11907368,48.98166726,50.92568925,55.10876047,79.2816564,20.95584653
5, 2in50,0.000404,1.028524848,0.2,0,Peak Floor Velocity,3,1,12.27488333,20.1690717,29.01602936,31.39942602,32.64563053,33.93609609,35.27757312,36.67769651,39.69042778,57.10022927,15.09281838
5, 2in50,0.000404,1.028524848,0.2,0,Peak Floor Velocity,3,2,12.27488333,20.1690717,29.01602936,31.39942602,32.64563053,33.93609609,35.27757312,36.67769651,39.69042778,57.10022927,15.09281838
5, 2in50,0.000404,1.028524848,0.2,0,Peak Floor Velocity,3,3,17.35930648,28.52337473,41.03486225,44.40549413,46.16789345,47.99288735,49.89002236,51.87009584,56.13074127,80.75191865,21.34446845
5, 2in50,0.000404,1.028524848,0.2,0,Peak Floor Velocity,4,1,12.96966277,21.31067574,30.65838638,33.17668737,34.49342919,35.85693732,37.27434425,38.75371702,41.93697405,60.33220015,15.94709778
5, 2in50,0.000404,1.028524848,0.2,0,Peak Floor Velocity,4,2,12.96966277,21.31067574,30.65838638,33.17668737,34.49342919,35.85693732,37.27434425,38.75371702,41.93697405,60.33220015,15.94709778
5, 2in50,0.000404,1.028524848,0.2,0,Peak Floor Velocity,4,3,18.34187299,30.13784665,43.35750581,46.91892123,48.78107537,50.70936706,52.71388316,54.8060322,59.30783747,85.32261571,22.55260196
5, 2in50,0.000404,1.028524848,0.2,0,Peak Floor Velocity,5,1,14.23248988,23.38564866,33.64352502,36.40702736,37.85197739,39.34824726,40.90366394,42.52707993,46.0202836,66.2066118,17.49983109
5, 2in50,0.000404,1.028524848,0.2,0,Peak Floor Velocity,5,2,14.23248988,23.38564866,33.64352502,36.40702736,37.85197739,39.34824726,40.90366394,42.52707993,46.0202836,66.2066118,17.49983109
5, 2in50,0.000404,1.028524848,0.2,0,Peak Floor Velocity,5,3,20.12778021,33.0723015,47.57912937,51.48731185,53.53077979,55.64682493,57.84651629,60.14237321,65.08250921,93.63028833,24.74849847
