Building Name: C1-L (HC) - Soil D,,,,,,,,,,,,,,,,,,,
Description,,"	",  Usage,School,,,,,,,,,,,,,,,
Latitude,14.55036,"	", Median Collapse Sa(g),1.85054684,,,,,,,,,,,,,,,
Longitude,121.00892,"	", Beta Collapse,0.149963589,,,,,,,,,,,,,,,
Number of Stories,2,,,,,,,,,,,,,,,,,,
Floor Area (sq.ft.),6442,,,,,,,,,,,,,,,,,,
,,,,,,,,,,,,,,,,,,,
Intensity, Intensity Description, MAFE, Sa, BetaM, BetaGM, EDP Type, Storey, Direction,EQ1,EQ2,EQ3,EQ4,EQ5,EQ6,EQ7,EQ8,EQ9,EQ10,EQ11
1, 63in50,0.02,0.408895397,0.4717,0,Story Drift Ratio,1,1,0.004487635,0.008345227,0.007527628,0.006718688,0.006991302,0.007488256,0.007915167,0.006920625,0.004832625,0.006219977,0.0073853
1, 63in50,0.02,0.408895397,0.4717,0,Story Drift Ratio,1,2,0.003109291,0.003431825,0.003221974,0.00310504,0.003571825,0.002299548,0.003069855,0.002869153,0.003884926,0.003294044,0.002490639
1, 63in50,0.02,0.408895397,0.4717,0,Story Drift Ratio,1,3,0.005459538,0.009023316,0.008188181,0.007401489,0.007850874,0.007833383,0.008489634,0.007491801,0.006200557,0.007038383,0.007793968
1, 63in50,0.02,0.408895397,0.4717,0,Story Drift Ratio,2,1,0.003009896,0.005377496,0.004693052,0.004192351,0.004095529,0.004487096,0.004937442,0.004713048,0.003330016,0.003799432,0.004690582
1, 63in50,0.02,0.408895397,0.4717,0,Story Drift Ratio,2,2,0.001469938,0.001412631,0.001612037,0.001200695,0.001331666,0.000989233,0.001376113,0.001682298,0.001329188,0.001390794,0.001170151
1, 63in50,0.02,0.408895397,0.4717,0,Story Drift Ratio,2,3,0.003349655,0.005559945,0.004962197,0.004360903,0.004306587,0.004594846,0.005125624,0.005004293,0.003585491,0.004045985,0.004834337
1, 63in50,0.02,0.408895397,0.4717,0,Building Residual Drift,1,1,2.13994E-05,0.000170427,4.59E-04,0.000145615,8.98E-05,1.61E-04,0.000394084,0.000211976,9.33E-06,1.37E-05,3.79254E-05
1, 63in50,0.02,0.408895397,0.4717,0,Building Residual Drift,1,2,0.000134037,0.00014976,4.93E-05,0.00013242,1.84E-04,1.21E-04,0.000353892,0.000213835,0.000129963,1.39E-04,0.000143556
1, 63in50,0.02,0.408895397,0.4717,0,Building Residual Drift,1,3,0.000135735,0.000226877,0.000461909,0.000196821,0.000204306,2.02E-04,0.000529662,0.000301097,0.000130298,1.40E-04,0.000148481
1, 63in50,0.02,0.408895397,0.4717,0,Building Residual Drift,2,1,1.89E-05,0.000150319,2.48E-04,1.46E-04,5.38E-05,1.72E-04,3.41E-04,1.46E-04,2.36E-05,2.96E-05,7.85E-05
1, 63in50,0.02,0.408895397,0.4717,0,Building Residual Drift,2,2,1.75E-04,0.000175275,1.84E-04,1.70E-04,1.82E-04,1.73E-04,2.00E-04,1.78E-04,0.000173767,0.000175953,1.73E-04
1, 63in50,0.02,0.408895397,0.4717,0,Building Residual Drift,2,3,0.000176313,0.000230905,3.09E-04,2.24E-04,1.90E-04,0.00024433,3.96E-04,2.30E-04,0.000175365,0.000178421,1.90E-04
1, 63in50,0.02,0.408895397,0.4717,0,Acceleration,0,1,0.172039274,0.225550125,0.228191394,0.175857447,0.25409663,0.236067981,0.202830499,0.21068153,0.199744534,0.166517344,0.179343352
1, 63in50,0.02,0.408895397,0.4717,0,Acceleration,0,2,0.243514661,0.176340894,0.179342234,0.15555907,0.163372224,0.264149874,0.125227998,0.186296353,0.321148271,0.182274309,0.134932205
1, 63in50,0.02,0.408895397,0.4717,0,Acceleration,0,3,0.249952844,0.226412804,0.237871256,0.206918633,0.267717106,0.325250419,0.209753348,0.255524698,0.327625028,0.199930764,0.190534862
1, 63in50,0.02,0.408895397,0.4717,0,Acceleration,1,1,0.315899052,0.570287884,0.533104648,0.460420769,0.524914909,0.517593587,0.522466432,0.480321612,0.368659084,0.446819779,0.518299443
1, 63in50,0.02,0.408895397,0.4717,0,Acceleration,1,2,0.416116,0.466255262,0.472876575,0.409980627,0.473672507,0.324913218,0.391513996,0.468327799,0.467150121,0.429282215,0.387645773
1, 63in50,0.02,0.408895397,0.4717,0,Acceleration,1,3,0.418991052,0.570475126,0.613464269,0.502184793,0.602533186,0.566430498,0.542712549,0.55651834,0.471826589,0.531819227,0.554471417
1, 63in50,0.02,0.408895397,0.4717,0,Acceleration,2,1,0.564808528,0.839495714,0.792540661,0.730095263,0.715090509,0.812592832,0.835908201,0.822963557,0.638007887,0.635125057,0.764824452
1, 63in50,0.02,0.408895397,0.4717,0,Acceleration,2,2,0.616193286,0.634482129,0.73974729,0.541611075,0.696601877,0.428034333,0.601247375,0.860234314,0.555776006,0.724094602,0.501612111
1, 63in50,0.02,0.408895397,0.4717,0,Acceleration,2,3,0.640934673,0.870318584,0.996813612,0.750309695,0.822673241,0.836870162,0.882988575,0.931845949,0.723042473,0.954129829,0.783418269
1, 63in50,0.02,0.408895397,0.4717,0,Peak Floor Velocity,0,1,11.10561773,24.60650371,13.34408822,5.998471636,13.40374141,12.21516167,16.21304151,19.14499809,9.651176484,9.950638515,6.152507868
1, 63in50,0.02,0.408895397,0.4717,0,Peak Floor Velocity,0,2,13.64280386,6.997200612,8.675516148,20.67228457,9.831736716,11.3540151,16.53024804,14.72306247,10.30841857,8.823743537,5.535506734
1, 63in50,0.02,0.408895397,0.4717,0,Peak Floor Velocity,0,3,17.59149915,25.05649527,13.46171301,21.05800909,13.61616197,15.42549726,21.96245022,20.88888295,13.04018176,12.06372859,6.346760605
1, 63in50,0.02,0.408895397,0.4717,0,Peak Floor Velocity,1,1,15.65460269,33.03030684,15.48333389,15.23373544,20.3576423,16.85378669,26.88908485,24.81903802,17.40561008,19.20667033,16.6954544
1, 63in50,0.02,0.408895397,0.4717,0,Peak Floor Velocity,1,2,17.21791362,13.67243809,13.38973711,26.29268459,11.08069392,12.10910847,21.08023209,18.14293087,15.51106484,12.93268789,11.03229795
1, 63in50,0.02,0.408895397,0.4717,0,Peak Floor Velocity,1,3,22.66317006,33.23891088,16.2457997,28.06819548,22.71404445,17.43281494,30.29157005,26.13836885,19.54948764,20.44418654,17.28108957
1, 63in50,0.02,0.408895397,0.4717,0,Peak Floor Velocity,2,1,17.72658233,41.93701461,23.5290435,20.99356714,26.70900257,24.62548235,34.66697468,30.63691652,20.64825552,24.7051862,24.61367215
1, 63in50,0.02,0.408895397,0.4717,0,Peak Floor Velocity,2,2,18.38012297,16.73034545,16.85797485,29.01196998,13.24090038,13.17255366,23.28060161,20.03689508,17.8232694,15.13823192,14.3483831
1, 63in50,0.02,0.408895397,0.4717,0,Peak Floor Velocity,2,3,24.64379215,42.04194617,24.36718753,31.15032523,29.70086478,25.36908641,37.2214813,32.98763626,23.24896481,25.25894284,24.77255938
2,30in50,0.005625,0.572480601,0.4717,0,Story Drift Ratio,1,1,0.006448681,0.010995228,0.008651866,0.008553969,0.009010633,0.009153615,0.009213327,0.007715522,0.006632178,0.007932214,0.009448806
2,30in50,0.005625,0.572480601,0.4717,0,Story Drift Ratio,1,2,0.004402964,0.003783751,0.004148205,0.006489719,0.004726838,0.003964575,0.005264458,0.003748677,0.005603882,0.006433145,0.003335072
2,30in50,0.005625,0.572480601,0.4717,0,Story Drift Ratio,1,3,0.00780843,0.011628061,0.009594914,0.010737171,0.01017519,0.009975296,0.010611311,0.008577987,0.0086827,0.010213,0.010020112
2,30in50,0.005625,0.572480601,0.4717,0,Story Drift Ratio,2,1,0.004350754,0.006597278,0.005334779,0.005605801,0.005582391,0.00587852,0.00568517,0.005538909,0.004564748,0.004523191,0.005797801
2,30in50,0.005625,0.572480601,0.4717,0,Story Drift Ratio,2,2,0.001734252,0.001513882,0.001715402,0.002107315,0.00172721,0.001517722,0.00201793,0.002109734,0.001686974,0.002397138,0.001471104
2,30in50,0.005625,0.572480601,0.4717,0,Story Drift Ratio,2,3,0.004683662,0.006768746,0.005603791,0.005988805,0.005843487,0.006071283,0.006032677,0.005927098,0.004866498,0.005119134,0.005981525
2,30in50,0.005625,0.572480601,0.4717,0,Building Residual Drift,1,1,0.000237111,0.000689071,0.001067213,0.000486538,0.000249127,7.03E-04,0.00044098,2.76E-04,2.61E-04,2.94E-04,2.49E-04
2,30in50,0.005625,0.572480601,0.4717,0,Building Residual Drift,1,2,0.00022148,0.000531534,1.62E-04,0.000626426,0.000125022,0.00066936,0.000827753,4.19E-04,0.000286882,0.000405832,3.19359E-05
2,30in50,0.005625,0.572480601,0.4717,0,Building Residual Drift,1,3,0.000324461,0.000870257,0.001079436,0.000793177,0.000278738,0.000970516,0.000937891,0.00050201,0.000388082,0.000500962,0.000250797
2,30in50,0.005625,0.572480601,0.4717,0,Building Residual Drift,2,1,0.000215743,0.00052061,2.54E-04,2.58E-04,0.000328901,3.98E-04,1.25E-04,4.62272E-05,1.23E-04,1.45E-04,2.95E-04
2,30in50,0.005625,0.572480601,0.4717,0,Building Residual Drift,2,2,1.81E-04,0.000218661,1.94E-04,0.000209866,1.88E-04,0.000207845,2.46E-04,0.0002002,0.000193355,0.000171423,0.000201086
2,30in50,0.005625,0.572480601,0.4717,0,Building Residual Drift,2,3,0.00028187,0.000564666,3.20E-04,0.000332811,0.000379082,0.000449109,2.76E-04,0.000205468,0.000229183,0.000224309,0.000356761
2,30in50,0.005625,0.572480601,0.4717,0,Acceleration,0,1,0.242919076,0.309556316,0.318301271,0.25124093,0.333696573,0.337000846,0.273098494,0.291162383,0.266134387,0.234534665,0.246768066
2,30in50,0.005625,0.572480601,0.4717,0,Acceleration,0,2,0.339455318,0.251050365,0.26944019,0.20968287,0.224761934,0.378328531,0.177136753,0.265894558,0.41320934,0.256369505,0.188599778
2,30in50,0.005625,0.572480601,0.4717,0,Acceleration,0,3,0.347031188,0.311531245,0.331180728,0.289301303,0.338143656,0.460142834,0.281189337,0.353322815,0.418552011,0.282330459,0.261499907
2,30in50,0.005625,0.572480601,0.4717,0,Acceleration,1,1,0.440681722,0.632045107,0.573983858,0.563453065,0.617384619,0.573879049,0.609149646,0.540514495,0.506758872,0.557073832,0.581147474
2,30in50,0.005625,0.572480601,0.4717,0,Acceleration,1,2,0.511451356,0.497662117,0.471123297,0.629587567,0.538217481,0.460380115,0.492853613,0.529752643,0.611970111,0.581988671,0.450753036
2,30in50,0.005625,0.572480601,0.4717,0,Acceleration,1,3,0.565946382,0.637817601,0.667758398,0.660343746,0.665012813,0.631362678,0.631952611,0.606335148,0.612144222,0.689478281,0.639577297
2,30in50,0.005625,0.572480601,0.4717,0,Acceleration,2,1,0.776113805,0.904246499,0.898547001,0.960068389,0.879370279,0.963337523,0.969760899,1.023177215,0.851983221,0.802524201,0.923818417
2,30in50,0.005625,0.572480601,0.4717,0,Acceleration,2,2,0.763755183,0.623108876,0.759672863,0.827638727,0.937791491,0.694513114,0.877784592,1.069944838,0.716649526,1.010874312,0.680886849
2,30in50,0.005625,0.572480601,0.4717,0,Acceleration,2,3,0.859022554,0.943385048,0.986054167,0.988684511,1.091543494,0.971711176,1.037602571,1.105290035,0.929895482,1.155319799,0.928663905
2,30in50,0.005625,0.572480601,0.4717,0,Peak Floor Velocity,0,1,15.32889707,33.99619298,18.51575344,9.150823232,17.27791721,18.04253652,22.00147169,26.78444616,13.52328407,13.81945335,8.322317733
2,30in50,0.005625,0.572480601,0.4717,0,Peak Floor Velocity,0,2,18.74194993,10.13287876,12.72339325,27.46570338,13.46694344,16.20452726,22.59855007,20.35180738,12.78748569,13.1574721,7.427180194
2,30in50,0.005625,0.572480601,0.4717,0,Peak Floor Velocity,0,3,24.21230622,34.69661779,18.67884688,27.96893226,17.61770772,22.13914622,30.50859987,29.45685139,16.46168018,17.1573707,9.026807581
2,30in50,0.005625,0.572480601,0.4717,0,Peak Floor Velocity,1,1,21.078741,43.41999369,19.43322934,20.2441705,25.54066562,21.75373688,35.18650372,31.67371709,24.95640931,26.34243247,19.90804334
2,30in50,0.005625,0.572480601,0.4717,0,Peak Floor Velocity,1,2,23.50357586,17.04390709,15.73763861,35.91280072,14.13239548,19.09232433,25.98727141,24.70397603,18.76570962,22.20222104,13.06609164
2,30in50,0.005625,0.572480601,0.4717,0,Peak Floor Velocity,1,3,30.94677095,43.85561382,20.70315311,37.69715095,27.6468874,23.84575749,40.60859543,33.16837637,26.15616508,28.46328917,20.57288915
2,30in50,0.005625,0.572480601,0.4717,0,Peak Floor Velocity,2,1,23.83549621,54.79086519,25.80898049,28.09049828,33.00955501,30.89139607,44.18974963,36.52087925,29.73344697,34.05276291,28.90359599
2,30in50,0.005625,0.572480601,0.4717,0,Peak Floor Velocity,2,2,24.78776589,21.15636362,18.80969767,37.49216511,15.91943201,19.90115023,26.46950035,26.32291164,20.57333744,24.74018026,14.57339016
2,30in50,0.005625,0.572480601,0.4717,0,Peak Floor Velocity,2,3,33.4599721,55.07898192,28.62366956,39.57095995,35.93598312,31.43145339,48.67726845,39.14563533,30.60336688,35.20685927,29.16043683
3, 10in50,0.0021,0.813712747,0.4717,0,Story Drift Ratio,1,1,0.01204564,0.013429099,0.013059202,0.012212757,0.011789146,0.016752888,0.012027151,0.010068515,0.007668214,0.010796554,0.010279212
3, 10in50,0.0021,0.813712747,0.4717,0,Story Drift Ratio,1,2,0.009791537,0.004713751,0.005869506,0.008926544,0.007802711,0.008665715,0.008101771,0.005249175,0.009278683,0.01064482,0.006537259
3, 10in50,0.0021,0.813712747,0.4717,0,Story Drift Ratio,1,3,0.015523262,0.014232362,0.014317606,0.015127281,0.014137406,0.018861439,0.014501415,0.011354683,0.012037253,0.015161721,0.01218187
3, 10in50,0.0021,0.813712747,0.4717,0,Story Drift Ratio,2,1,0.007008602,0.007798465,0.006890748,0.007202148,0.006508103,0.009368937,0.006805798,0.007516086,0.005591569,0.005064555,0.006464789
3, 10in50,0.0021,0.813712747,0.4717,0,Story Drift Ratio,2,2,0.002449969,0.001670031,0.002027781,0.002813345,0.002189765,0.002571786,0.002565237,0.002340561,0.002535297,0.003653552,0.002448525
3, 10in50,0.0021,0.813712747,0.4717,0,Story Drift Ratio,2,3,0.007424476,0.007975278,0.007182917,0.007732131,0.00686662,0.009715506,0.007273192,0.007872088,0.006139493,0.006244851,0.006912942
3, 10in50,0.0021,0.813712747,0.4717,0,Building Residual Drift,1,1,0.00339258,0.002289861,0.002327437,0.000218038,0.000874588,0.00497162,0.000466521,0.000220772,1.15E-04,0.001113804,0.00052046
3, 10in50,0.0021,0.813712747,0.4717,0,Building Residual Drift,1,2,0.003505098,0.001068392,0.00042221,0.000374298,0.000401206,0.001906921,6.82E-04,0.001007861,0.000544654,0.001254861,0.000239532
3, 10in50,0.0021,0.813712747,0.4717,0,Building Residual Drift,1,3,0.004878044,0.002526841,0.002365422,0.000433173,0.000962221,0.005324786,0.000826141,0.001031758,0.000556663,0.001677867,0.000572935
3, 10in50,0.0021,0.813712747,0.4717,0,Building Residual Drift,2,1,0.001398091,0.001214914,0.000983803,4.27E-04,0.000373572,0.002322467,3.95E-04,1.23E-04,9.62E-05,2.24E-04,1.31E-04
3, 10in50,0.0021,0.813712747,0.4717,0,Building Residual Drift,2,2,3.16E-04,0.000296826,0.000176092,0.000181962,0.000217979,6.30002E-05,2.34E-04,0.000224678,0.000172433,0.000342771,0.000294057
3, 10in50,0.0021,0.813712747,0.4717,0,Building Residual Drift,2,3,0.001433367,0.001250649,0.000999438,0.000464039,0.000432517,0.002323321,4.59E-04,0.000255957,0.000197476,0.000409617,0.000321781
3, 10in50,0.0021,0.813712747,0.4717,0,Acceleration,0,1,0.315489074,0.40994337,0.469831054,0.363345637,0.493603598,0.518369869,0.362571615,0.386166135,0.414509924,0.323133245,0.349692734
3, 10in50,0.0021,0.813712747,0.4717,0,Acceleration,0,2,0.47914401,0.344694694,0.409591599,0.323019383,0.377056723,0.586351002,0.267399609,0.39295477,0.621934671,0.355598516,0.280234573
3, 10in50,0.0021,0.813712747,0.4717,0,Acceleration,0,3,0.4896902,0.414604254,0.488053757,0.428293724,0.502451519,0.748917734,0.379403255,0.514625781,0.633464942,0.401303876,0.371186598
3, 10in50,0.0021,0.813712747,0.4717,0,Acceleration,1,1,0.578010034,0.717387651,0.66296341,0.634585292,0.717021639,0.710292426,0.72242871,0.654840445,0.658267171,0.608008037,0.663512368
3, 10in50,0.0021,0.813712747,0.4717,0,Acceleration,1,2,0.786997054,0.517522654,0.584265726,0.810623278,0.721457585,0.78861711,0.636307477,0.650287695,0.829388704,0.828338471,0.684630093
3, 10in50,0.0021,0.813712747,0.4717,0,Acceleration,1,3,0.829742206,0.736992184,0.770019871,0.829720827,0.722743725,0.797909758,0.740078065,0.73469688,0.830516784,0.874321771,0.774917267
3, 10in50,0.0021,0.813712747,0.4717,0,Acceleration,2,1,0.979000859,1.175736555,1.084800683,1.06721645,1.175415364,1.149885091,1.042347382,1.289517338,1.123499749,0.957269594,1.068672079
3, 10in50,0.0021,0.813712747,0.4717,0,Acceleration,2,2,1.135626815,0.746209055,0.918644083,1.164777332,0.941308728,1.134428847,0.986995932,1.036117061,1.056339836,1.326250629,1.086291698
3, 10in50,0.0021,0.813712747,0.4717,0,Acceleration,2,3,1.153211239,1.179509831,1.110953769,1.169381887,1.182887371,1.167236794,1.187548926,1.345821773,1.197121135,1.386913574,1.141287261
3, 10in50,0.0021,0.813712747,0.4717,0,Peak Floor Velocity,0,1,20.72125669,45.84629255,24.90253881,12.90976227,23.12021134,30.4454526,30.04629908,37.56031935,21.02439865,19.89354733,11.83999668
3, 10in50,0.0021,0.813712747,0.4717,0,Peak Floor Velocity,0,2,25.59324212,13.97402539,19.2724843,36.09077254,21.93918717,26.41038151,30.67665922,27.69196647,19.90292527,20.16755342,11.16147057
3, 10in50,0.0021,0.813712747,0.4717,0,Peak Floor Velocity,0,3,32.92999425,47.26349874,24.93484615,36.63107001,27.99952808,37.10147511,42.3502152,42.02755418,25.73831283,22.80105545,13.81790439
3, 10in50,0.0021,0.813712747,0.4717,0,Peak Floor Velocity,1,1,29.35153731,51.25863945,32.62536967,24.08943567,32.77328549,38.27043238,44.9730707,41.43525472,33.92575172,33.3441762,24.49995185
3, 10in50,0.0021,0.813712747,0.4717,0,Peak Floor Velocity,1,2,33.07128055,20.01528849,24.83143112,48.42814061,24.15537273,36.27311544,37.399929,35.51541943,29.06291554,32.28011108,18.39563313
3, 10in50,0.0021,0.813712747,0.4717,0,Peak Floor Velocity,1,3,44.18751818,52.27329984,32.89360313,49.80195238,35.03675512,50.44632148,53.06610208,48.29671506,34.70248076,36.47139918,24.53374275
3, 10in50,0.0021,0.813712747,0.4717,0,Peak Floor Velocity,2,1,33.84902328,63.81113242,36.58028313,32.08648423,40.19641921,42.85813757,53.04978438,44.55497448,39.12737808,43.15513665,33.73952542
3, 10in50,0.0021,0.813712747,0.4717,0,Peak Floor Velocity,2,2,34.40762206,22.20908264,27.95879685,52.29842906,25.58625103,39.54215174,39.26067712,38.32441156,30.81333032,36.18122261,20.47240935
3, 10in50,0.0021,0.813712747,0.4717,0,Peak Floor Velocity,2,3,47.97277691,65.24030242,36.58030314,54.38268532,41.46058643,54.48343679,61.77253299,52.65418438,39.2099229,45.05892767,33.7548403
4, 5in50,0.001025,1.014107268,0.4717,0,Story Drift Ratio,1,1,0.014526096,0.017513948,0.014540975,0.016786288,0.01789424,0.030686026,0.014215369,0.015844643,0.020657184,0.013188952,0.014141968
4, 5in50,0.001025,1.014107268,0.4717,0,Story Drift Ratio,1,2,0.014896257,0.010401642,0.006793541,0.015517333,0.009344134,0.027691528,0.009901878,0.008772845,0.025475325,0.013342246,0.009524277
4, 5in50,0.001025,1.014107268,0.4717,0,Story Drift Ratio,1,3,0.020806392,0.020369892,0.016049678,0.022859726,0.020187042,0.041333436,0.017324085,0.018111199,0.03279804,0.018760703,0.017050136
4, 5in50,0.001025,1.014107268,0.4717,0,Story Drift Ratio,2,1,0.007028709,0.008890867,0.007250187,0.009093358,0.008068999,0.009728236,0.007691784,0.009243413,0.007398338,0.006103078,0.008450964
4, 5in50,0.001025,1.014107268,0.4717,0,Story Drift Ratio,2,2,0.003273894,0.002094476,0.002527636,0.003985265,0.002186446,0.003176578,0.003178103,0.002648555,0.00364803,0.003936606,0.002355432
4, 5in50,0.001025,1.014107268,0.4717,0,Story Drift Ratio,2,3,0.007753781,0.00913424,0.007678161,0.009928318,0.008359982,0.01023373,0.008322493,0.00961538,0.00824885,0.007262536,0.008773075
4, 5in50,0.001025,1.014107268,0.4717,0,Building Residual Drift,1,1,0.005463983,0.000978523,0.002090627,0.002648876,0.001468536,0.017161366,0.000497053,0.004846334,0.00377002,0.000666697,0.001968577
4, 5in50,0.001025,1.014107268,0.4717,0,Building Residual Drift,1,2,0.007543422,0.003543339,0.000488082,0.006346168,0.000637812,0.0162712,0.002335982,0.003785825,0.010341031,0.001536959,0.000200682
4, 5in50,0.001025,1.014107268,0.4717,0,Building Residual Drift,1,3,0.009314415,0.00367597,0.002146846,0.006876801,0.001601063,0.023648772,0.002388278,0.00614975,0.011006815,0.001675329,0.00197878
4, 5in50,0.001025,1.014107268,0.4717,0,Building Residual Drift,2,1,0.001469948,0.000323304,0.000355224,0.00167229,0.000495833,0.003594708,5.47E-04,9.05E-04,1.13E-04,0.000436185,0.001028795
4, 5in50,0.001025,1.014107268,0.4717,0,Building Residual Drift,2,2,0.000523833,0.000303239,0.000167468,0.00103217,0.000192309,0.000547889,7.66548E-05,0.000273355,0.000672357,0.000161285,0.000329263
4, 5in50,0.001025,1.014107268,0.4717,0,Building Residual Drift,2,3,0.001560496,0.00044326,0.000392721,0.00196518,0.000531821,0.003636222,0.000552759,0.000945167,0.0006818,0.000465049,0.0010802
4, 5in50,0.001025,1.014107268,0.4717,0,Acceleration,0,1,0.416032984,0.689505996,0.572465222,0.479591002,0.60576226,0.613432096,0.545329639,0.485140687,0.588266419,0.444982638,0.471299139
4, 5in50,0.001025,1.014107268,0.4717,0,Acceleration,0,2,0.5357404,0.427714084,0.509940496,0.427830499,0.469257586,0.684036902,0.320222084,0.509997804,0.84190495,0.464269461,0.363375628
4, 5in50,0.001025,1.014107268,0.4717,0,Acceleration,0,3,0.541768522,0.696513264,0.602346368,0.541869671,0.61004842,0.862355078,0.580303355,0.680896549,0.864336771,0.545011678,0.493889604
4, 5in50,0.001025,1.014107268,0.4717,0,Acceleration,1,1,0.694849659,0.72621886,0.746601559,0.699363742,0.743368034,0.755754949,0.742747597,0.741246121,0.788642945,0.678491714,0.735890634
4, 5in50,0.001025,1.014107268,0.4717,0,Acceleration,1,2,0.846586242,0.62453607,0.745219217,0.83415823,0.83659129,0.833632652,0.750385093,0.781612853,0.909191485,0.828454603,0.74121003
4, 5in50,0.001025,1.014107268,0.4717,0,Acceleration,1,3,0.852325181,0.813686649,0.761742154,0.876386392,0.839270573,0.837051313,0.864849557,0.870876975,0.923246644,0.860845856,0.789718994
4, 5in50,0.001025,1.014107268,0.4717,0,Acceleration,2,1,1.048030863,1.058463584,1.292072755,1.210926481,1.266314647,1.150091368,1.124688196,1.418882381,1.25672686,1.083244254,1.23614616
4, 5in50,0.001025,1.014107268,0.4717,0,Acceleration,2,2,1.356210208,0.872877261,1.051716321,1.3672333,0.976602151,1.054464422,1.175943066,1.077096528,1.31799414,1.259996816,0.987294775
4, 5in50,0.001025,1.014107268,0.4717,0,Acceleration,2,3,1.373977131,1.119698917,1.34067396,1.369178907,1.281814917,1.236030208,1.305889753,1.485288442,1.351836623,1.333269727,1.346105758
4, 5in50,0.001025,1.014107268,0.4717,0,Peak Floor Velocity,0,1,19.81907636,79.36129258,33.96560846,17.51794462,26.06402403,33.57875602,47.61729441,51.52195276,28.99696374,26.81565678,16.20355012
4, 5in50,0.001025,1.014107268,0.4717,0,Peak Floor Velocity,0,2,22.89443323,17.42839262,26.61606828,48.83174689,28.95739098,31.25910781,59.25245551,36.96974421,29.32048026,25.33400165,14.90585709
4, 5in50,0.001025,1.014107268,0.4717,0,Peak Floor Velocity,0,3,30.26711704,81.0467039,34.26540377,49.7390685,35.99659495,41.96474528,71.16693605,56.26213467,37.36146301,29.68039641,19.23168581
4, 5in50,0.001025,1.014107268,0.4717,0,Peak Floor Velocity,1,1,29.50757661,80.37847174,36.3311656,28.7675,37.94447363,41.46244555,56.68114224,53.21135598,43.79349219,41.33478521,29.73953803
4, 5in50,0.001025,1.014107268,0.4717,0,Peak Floor Velocity,1,2,34.93227278,26.31783933,33.39125251,62.30316069,33.64640978,40.46482784,64.55082144,46.71469099,40.43031996,37.03325453,22.57816246
4, 5in50,0.001025,1.014107268,0.4717,0,Peak Floor Velocity,1,3,45.02717214,83.01630839,36.90893868,63.89347593,42.83114426,55.09841737,79.32301503,64.4153405,48.59328789,43.86098759,29.76812606
4, 5in50,0.001025,1.014107268,0.4717,0,Peak Floor Velocity,2,1,36.38249077,86.83023438,44.08973515,37.78957534,48.97140876,50.86458051,67.5769533,59.70086757,51.49866477,52.48887449,38.66411723
4, 5in50,0.001025,1.014107268,0.4717,0,Peak Floor Velocity,2,2,36.9550007,30.14851229,37.18261876,67.26437154,34.25179665,44.41432667,66.64723124,49.83046506,42.69799666,41.2058845,25.1916825
4, 5in50,0.001025,1.014107268,0.4717,0,Peak Floor Velocity,2,3,50.09507518,89.48464322,46.46231041,69.24043138,49.45221677,61.70081292,87.35675986,70.57660913,61.1251399,53.64215599,38.69422838
5, 2in50,0.000404,1.401022143,0.4717,0,Story Drift Ratio,1,1,0.036185663,0.032549839,0.026590593,0.023383232,0.03248439,0.047640994,0.021437217,0.031726647,0.023859477,0.02849343,0.019523254
5, 2in50,0.000404,1.401022143,0.4717,0,Story Drift Ratio,1,2,0.049711272,0.01416449,0.011077977,0.021882955,0.020048769,0.052763041,0.013648083,0.022678033,0.028560288,0.022648742,0.015430113
5, 2in50,0.000404,1.401022143,0.4717,0,Story Drift Ratio,1,3,0.061486688,0.035498237,0.028805923,0.032025603,0.038173141,0.071088697,0.025413076,0.038998376,0.037215114,0.036398367,0.02488465
5, 2in50,0.000404,1.401022143,0.4717,0,Story Drift Ratio,2,1,0.010604091,0.010561132,0.009351682,0.010440848,0.012283972,0.012887124,0.009846722,0.007482058,0.00932138,0.009498343,0.009607809
5, 2in50,0.000404,1.401022143,0.4717,0,Story Drift Ratio,2,2,0.004311756,0.002630403,0.002666302,0.004857855,0.002628158,0.004986895,0.003428401,0.002872561,0.0041292,0.003590042,0.003269995
5, 2in50,0.000404,1.401022143,0.4717,0,Story Drift Ratio,2,3,0.011447182,0.010883774,0.009724357,0.011515644,0.012561974,0.01381836,0.010426498,0.008014537,0.01019502,0.010154158,0.010149032
5, 2in50,0.000404,1.401022143,0.4717,0,Building Residual Drift,1,1,0.017102927,0.001552493,0.003756535,0.013909462,0.01185818,0.028064778,0.004263029,0.021089649,0.001667458,0.001835202,0.002388862
5, 2in50,0.000404,1.401022143,0.4717,0,Building Residual Drift,1,2,0.043856453,0.003487779,0.002422486,0.00120088,0.004355018,0.037615404,0.007396739,0.016013522,0.009464675,0.005207937,0.004259672
5, 2in50,0.000404,1.401022143,0.4717,0,Building Residual Drift,1,3,0.047073332,0.003817701,0.004469899,0.013961205,0.012632601,0.046931337,0.008537281,0.026480298,0.009610436,0.005521827,0.004883796
5, 2in50,0.000404,1.401022143,0.4717,0,Building Residual Drift,2,1,2.58E-03,0.001161047,0.000718997,0.002328281,0.002940947,0.005613911,0.000604202,0.002468725,0.000541929,0.001442483,0.001498196
5, 2in50,0.000404,1.401022143,0.4717,0,Building Residual Drift,2,2,0.001094532,0.000260322,0.00017808,0.001171758,0.000250131,0.002176649,0.000247895,0.000303966,0.00052169,0.000763903,0.000225901
5, 2in50,0.000404,1.401022143,0.4717,0,Building Residual Drift,2,3,0.002806299,0.001189873,0.000740722,0.002606512,0.002951565,0.006021113,0.000653079,0.002487368,0.000752228,0.00163227,0.001515132
5, 2in50,0.000404,1.401022143,0.4717,0,Acceleration,0,1,0.590924021,0.772299314,0.799148503,0.653323534,0.892357141,0.868800608,0.683158861,0.68883648,0.603402815,0.606860638,0.566462129
5, 2in50,0.000404,1.401022143,0.4717,0,Acceleration,0,2,0.875888323,0.603607695,0.704546441,0.644685879,0.589888589,1.0539225,0.500668809,0.710822707,1.059907219,0.641290225,0.621271279
5, 2in50,0.000404,1.401022143,0.4717,0,Acceleration,0,3,0.890620083,0.803491149,0.864250044,0.784831935,0.90035144,1.320874346,0.721391277,0.974486318,1.086946658,0.715154045,0.71515886
5, 2in50,0.000404,1.401022143,0.4717,0,Acceleration,1,1,0.853386032,0.745917144,0.757005747,0.813352059,0.811680523,1.006571379,0.811043342,0.767803265,0.859140499,0.836161007,0.820412105
5, 2in50,0.000404,1.401022143,0.4717,0,Acceleration,1,2,0.884194476,0.81984597,0.833225007,0.922264066,0.80801556,0.845675597,0.890428223,0.834384509,0.929298095,0.935703874,0.845286946
5, 2in50,0.000404,1.401022143,0.4717,0,Acceleration,1,3,0.905134617,0.902013166,0.847596854,0.924137425,0.816191775,1.054206008,0.913670128,0.834875175,0.944936345,0.948032754,0.870626496
5, 2in50,0.000404,1.401022143,0.4717,0,Acceleration,2,1,1.323524868,1.309818789,1.186844968,1.560469165,1.465390381,1.467365057,1.256808301,1.318329652,1.277392064,1.337763804,1.344136154
5, 2in50,0.000404,1.401022143,0.4717,0,Acceleration,2,2,1.428927267,1.228640981,1.134633058,1.474429137,1.125189392,1.396837487,1.287478263,1.156394641,1.365260854,1.357842367,1.287167784
5, 2in50,0.000404,1.401022143,0.4717,0,Acceleration,2,3,1.47551937,1.337163376,1.20093518,1.572674916,1.466129077,1.818037893,1.310467646,1.38157518,1.470100916,1.627572255,1.508618598
5, 2in50,0.000404,1.401022143,0.4717,0,Peak Floor Velocity,0,1,43.38189904,91.48027324,41.62701205,22.30867646,44.47977638,54.01923472,58.91098789,66.20818739,40.5471643,35.72137548,32.40659572
5, 2in50,0.000404,1.401022143,0.4717,0,Peak Floor Velocity,0,2,44.74080033,27.45630391,33.61157823,73.18745909,35.97443494,44.85716635,54.35483551,50.27134076,32.29336002,35.24127609,38.13024822
5, 2in50,0.000404,1.401022143,0.4717,0,Peak Floor Velocity,0,3,62.18932234,92.66926613,42.26976621,74.41189606,45.3323845,63.64831919,73.63746868,79.22809845,45.34288419,42.14383532,42.14395
5, 2in50,0.000404,1.401022143,0.4717,0,Peak Floor Velocity,1,1,51.77177632,104.5881635,51.93620499,31.76779753,54.04728499,55.49258252,72.07530601,73.71752252,52.34294211,50.67552742,42.96245037
5, 2in50,0.000404,1.401022143,0.4717,0,Peak Floor Velocity,1,2,54.94426743,37.92432651,38.85850304,81.14255715,47.1903369,43.49745285,61.65639494,60.02143312,40.66605919,43.87505545,50.57309675
5, 2in50,0.000404,1.401022143,0.4717,0,Peak Floor Velocity,1,3,75.45008757,105.4116059,51.94729056,83.87799691,55.90812198,63.45520778,82.73057095,90.76815367,55.25339686,51.15193033,50.84284271
5, 2in50,0.000404,1.401022143,0.4717,0,Peak Floor Velocity,2,1,54.74797558,116.4243281,57.04682454,44.09211175,67.25395734,73.174283,80.86082959,79.67388008,59.42920773,63.70128239,51.69587484
5, 2in50,0.000404,1.401022143,0.4717,0,Peak Floor Velocity,2,2,63.70017393,41.3730686,40.70757162,86.05983101,49.17663789,45.96375377,64.1183116,64.02163243,42.51278846,47.24548942,56.6507027
5, 2in50,0.000404,1.401022143,0.4717,0,Peak Floor Velocity,2,3,83.53264411,117.6712255,57.07160153,89.04781832,68.99143493,76.13758672,91.06263603,97.38149627,67.92030283,63.769582,57.59845681
