Building Name: C1-L (HC) - Soil C1,,,,,,,,,,,,,,,,,,,
Description,,"	",  Usage,School,,,,,,,,,,,,,,,
Latitude,14.55036,"	", Median Collapse Sa(g),1.85054684,,,,,,,,,,,,,,,
Longitude,121.00892,"	", Beta Collapse,0.149963589,,,,,,,,,,,,,,,
Number of Stories,2,,,,,,,,,,,,,,,,,,
Floor Area (sq.ft.),6442,,,,,,,,,,,,,,,,,,
,,,,,,,,,,,,,,,,,,,
Intensity, Intensity Description, MAFE, Sa, BetaM, BetaGM, EDP Type, Storey, Direction,EQ1,EQ2,EQ3,EQ4,EQ5,EQ6,EQ7,EQ8,EQ9,EQ10,EQ11
1, 63in50,0.02,0.269996912,0.4717,0,Story Drift Ratio,1,1,0.003259955,0.005047848,0.004557413,0.004407553,0.004339728,0.004964118,0.002791249,0.003177149,0.002980381,0.005958003,0.004801451
1, 63in50,0.02,0.269996912,0.4717,0,Story Drift Ratio,1,2,0.001765905,0.002271098,0.002295888,0.002178493,0.00199696,0.001924091,0.002359365,0.002408736,0.002645247,0.002681525,0.002360855
1, 63in50,0.02,0.269996912,0.4717,0,Story Drift Ratio,1,3,0.003707523,0.005535219,0.005103049,0.004916539,0.004777142,0.005323964,0.003654815,0.003987015,0.003984972,0.006533634,0.005350474
1, 63in50,0.02,0.269996912,0.4717,0,Story Drift Ratio,2,1,0.002009323,0.003157217,0.002951844,0.002779881,0.003146633,0.003076642,0.001637391,0.001941485,0.001658829,0.003693141,0.003158923
1, 63in50,0.02,0.269996912,0.4717,0,Story Drift Ratio,2,2,0.000936353,0.001181524,0.001077684,0.001060925,0.000984537,0.001065745,0.001160334,0.001161818,0.001434782,0.001433509,0.001148031
1, 63in50,0.02,0.269996912,0.4717,0,Story Drift Ratio,2,3,0.002216785,0.003371056,0.003142417,0.00297545,0.003297062,0.003256001,0.002006845,0.002262561,0.002193243,0.003961596,0.003361067
1, 63in50,0.02,0.269996912,0.4717,0,Building Residual Drift,1,1,5.78E-06,2.13E-05,7.32E-06,3.98E-05,3.96E-05,8.96E-07,8.61E-06,2.53E-05,9.59E-06,2.09E-05,2.20E-05
1, 63in50,0.02,0.269996912,0.4717,0,Building Residual Drift,1,2,1.35E-04,1.32E-04,1.35E-04,1.35E-04,1.37E-04,1.31E-04,0.00013494,1.35E-04,1.35E-04,1.33E-04,1.31E-04
1, 63in50,0.02,0.269996912,0.4717,0,Building Residual Drift,1,3,1.35E-04,1.34E-04,1.35E-04,1.41E-04,1.42E-04,1.31E-04,0.000135214,1.37E-04,1.36E-04,1.34E-04,1.33E-04
1, 63in50,0.02,0.269996912,0.4717,0,Building Residual Drift,2,1,1.07E-05,3.38E-05,9.86E-06,3.16E-05,3.18E-05,2.33E-05,1.06E-05,2.28E-05,1.32E-05,2.53E-05,2.68E-05
1, 63in50,0.02,0.269996912,0.4717,0,Building Residual Drift,2,2,1.75E-04,1.74E-04,1.75E-04,1.75E-04,1.76E-04,1.74E-04,1.75E-04,1.75E-04,1.75E-04,1.75E-04,1.74E-04
1, 63in50,0.02,0.269996912,0.4717,0,Building Residual Drift,2,3,1.76E-04,1.78E-04,1.76E-04,1.78E-04,1.79E-04,1.75E-04,1.76E-04,1.77E-04,1.76E-04,1.76E-04,1.76E-04
1, 63in50,0.02,0.269996912,0.4717,0,Acceleration,0,1,0.183572451,0.120146644,0.189980673,0.165164945,0.135738393,0.253729548,0.093336122,0.151667366,0.102841113,0.154545523,0.127568182
1, 63in50,0.02,0.269996912,0.4717,0,Acceleration,0,2,0.171656322,0.135091126,0.219454702,0.126464882,0.131190492,0.125872044,0.143929359,0.108479263,0.201088403,0.241969339,0.11146664
1, 63in50,0.02,0.269996912,0.4717,0,Acceleration,0,3,0.251325959,0.174106849,0.229606773,0.166923647,0.155531045,0.266224524,0.144684012,0.165513573,0.224378886,0.286366754,0.13342489
1, 63in50,0.02,0.269996912,0.4717,0,Acceleration,1,1,0.22571151,0.367415181,0.317383214,0.323958997,0.333973249,0.344084785,0.208784851,0.229554667,0.225427434,0.42308778,0.370413998
1, 63in50,0.02,0.269996912,0.4717,0,Acceleration,1,2,0.273404081,0.312709896,0.328852201,0.309147486,0.30520065,0.316743621,0.339318554,0.346488608,0.41161877,0.392397889,0.344232996
1, 63in50,0.02,0.269996912,0.4717,0,Acceleration,1,3,0.321517253,0.41699198,0.410518369,0.370435152,0.393426107,0.382092502,0.355223879,0.368739563,0.425978978,0.522018069,0.407983229
1, 63in50,0.02,0.269996912,0.4717,0,Acceleration,2,1,0.352723272,0.577081113,0.535068478,0.491772896,0.628880465,0.576476712,0.28665609,0.354067986,0.297484461,0.655042688,0.606200233
1, 63in50,0.02,0.269996912,0.4717,0,Acceleration,2,2,0.387009119,0.483704689,0.498003986,0.44298001,0.458138361,0.460012395,0.53085703,0.490928516,0.671631323,0.6752214,0.4890363
1, 63in50,0.02,0.269996912,0.4717,0,Acceleration,2,3,0.425885783,0.647719111,0.627583448,0.587877963,0.663793998,0.639800561,0.53329584,0.494076754,0.681122028,0.806028063,0.663796386
1, 63in50,0.02,0.269996912,0.4717,0,Peak Floor Velocity,0,1,9.300572422,9.38129587,11.64471992,7.520151371,11.17285302,11.1506853,6.646789696,9.423013185,8.233832624,3.770944661,5.047683796
1, 63in50,0.02,0.269996912,0.4717,0,Peak Floor Velocity,0,2,12.3272039,9.188188708,10.27019921,12.81479285,18.47553909,4.272393423,8.825495542,5.415200955,7.899559892,4.996670757,5.757325601
1, 63in50,0.02,0.269996912,0.4717,0,Peak Floor Velocity,0,3,15.0734208,10.80285327,15.3183969,12.92311844,20.11099098,11.20433112,9.428326148,10.34952976,11.38040637,5.900441249,5.773435733
1, 63in50,0.02,0.269996912,0.4717,0,Peak Floor Velocity,1,1,11.5110607,12.58742326,13.98762821,14.3188823,13.35367594,14.78215606,9.69647507,9.656601237,11.6627483,13.12754506,11.31197313
1, 63in50,0.02,0.269996912,0.4717,0,Peak Floor Velocity,1,2,14.95925601,13.77769607,11.82179358,14.7472342,22.70564806,6.808549459,13.05430221,9.300122955,10.11499679,9.581326707,8.546911341
1, 63in50,0.02,0.269996912,0.4717,0,Peak Floor Velocity,1,3,16.76128205,14.95340332,16.67774839,14.79655314,25.15705183,14.82344393,13.39854023,12.65799417,13.72164178,13.3571497,12.72653488
1, 63in50,0.02,0.269996912,0.4717,0,Peak Floor Velocity,2,1,13.96616877,16.00980761,17.67500502,19.27981917,15.30193873,17.69054356,12.1312103,11.81788097,13.06677996,19.04864807,17.0079879
1, 63in50,0.02,0.269996912,0.4717,0,Peak Floor Velocity,2,2,16.09577176,15.91223948,13.09370987,15.74287676,25.00674004,9.220090371,14.09627859,12.01537057,11.86909722,11.62510606,10.96359502
1, 63in50,0.02,0.269996912,0.4717,0,Peak Floor Velocity,2,3,17.67905473,18.30907186,20.20935965,19.97528613,27.91081105,17.86924637,14.55470051,13.96820212,16.44944161,19.29794093,17.6316419
2,30in50,0.005625,0.374897657,0.4717,0,Story Drift Ratio,1,1,0.004919696,0.006662845,0.006288455,0.006375886,0.006088334,0.006844632,0.004275307,0.005134167,0.002754891,0.007050829,0.006924264
2,30in50,0.005625,0.374897657,0.4717,0,Story Drift Ratio,1,2,0.0034389,0.003512969,0.002267932,0.003039313,0.003458963,0.002268631,0.004098064,0.003510094,0.004061769,0.004155763,0.00388832
2,30in50,0.005625,0.374897657,0.4717,0,Story Drift Ratio,1,3,0.006002453,0.007532228,0.006684922,0.007063239,0.007002302,0.007210803,0.005922194,0.00621936,0.004907891,0.00818441,0.007941314
2,30in50,0.005625,0.374897657,0.4717,0,Story Drift Ratio,2,1,0.002976348,0.004155713,0.004061507,0.003943148,0.004199121,0.004248259,0.002579925,0.003193283,0.001503995,0.004407733,0.004879048
2,30in50,0.005625,0.374897657,0.4717,0,Story Drift Ratio,2,2,0.001435079,0.001522189,0.001117948,0.001452078,0.001514662,0.00116585,0.001738108,0.001423987,0.001994978,0.002257793,0.001649735
2,30in50,0.005625,0.374897657,0.4717,0,Story Drift Ratio,2,3,0.003304255,0.004425721,0.004212558,0.004202017,0.004463947,0.004405327,0.003110792,0.003496398,0.002498387,0.004952347,0.005150411
2,30in50,0.005625,0.374897657,0.4717,0,Building Residual Drift,1,1,1.54E-05,2.21E-04,4.76E-05,7.27E-05,0.000107969,1.10E-04,1.35693E-05,8.28E-06,9.88E-06,8.22E-05,1.92E-04
2,30in50,0.005625,0.374897657,0.4717,0,Building Residual Drift,1,2,1.32E-04,3.32E-04,1.41E-04,1.33E-04,1.28E-04,1.63E-04,0.000134987,1.32E-04,0.000135706,0.000292656,0.000273312
2,30in50,0.005625,0.374897657,0.4717,0,Building Residual Drift,1,3,1.33E-04,3.99E-04,1.49E-04,1.52E-04,0.000167078,0.000196438,0.000135668,0.00013199,0.000136065,0.000303992,0.000334016
2,30in50,0.005625,0.374897657,0.4717,0,Building Residual Drift,2,1,2.20E-05,7.69E-05,7.70E-05,6.92E-05,9.58E-05,8.84E-05,1.34E-05,3.09E-05,1.33E-05,1.80E-05,1.14E-04
2,30in50,0.005625,0.374897657,0.4717,0,Building Residual Drift,2,2,0.000174142,1.86E-04,1.77E-04,1.75E-04,1.76E-04,1.76E-04,0.00017523,1.72E-04,1.76E-04,0.000187183,0.000175613
2,30in50,0.005625,0.374897657,0.4717,0,Building Residual Drift,2,3,0.000175532,2.01E-04,1.93E-04,1.88E-04,2.00E-04,1.97E-04,0.000175744,1.75E-04,1.76E-04,0.000188043,0.000209259
2,30in50,0.005625,0.374897657,0.4717,0,Acceleration,0,1,0.241687806,0.178696815,0.201469046,0.247579685,0.204082998,0.318201675,0.136258308,0.221727529,0.151522371,0.165365741,0.192483339
2,30in50,0.005625,0.374897657,0.4717,0,Acceleration,0,2,0.230395028,0.192590761,0.307076932,0.172345172,0.191497219,0.1737367,0.184959398,0.17547464,0.273562498,0.200014583,0.161853247
2,30in50,0.005625,0.374897657,0.4717,0,Acceleration,0,3,0.332360183,0.237673385,0.307613355,0.252094087,0.225795341,0.34907763,0.187615894,0.241589019,0.281004924,0.23330311,0.200857452
2,30in50,0.005625,0.374897657,0.4717,0,Acceleration,1,1,0.338374659,0.472435537,0.42362862,0.447623974,0.449184953,0.485884742,0.325901908,0.367985467,0.233173182,0.495487154,0.509081327
2,30in50,0.005625,0.374897657,0.4717,0,Acceleration,1,2,0.451845411,0.421412032,0.360960917,0.409230289,0.475344964,0.370796758,0.485304165,0.459354721,0.505028831,0.637672229,0.53807329
2,30in50,0.005625,0.374897657,0.4717,0,Acceleration,1,3,0.466504479,0.546642604,0.429127108,0.499428275,0.515855227,0.49994296,0.512982719,0.505803116,0.511228552,0.736846415,0.589800452
2,30in50,0.005625,0.374897657,0.4717,0,Acceleration,2,1,0.556892188,0.80080291,0.706628199,0.667804407,0.859814098,0.781150777,0.44377798,0.561589377,0.279097157,0.756978583,0.907972039
2,30in50,0.005625,0.374897657,0.4717,0,Acceleration,2,2,0.689205287,0.636209661,0.560863627,0.623995351,0.672472854,0.516469942,0.818233096,0.596281172,0.966250581,1.205668889,0.911903081
2,30in50,0.005625,0.374897657,0.4717,0,Acceleration,2,3,0.743917791,0.962304055,0.839154437,0.809923895,0.959622421,0.8307209,0.888048076,0.737465762,0.96644682,1.298447319,0.978087774
2,30in50,0.005625,0.374897657,0.4717,0,Peak Floor Velocity,0,1,8.250821351,11.641528,16.47332217,10.06024554,15.65460156,12.98703179,8.590027753,13.18077396,10.49043486,6.806244596,7.462822697
2,30in50,0.005625,0.374897657,0.4717,0,Peak Floor Velocity,0,2,14.10137565,11.54082083,13.41095375,18.55422768,26.94781481,5.771719714,10.93830778,8.303590225,11.49168921,6.933240983,9.099581526
2,30in50,0.005625,0.374897657,0.4717,0,Peak Floor Velocity,0,3,15.41899834,12.65397384,21.13690065,18.59593383,28.92643613,13.00027253,11.26628528,14.62318294,12.33253427,7.922404413,9.105367972
2,30in50,0.005625,0.374897657,0.4717,0,Peak Floor Velocity,1,1,12.50705573,16.24430784,19.97330301,20.01534061,19.14174223,15.76445075,13.64490023,15.64959648,12.74209535,15.04165169,16.73449279
2,30in50,0.005625,0.374897657,0.4717,0,Peak Floor Velocity,1,2,17.39394135,16.94404434,14.32050842,20.98848993,32.18880066,8.421646343,19.64732796,12.27089705,15.51368124,13.72633352,14.37782958
2,30in50,0.005625,0.374897657,0.4717,0,Peak Floor Velocity,1,3,18.11564623,17.99682842,22.40057518,21.01329345,35.10642698,15.77799339,20.15891128,15.75790945,16.60821386,16.55346065,18.61685723
2,30in50,0.005625,0.374897657,0.4717,0,Peak Floor Velocity,2,1,16.34997801,21.03665528,24.79411314,26.29510224,21.28244369,21.67123332,17.08211717,20.07720413,16.14377256,22.40545515,23.72578097
2,30in50,0.005625,0.374897657,0.4717,0,Peak Floor Velocity,2,2,18.63346498,19.95480386,16.61344959,22.32997924,34.82066262,11.72461099,20.1744685,15.9462245,16.92234229,16.36385613,16.3165604
2,30in50,0.005625,0.374897657,0.4717,0,Peak Floor Velocity,2,3,19.2554267,23.54478804,27.08173782,26.35253292,38.9062175,21.78539268,21.72784806,20.52592033,20.00135455,22.63181755,25.8255337
3, 10in50,0.0021,0.584708425,0.4717,0,Story Drift Ratio,1,1,0.007250066,0.009202241,0.009288733,0.008720132,0.010805268,0.008299056,0.006109796,0.007303874,0.003575722,0.010015591,0.008610094
3, 10in50,0.0021,0.584708425,0.4717,0,Story Drift Ratio,1,2,0.004459311,0.006002295,0.005268846,0.004798059,0.006967129,0.004295127,0.006746823,0.00570767,0.006803145,0.005931622,0.009170541
3, 10in50,0.0021,0.584708425,0.4717,0,Story Drift Ratio,1,3,0.008511693,0.010986755,0.010679012,0.009952993,0.012856698,0.009344648,0.009102155,0.009269524,0.007685608,0.011640284,0.012579051
3, 10in50,0.0021,0.584708425,0.4717,0,Story Drift Ratio,2,1,0.004295534,0.005342656,0.005424381,0.00551599,0.007448202,0.005188476,0.004211345,0.004640241,0.00228427,0.005658482,0.005867104
3, 10in50,0.0021,0.584708425,0.4717,0,Story Drift Ratio,2,2,0.001898356,0.002322022,0.0021601,0.001669013,0.002424991,0.001513712,0.002384787,0.002210395,0.002625014,0.002179506,0.003247279
3, 10in50,0.0021,0.584708425,0.4717,0,Story Drift Ratio,2,3,0.004696315,0.005825441,0.00583866,0.005762964,0.007833026,0.005404777,0.004839694,0.005139813,0.003479739,0.006063717,0.006705798
3, 10in50,0.0021,0.584708425,0.4717,0,Building Residual Drift,1,1,0.00038308,0.001208178,0.001681697,0.000322335,0.002416747,0.000131139,3.21E-05,9.25213E-05,1.11E-04,0.000728028,0.000677348
3, 10in50,0.0021,0.584708425,0.4717,0,Building Residual Drift,1,2,0.000303878,1.03E-03,0.000921917,3.77584E-05,0.000770424,0.000332434,0.000128336,0.000124821,3.37E-04,0.001157995,0.000933775
3, 10in50,0.0021,0.584708425,0.4717,0,Building Residual Drift,1,3,0.00048897,0.001584962,0.001917821,0.000324539,0.002536576,0.000357365,0.000132294,0.000155372,3.55E-04,0.001367837,0.001153575
3, 10in50,0.0021,0.584708425,0.4717,0,Building Residual Drift,2,1,1.69E-04,3.50E-04,7.52E-04,3.49E-04,0.001329918,7.55E-05,1.02E-04,1.38E-04,2.95E-05,1.41E-04,0.000116056
3, 10in50,0.0021,0.584708425,0.4717,0,Building Residual Drift,2,2,0.000172987,2.68E-04,1.59E-04,0.00018542,0.000192488,0.000215967,1.70E-04,0.000184401,0.000187023,0.000292568,0.000144887
3, 10in50,0.0021,0.584708425,0.4717,0,Building Residual Drift,2,3,0.000241657,4.41E-04,7.68E-04,0.000395418,0.001343776,0.000228768,1.98E-04,0.000230102,0.00018933,0.000324709,0.000185637
3, 10in50,0.0021,0.584708425,0.4717,0,Acceleration,0,1,0.389069616,0.29276946,0.377219727,0.465975965,0.314393053,0.442367373,0.214694691,0.344079399,0.173439698,0.326247415,0.279824644
3, 10in50,0.0021,0.584708425,0.4717,0,Acceleration,0,2,0.363768666,0.321113322,0.495228199,0.253934403,0.305660201,0.256927006,0.268829756,0.256025536,0.385023695,0.295268699,0.25865582
3, 10in50,0.0021,0.584708425,0.4717,0,Acceleration,0,3,0.509917395,0.39644444,0.505970338,0.47007794,0.359039249,0.484751183,0.272078153,0.371505124,0.396031096,0.353553896,0.284639023
3, 10in50,0.0021,0.584708425,0.4717,0,Acceleration,1,1,0.476103915,0.59723436,0.557189785,0.572557077,0.645280103,0.616051018,0.437004662,0.51442747,0.261680855,0.688735413,0.611528223
3, 10in50,0.0021,0.584708425,0.4717,0,Acceleration,1,2,0.519895942,0.545210552,0.633886526,0.511999609,0.704980152,0.474179678,0.666595137,0.610273013,0.641028743,0.586756666,0.912031237
3, 10in50,0.0021,0.584708425,0.4717,0,Acceleration,1,3,0.627624372,0.714619512,0.668982177,0.625230944,0.719948278,0.67726634,0.685426676,0.665421628,0.653771175,0.745535226,0.925602763
3, 10in50,0.0021,0.584708425,0.4717,0,Acceleration,2,1,0.778740113,1.066879343,0.84394897,0.873797281,1.17996558,0.992643481,0.765090713,0.772945312,0.441593005,1.09107865,1.158203265
3, 10in50,0.0021,0.584708425,0.4717,0,Acceleration,2,2,0.836661078,1.033085627,1.134146524,0.772238312,1.024236737,0.77909609,1.109926003,0.848346238,1.25557392,1.048230955,1.431112929
3, 10in50,0.0021,0.584708425,0.4717,0,Acceleration,2,3,1.088309354,1.300670871,1.134731674,0.994016344,1.203437285,1.015405894,1.131583727,0.969702535,1.274460105,1.348679343,1.441772775
3, 10in50,0.0021,0.584708425,0.4717,0,Peak Floor Velocity,0,1,11.92588513,17.42327014,21.64457606,20.29315232,22.59412533,18.04968963,12.22316535,20.49332436,10.12696467,10.12457839,10.46913485
3, 10in50,0.0021,0.584708425,0.4717,0,Peak Floor Velocity,0,2,20.46400736,17.3932546,24.58158532,23.9717855,38.30305845,9.357434418,14.76974861,12.72329678,17.69468391,13.66500912,13.93994934
3, 10in50,0.0021,0.584708425,0.4717,0,Peak Floor Velocity,0,3,21.97916908,18.48741606,32.09804455,24.87688757,41.03937083,18.09538306,14.84170423,22.73474717,17.6947059,17.00394291,13.94112003
3, 10in50,0.0021,0.584708425,0.4717,0,Peak Floor Velocity,1,1,17.74206293,24.61389248,21.66282335,30.85678394,25.71375021,20.66395415,17.56695994,24.21131244,11.61064064,20.29911861,21.81262444
3, 10in50,0.0021,0.584708425,0.4717,0,Peak Floor Velocity,1,2,22.96373717,22.77621799,26.47065471,26.50911998,45.91261723,14.11219361,25.94179569,19.73597513,22.87384084,16.44968434,25.71675544
3, 10in50,0.0021,0.584708425,0.4717,0,Peak Floor Velocity,1,3,24.25092089,24.98515466,33.24632913,31.48478088,50.44499386,21.23042184,26.17403108,25.8794081,22.95220305,22.32131502,26.04532764
3, 10in50,0.0021,0.584708425,0.4717,0,Peak Floor Velocity,2,1,24.7139949,30.87414939,27.10434858,38.96426496,33.97544409,30.14094616,21.37136927,29.10306057,15.33804534,32.11117734,30.06776323
3, 10in50,0.0021,0.584708425,0.4717,0,Peak Floor Velocity,2,2,23.14859115,26.83027918,27.07739107,28.13817405,49.69368342,16.6940418,29.78736589,23.189099,23.60534583,18.73345959,31.62558387
3, 10in50,0.0021,0.584708425,0.4717,0,Peak Floor Velocity,2,3,27.51481053,31.02556868,33.79738926,39.1307613,55.98238274,31.04834978,29.86551358,29.71014819,23.75427553,34.00878583,31.94058505
4, 5in50,0.001025,0.823951594,0.4717,0,Story Drift Ratio,1,1,0.010894024,0.011729309,0.010121127,0.010380183,0.013555528,0.012128545,0.008620949,0.00891021,0.005846216,0.011280783,0.010075954
4, 5in50,0.001025,0.823951594,0.4717,0,Story Drift Ratio,1,2,0.008827454,0.007397157,0.008064593,0.006563024,0.01074889,0.008494535,0.009544402,0.006516004,0.013604063,0.006088506,0.012368226
4, 5in50,0.001025,0.823951594,0.4717,0,Story Drift Ratio,1,3,0.014021544,0.013867034,0.012941208,0.01228094,0.017300028,0.014807388,0.01286143,0.011038575,0.014807051,0.01281897,0.015952989
4, 5in50,0.001025,0.823951594,0.4717,0,Story Drift Ratio,2,1,0.005951134,0.006153324,0.005940991,0.006276195,0.007480898,0.005846734,0.006026053,0.005531393,0.003516011,0.006774367,0.006433136
4, 5in50,0.001025,0.823951594,0.4717,0,Story Drift Ratio,2,2,0.00222651,0.002540407,0.002651786,0.002143158,0.003124847,0.002878249,0.003248256,0.002784255,0.003788589,0.002519362,0.002864735
4, 5in50,0.001025,0.823951594,0.4717,0,Story Drift Ratio,2,3,0.006354002,0.006657107,0.006505947,0.006632025,0.008107312,0.006516795,0.006845764,0.006192607,0.005168727,0.007227672,0.007042155
4, 5in50,0.001025,0.823951594,0.4717,0,Building Residual Drift,1,1,0.003550756,0.002879521,0.0001673,0.000703692,0.004536819,0.000666817,0.001307854,0.001835812,0.000461988,0.001328532,1.65E-03
4, 5in50,0.001025,0.823951594,0.4717,0,Building Residual Drift,1,2,0.002833614,0.001285615,7.35263E-05,0.000431992,0.001346339,0.000705284,0.000604254,0.000437553,0.002770205,0.000382407,0.002598763
4, 5in50,0.001025,0.823951594,0.4717,0,Building Residual Drift,1,3,0.004542823,0.003153482,0.000182744,0.000825712,0.004732373,0.000970603,0.001440697,0.001887236,0.002808463,0.001382473,0.003078127
4, 5in50,0.001025,0.823951594,0.4717,0,Building Residual Drift,2,1,8.67E-04,0.000537783,1.86E-04,2.52E-04,0.001983611,5.72E-04,0.000811247,2.69E-04,1.15E-04,0.000612902,1.33E-04
4, 5in50,0.001025,0.823951594,0.4717,0,Building Residual Drift,2,2,0.000301449,0.000205762,0.000205787,0.000204972,0.000196576,0.000127416,0.000132399,0.000188192,0.000445876,0.000276027,0.00025317
4, 5in50,0.001025,0.823951594,0.4717,0,Building Residual Drift,2,3,0.000917954,0.000575802,0.000277672,0.000324673,0.001993328,0.000585778,0.00082198,0.000328342,0.00046042,0.000672191,0.000285784
4, 5in50,0.001025,0.823951594,0.4717,0,Acceleration,0,1,0.532609072,0.407223794,0.529216335,0.65107399,0.434245004,0.605117145,0.296244004,0.483589872,0.240222443,0.411781939,0.371665425
4, 5in50,0.001025,0.823951594,0.4717,0,Acceleration,0,2,0.516841608,0.457554515,0.640287263,0.349695748,0.421674585,0.361299758,0.383384318,0.354228059,0.50747956,0.442264228,0.354519216
4, 5in50,0.001025,0.823951594,0.4717,0,Acceleration,0,3,0.709943317,0.554084282,0.646444113,0.65675891,0.487749784,0.663348194,0.389499296,0.516643663,0.517210678,0.54496162,0.378794401
4, 5in50,0.001025,0.823951594,0.4717,0,Acceleration,1,1,0.632799,0.713675491,0.606855146,0.607883869,0.719493609,0.72158202,0.561713905,0.568616816,0.407632186,0.665051626,0.679555086
4, 5in50,0.001025,0.823951594,0.4717,0,Acceleration,1,2,0.652740806,0.636065583,0.757984253,0.680592629,0.802338615,0.753554012,0.871581477,0.746447984,0.891865551,0.732093144,0.860303707
4, 5in50,0.001025,0.823951594,0.4717,0,Acceleration,1,3,0.751140843,0.776381712,0.769449367,0.696201466,0.805558184,0.869549213,0.872298852,0.784139642,0.896462171,0.771184613,0.860446277
4, 5in50,0.001025,0.823951594,0.4717,0,Acceleration,2,1,0.946287569,1.197948994,1.125070103,1.11341731,1.304354507,1.16538773,1.025405061,0.942333712,0.644646532,1.352175636,1.316741504
4, 5in50,0.001025,0.823951594,0.4717,0,Acceleration,2,2,0.956296356,1.167450306,1.200416693,0.97997174,1.191980017,1.198827376,1.29343061,1.152322951,1.318815603,1.17473359,1.202118579
4, 5in50,0.001025,0.823951594,0.4717,0,Acceleration,2,3,1.162289312,1.304407873,1.295124412,1.21292137,1.336667422,1.27164187,1.34438396,1.171049372,1.331255525,1.447111508,1.39302075
4, 5in50,0.001025,0.823951594,0.4717,0,Peak Floor Velocity,0,1,17.05369762,24.62755918,30.74098197,28.19370826,31.05617784,24.64994836,17.94657212,28.93663087,11.96926426,12.50097425,14.63279062
4, 5in50,0.001025,0.823951594,0.4717,0,Peak Floor Velocity,0,2,29.15870006,24.60904573,39.68746643,33.95631107,52.94353994,13.28947676,20.97422619,17.75088072,24.11943769,18.92449213,19.52486406
4, 5in50,0.001025,0.823951594,0.4717,0,Peak Floor Velocity,0,3,31.15779396,25.78545304,49.54628828,34.81265181,56.51299196,24.68350022,21.00601153,32.23927776,24.53726885,22.67983203,19.52487472
4, 5in50,0.001025,0.823951594,0.4717,0,Peak Floor Velocity,1,1,22.31428747,31.03044135,30.55136518,38.4214872,34.73881946,27.76545046,25.64220525,31.36593567,16.27171424,21.34500876,25.15963214
4, 5in50,0.001025,0.823951594,0.4717,0,Peak Floor Velocity,1,2,33.6693474,30.06136587,45.92198998,37.14747332,63.6582311,22.48978118,35.30915908,25.95526479,33.87654115,22.86427491,29.03314828
4, 5in50,0.001025,0.823951594,0.4717,0,Peak Floor Velocity,1,3,36.50886311,32.92634747,52.14924741,44.40677213,69.16334595,28.95751876,35.4966043,38.55602795,34.96521087,30.29511026,30.20972237
4, 5in50,0.001025,0.823951594,0.4717,0,Peak Floor Velocity,2,1,31.01319624,38.47453146,36.94371,43.57234956,43.20150074,34.40030923,30.54549354,35.79921888,21.05625057,29.73201526,34.6355506
4, 5in50,0.001025,0.823951594,0.4717,0,Peak Floor Velocity,2,2,35.21307728,35.34735062,47.19840224,39.28307435,68.28588075,26.32630864,39.4691642,28.9933425,37.1841953,25.07224604,35.46940708
4, 5in50,0.001025,0.823951594,0.4717,0,Peak Floor Velocity,2,3,37.96696968,38.7847032,52.43360524,49.54649176,75.82039035,37.34999529,39.47080292,41.80496574,41.40319751,35.20080264,36.22444839
5, 2in50,0.000404,1.208120276,0.4717,0,Story Drift Ratio,1,1,0.019362597,0.016301909,0.013550065,0.013474483,0.017621391,0.018865475,0.021285681,0.024664722,0.006343497,0.02091652,0.015831333
5, 2in50,0.000404,1.208120276,0.4717,0,Story Drift Ratio,1,2,0.021020232,0.010895909,0.013421475,0.009785453,0.015626296,0.016956471,0.014795963,0.020029709,0.028139051,0.01537572,0.025986454
5, 2in50,0.000404,1.208120276,0.4717,0,Story Drift Ratio,1,3,0.028579018,0.019607985,0.019071976,0.016652831,0.023551954,0.025365884,0.025922977,0.031773224,0.02884521,0.025959845,0.030429046
5, 2in50,0.000404,1.208120276,0.4717,0,Story Drift Ratio,2,1,0.006212512,0.006913996,0.007582779,0.007852477,0.009551249,0.008867736,0.009415875,0.008482429,0.004229926,0.007983625,0.008088541
5, 2in50,0.000404,1.208120276,0.4717,0,Story Drift Ratio,2,2,0.003209966,0.002830702,0.003613575,0.002677009,0.004441588,0.002536292,0.003320586,0.002522523,0.005417197,0.002774484,0.004455348
5, 2in50,0.000404,1.208120276,0.4717,0,Story Drift Ratio,2,3,0.006992796,0.007471025,0.008399789,0.008296251,0.010533473,0.009223314,0.009984237,0.008849561,0.006873012,0.008451984,0.009234426
5, 2in50,0.000404,1.208120276,0.4717,0,Building Residual Drift,1,1,0.008156765,0.005541698,0.001297078,0.001853027,0.006424325,0.003934749,0.012352834,0.012670901,0.002671249,0.003893657,0.005763476
5, 2in50,0.000404,1.208120276,0.4717,0,Building Residual Drift,1,2,0.007725929,0.00141546,0.002213099,0.000740169,0.001471786,0.006890677,0.004355306,0.011974129,0.007512304,0.003585063,0.010339746
5, 2in50,0.000404,1.208120276,0.4717,0,Building Residual Drift,1,3,0.011234892,0.00571961,0.002565193,0.001995384,0.006590759,0.007934966,0.013098137,0.017433631,0.007973098,0.005292754,0.011837568
5, 2in50,0.000404,1.208120276,0.4717,0,Building Residual Drift,2,1,8.96E-04,3.78E-04,0.00087111,0.000697158,0.00313187,0.001554696,0.004028513,0.001778475,3.26E-05,0.000238648,0.00144622
5, 2in50,0.000404,1.208120276,0.4717,0,Building Residual Drift,2,2,2.06E-04,5.96913E-05,0.000342596,0.000187942,0.00031764,0.000299567,0.000544015,0.000264074,6.82E-04,0.00030008,0.000639409
5, 2in50,0.000404,1.208120276,0.4717,0,Building Residual Drift,2,3,0.000918997,0.00038248,0.000936058,0.000722046,0.003147937,0.001583294,0.004065079,0.001797973,6.83E-04,0.000383407,0.001581264
5, 2in50,0.000404,1.208120276,0.4717,0,Acceleration,0,1,0.798396889,0.59044417,0.702914647,0.864630105,0.652768196,0.786543719,0.413964502,0.756481639,0.340499596,0.770036987,0.529667216
5, 2in50,0.000404,1.208120276,0.4717,0,Acceleration,0,2,0.755950799,0.687972972,0.927639105,0.479817366,0.661461895,0.514735845,0.588274294,0.549328218,0.808351946,0.685891366,0.545002415
5, 2in50,0.000404,1.208120276,0.4717,0,Acceleration,0,3,1.014254076,0.809233436,0.936048829,0.870502924,0.765285042,0.788774058,0.588328394,0.811899493,0.868718061,0.959153419,0.547326367
5, 2in50,0.000404,1.208120276,0.4717,0,Acceleration,1,1,0.714152255,0.803061685,0.699180589,0.718323815,0.718770181,0.826048414,0.758495122,0.687364142,0.577078707,0.72475916,0.783147591
5, 2in50,0.000404,1.208120276,0.4717,0,Acceleration,1,2,0.816404783,0.824580377,0.829398547,0.76157732,0.957934402,0.753337017,0.898904003,0.703827765,1.036079998,0.720064046,0.881114441
5, 2in50,0.000404,1.208120276,0.4717,0,Acceleration,1,3,0.839404436,0.91855602,0.836010578,0.823734976,0.960258394,0.850650827,0.907281181,0.811230002,1.038633957,0.872166432,0.881499372
5, 2in50,0.000404,1.208120276,0.4717,0,Acceleration,2,1,1.089136511,1.471802717,1.149621642,1.29252948,1.294649316,1.366063725,1.253103384,1.224074147,0.860164788,1.273006559,1.420279745
5, 2in50,0.000404,1.208120276,0.4717,0,Acceleration,2,2,1.163459881,1.216808882,1.209944067,1.178350057,1.26440615,0.95022884,1.200206461,0.889476954,1.568749386,1.127152353,1.276467019
5, 2in50,0.000404,1.208120276,0.4717,0,Acceleration,2,3,1.430277921,1.506333869,1.313761263,1.659644777,1.322417408,1.381139149,1.364881557,1.265225179,1.571282611,1.34400989,1.605692447
5, 2in50,0.000404,1.208120276,0.4717,0,Peak Floor Velocity,0,1,28.26252081,38.03867386,42.79860426,46.16395361,44.88745117,37.47283389,22.26415141,42.77597929,20.60096349,25.26894026,21.98127223
5, 2in50,0.000404,1.208120276,0.4717,0,Peak Floor Velocity,0,2,46.20730648,38.40888552,44.51632261,46.66528465,77.82223121,20.53519683,29.51472469,28.68719988,36.18250539,27.76438049,30.31369505
5, 2in50,0.000404,1.208120276,0.4717,0,Peak Floor Velocity,0,3,48.44825882,39.50788925,60.75331771,50.91930648,82.84413385,37.51234625,29.80206794,48.42339452,36.9574234,29.35219667,30.3396373
5, 2in50,0.000404,1.208120276,0.4717,0,Peak Floor Velocity,1,1,32.01088294,42.04520525,46.21284831,53.08097922,47.94698946,45.44696945,31.02770569,52.45276621,24.8828058,37.49420308,31.10912912
5, 2in50,0.000404,1.208120276,0.4717,0,Peak Floor Velocity,1,2,52.36456921,43.83722673,57.19763598,53.40294867,87.41491268,25.50182642,42.1710284,35.08716228,47.09241187,38.38115679,36.89872774
5, 2in50,0.000404,1.208120276,0.4717,0,Peak Floor Velocity,1,3,53.20782677,48.47294559,68.84664207,56.81481388,95.13126744,45.54658346,42.84004708,58.45464465,47.3296636,43.25675839,37.0320326
5, 2in50,0.000404,1.208120276,0.4717,0,Peak Floor Velocity,2,1,36.91780101,47.32128202,52.99054819,58.81620158,52.73793712,54.6690306,34.73712413,60.2401974,28.78017713,41.90670536,42.91248235
5, 2in50,0.000404,1.208120276,0.4717,0,Peak Floor Velocity,2,2,54.45137231,50.01487867,59.16878336,56.28735819,91.27493144,30.33287074,47.04017841,40.23892373,52.75379257,43.08664068,43.73090173
5, 2in50,0.000404,1.208120276,0.4717,0,Peak Floor Velocity,2,3,55.99608368,53.85611143,72.03503341,58.89048529,101.0079277,55.32009003,47.28923078,69.03102658,52.82368045,51.53079937,44.24864275
