Building Name: C1-M(HC) - Soil C2,,,,,,,,,,,,,,,,,,,
Description,,"	",  Usage,School,,,,,,,,,,,,,,,
Latitude,14.55036,"	", Median Collapse Sa(g),1.729025481,,,,,,,,,,,,,,,
Longitude,121.00892,"	", Beta Collapse,0.181,,,,,,,,,,,,,,,
Number of Stories,4,,,,,,,,,,,,,,,,,,
Floor Area (sq.ft.),11044,,,,,,,,,,,,,,,,,,
,,,,,,,,,,,,,,,,,,,
Intensity, Intensity Description, MAFE, Sa, BetaM, BetaGM, EDP Type, Storey, Direction,EQ1,EQ2,EQ3,EQ4,EQ5,EQ6,EQ7,EQ8,EQ9,EQ10,EQ11
1, 63in50,0.02,0.223324848,0.4717,0,Story Drift Ratio,1,1,0.003106313,0.003290237,0.004932289,0.003200723,0.002874993,0.006157248,0.002796024,0.002975235,0.001636586,0.0047986,0.00400816
1, 63in50,0.02,0.223324848,0.4717,0,Story Drift Ratio,1,2,0.0045942,0.003955892,0.004547748,0.003816653,0.00380641,0.003392282,0.006311182,0.004557089,0.004039436,0.004528143,0.003915099
1, 63in50,0.02,0.223324848,0.4717,0,Story Drift Ratio,1,3,0.005545796,0.005145361,0.006708911,0.004981111,0.004770151,0.007029885,0.006902809,0.005442342,0.004358378,0.006597776,0.005602977
1, 63in50,0.02,0.223324848,0.4717,0,Story Drift Ratio,2,1,0.003208024,0.003032609,0.005004277,0.00299283,0.002822067,0.005968094,0.002864621,0.003058043,0.001600156,0.004624277,0.004091857
1, 63in50,0.02,0.223324848,0.4717,0,Story Drift Ratio,2,2,0.004392134,0.00370383,0.004068283,0.003570416,0.003433435,0.003251057,0.005995426,0.003953515,0.003868752,0.004445225,0.003855997
1, 63in50,0.02,0.223324848,0.4717,0,Story Drift Ratio,2,3,0.005438958,0.00478697,0.006449319,0.004658851,0.004444383,0.00679614,0.006644636,0.00499819,0.004186615,0.006414356,0.005622456
1, 63in50,0.02,0.223324848,0.4717,0,Story Drift Ratio,3,1,0.002183861,0.002180055,0.003170579,0.00196758,0.002002261,0.003553572,0.002022363,0.002242631,0.001134809,0.003146571,0.002856531
1, 63in50,0.02,0.223324848,0.4717,0,Story Drift Ratio,3,2,0.002994424,0.002367318,0.002610025,0.002451697,0.002478246,0.002193534,0.003755575,0.002698702,0.002934462,0.003097622,0.002766747
1, 63in50,0.02,0.223324848,0.4717,0,Story Drift Ratio,3,3,0.003706187,0.003218204,0.004106678,0.003143595,0.003186024,0.004176059,0.004265477,0.0035089,0.003146245,0.004415447,0.003976765
1, 63in50,0.02,0.223324848,0.4717,0,Story Drift Ratio,4,1,0.001273601,0.001638635,0.001829015,0.001217717,0.001287385,0.00208356,0.001297402,0.001402833,0.000712489,0.002087615,0.001763325
1, 63in50,0.02,0.223324848,0.4717,0,Story Drift Ratio,4,2,0.001756342,0.001357464,0.001446025,0.001423871,0.001529597,0.001271395,0.002116914,0.00164146,0.001807463,0.001762747,0.001651852
1, 63in50,0.02,0.223324848,0.4717,0,Story Drift Ratio,4,3,0.002169515,0.00212787,0.002331584,0.001873564,0.001999257,0.002440834,0.002482857,0.002159243,0.001942824,0.002732291,0.002416181
1, 63in50,0.02,0.223324848,0.4717,0,Building Residual Drift,1,1,1.94E-05,1.39E-05,7.54E-05,2.34E-05,6.30385E-05,1.90E-04,1.96E-05,3.53E-05,6.20E-06,1.44E-04,1.72E-05
1, 63in50,0.02,0.223324848,0.4717,0,Building Residual Drift,1,2,6.48E-05,6.03E-05,4.05E-05,5.01E-05,9.27527E-05,7.10E-05,9.01E-05,5.76E-05,5.50E-05,1.02E-04,8.47E-05
1, 63in50,0.02,0.223324848,0.4717,0,Building Residual Drift,1,3,6.76E-05,6.19E-05,8.56E-05,5.53E-05,0.000112147,2.03E-04,9.22E-05,6.76E-05,5.53E-05,1.76E-04,8.64E-05
1, 63in50,0.02,0.223324848,0.4717,0,Building Residual Drift,2,1,2.63E-05,1.50E-05,9.38E-05,2.94E-05,6.78942E-05,2.42E-04,2.07E-05,4.28E-05,1.33E-05,1.73E-04,2.81E-05
1, 63in50,0.02,0.223324848,0.4717,0,Building Residual Drift,2,2,1.39E-04,1.19E-04,1.08E-04,1.26E-04,7.83243E-05,1.61E-04,1.57E-04,1.35E-04,1.29E-04,1.82E-04,1.62E-04
1, 63in50,0.02,0.223324848,0.4717,0,Building Residual Drift,2,3,1.42E-04,1.20E-04,1.43E-04,1.29E-04,0.000103655,2.91E-04,1.58E-04,1.41E-04,1.30E-04,2.51E-04,1.65E-04
1, 63in50,0.02,0.223324848,0.4717,0,Building Residual Drift,3,1,1.93E-05,1.83E-05,2.90E-05,2.48E-05,4.86E-05,7.20E-05,1.00E-05,3.04E-05,1.43E-05,5.21E-05,1.42E-05
1, 63in50,0.02,0.223324848,0.4717,0,Building Residual Drift,3,2,1.25E-04,1.19E-04,1.13E-04,1.21E-04,8.76E-05,1.26E-04,1.17E-04,1.22E-04,1.22E-04,1.32E-04,1.38E-04
1, 63in50,0.02,0.223324848,0.4717,0,Building Residual Drift,3,3,1.26E-04,1.21E-04,1.17E-04,1.24E-04,0.000100209,1.45E-04,1.18E-04,1.26E-04,1.23E-04,1.42E-04,1.39E-04
1, 63in50,0.02,0.223324848,0.4717,0,Building Residual Drift,4,1,1.45E-05,1.49E-05,1.45E-05,1.84E-05,3.19E-05,2.82E-05,1.01E-05,2.09E-05,1.21E-05,2.61E-05,1.09E-05
1, 63in50,0.02,0.223324848,0.4717,0,Building Residual Drift,4,2,9.24E-05,9.04E-05,8.68E-05,9.11E-05,7.23E-05,8.99E-05,8.71E-05,9.11E-05,9.15E-05,9.25E-05,9.90E-05
1, 63in50,0.02,0.223324848,0.4717,0,Building Residual Drift,4,3,9.35E-05,9.16E-05,8.80E-05,9.30E-05,7.90E-05,9.42E-05,8.77E-05,9.35E-05,9.23E-05,9.61E-05,9.96E-05
1, 63in50,0.02,0.223324848,0.4717,0,Acceleration,0,1,0.172979217,0.146118484,0.167369976,0.182214085,0.123339351,0.231821651,0.083784578,0.148568144,0.090641117,0.166992286,0.100834174
1, 63in50,0.02,0.223324848,0.4717,0,Acceleration,0,2,0.165879897,0.129871339,0.212174162,0.104925586,0.12557543,0.108959223,0.145399194,0.13542535,0.178646555,0.168543149,0.099938877
1, 63in50,0.02,0.223324848,0.4717,0,Acceleration,0,3,0.239662157,0.174499932,0.221950175,0.183972052,0.144753411,0.23514009,0.145785674,0.173751676,0.19420586,0.192861831,0.104128755
1, 63in50,0.02,0.223324848,0.4717,0,Acceleration,1,1,0.158783247,0.284703433,0.212828592,0.189237105,0.157510239,0.413308104,0.159827109,0.228387433,0.137843865,0.30615577,0.228962111
1, 63in50,0.02,0.223324848,0.4717,0,Acceleration,1,2,0.230193333,0.226861038,0.280176099,0.229991597,0.319761937,0.171134287,0.332712337,0.326051561,0.338095849,0.293569037,0.225201225
1, 63in50,0.02,0.223324848,0.4717,0,Acceleration,1,3,0.259657923,0.31615579,0.33637149,0.271266783,0.340443163,0.414921825,0.337381652,0.326544928,0.351257283,0.422027654,0.268799402
1, 63in50,0.02,0.223324848,0.4717,0,Acceleration,2,1,0.225770735,0.295238165,0.336055661,0.257883477,0.22472753,0.449594451,0.201820568,0.267093403,0.138799088,0.389124169,0.289875731
1, 63in50,0.02,0.223324848,0.4717,0,Acceleration,2,2,0.356633048,0.306730101,0.375770189,0.305480643,0.338743568,0.256359282,0.486180454,0.410059714,0.395586759,0.369798645,0.28728974
1, 63in50,0.02,0.223324848,0.4717,0,Acceleration,2,3,0.362368251,0.317160761,0.460276752,0.368424929,0.37740789,0.450953148,0.516579176,0.42411461,0.403216344,0.463895237,0.389124383
1, 63in50,0.02,0.223324848,0.4717,0,Acceleration,3,1,0.296609394,0.291697446,0.412322721,0.26687977,0.270714612,0.466444508,0.268858483,0.308139651,0.155479266,0.42852167,0.38857843
1, 63in50,0.02,0.223324848,0.4717,0,Acceleration,3,2,0.444103533,0.354706211,0.389044856,0.368098808,0.381127981,0.334242585,0.556948772,0.432169928,0.46876055,0.480744668,0.438873641
1, 63in50,0.02,0.223324848,0.4717,0,Acceleration,3,3,0.462957391,0.419620313,0.556520423,0.434618107,0.44511118,0.467127554,0.600773669,0.451444261,0.477742054,0.611382257,0.491046701
1, 63in50,0.02,0.223324848,0.4717,0,Acceleration,4,1,0.347522469,0.536521495,0.50420932,0.382081036,0.407407599,0.621929166,0.407829209,0.425202654,0.229401074,0.667299251,0.513261505
1, 63in50,0.02,0.223324848,0.4717,0,Acceleration,4,2,0.585432817,0.486178184,0.542138573,0.459984498,0.570171962,0.418677759,0.753739224,0.669926602,0.661088312,0.631651731,0.566597464
1, 63in50,0.02,0.223324848,0.4717,0,Acceleration,4,3,0.597834352,0.708697521,0.727650199,0.540366468,0.636788049,0.649371808,0.760571973,0.670881458,0.663403102,0.878562701,0.641560239
1, 63in50,0.02,0.223324848,0.4717,0,Peak Floor Velocity,0,1,7.775355396,9.532224459,11.0411695,7.103962265,9.60908253,10.46961069,5.813754578,9.149368458,5.305993882,5.170627029,3.733074513
1, 63in50,0.02,0.223324848,0.4717,0,Peak Floor Velocity,0,2,11.24125814,8.964134444,10.99760304,9.897995207,15.95276615,3.628356954,8.567192452,5.038257315,7.469563628,5.599039385,4.962357317
1, 63in50,0.02,0.223324848,0.4717,0,Peak Floor Velocity,0,3,13.25718478,10.31184962,15.45293679,10.08525499,17.26262374,10.49848735,9.090671845,9.686917944,8.907211665,7.025997074,4.963475219
1, 63in50,0.02,0.223324848,0.4717,0,Peak Floor Velocity,1,1,8.504479541,12.02542059,14.05129689,9.386203767,12.18443615,15.16353919,7.561218523,11.76393487,6.777069944,8.74088337,9.049582257
1, 63in50,0.02,0.223324848,0.4717,0,Peak Floor Velocity,1,2,13.44430148,11.93378573,15.13957604,12.58329211,17.28009754,7.03110681,14.99511957,9.44369051,12.47866106,12.4866459,8.749041926
1, 63in50,0.02,0.223324848,0.4717,0,Peak Floor Velocity,1,3,15.34535721,13.71728413,20.40621172,13.33972054,19.93825258,15.25468035,15.40254965,11.88532579,13.42627171,13.35460945,11.24962739
1, 63in50,0.02,0.223324848,0.4717,0,Peak Floor Velocity,2,1,9.121191766,12.56597454,16.49340232,11.8209185,13.80653463,19.77217094,10.75304204,13.01258077,7.612663685,13.3900057,13.37845403
1, 63in50,0.02,0.223324848,0.4717,0,Peak Floor Velocity,2,2,14.45631862,15.5352635,17.15965005,14.77066518,19.1827277,10.84530281,20.44976711,13.79733753,15.25506928,16.53656984,13.14432364
1, 63in50,0.02,0.223324848,0.4717,0,Peak Floor Velocity,2,3,16.22710503,16.83712953,23.56192742,16.48389767,21.82153344,19.79654568,21.00158901,13.95799401,16.17048051,18.8104725,15.74844096
1, 63in50,0.02,0.223324848,0.4717,0,Peak Floor Velocity,3,1,11.24429576,13.49319569,19.34044583,14.17252067,14.71374338,25.60147123,12.58488195,15.50402431,8.440165118,17.73863359,16.09010492
1, 63in50,0.02,0.223324848,0.4717,0,Peak Floor Velocity,3,2,17.61197212,18.80075568,18.86554502,16.42884113,21.54997683,13.3340053,24.62241484,18.23823078,19.73977514,18.53329629,15.48214752
1, 63in50,0.02,0.223324848,0.4717,0,Peak Floor Velocity,3,3,17.81716826,19.46576413,25.479301,19.00751624,22.81004735,25.62326216,25.45754286,18.47341904,20.32179158,23.47113792,19.02339768
1, 63in50,0.02,0.223324848,0.4717,0,Peak Floor Velocity,4,1,12.85081621,16.6166232,21.35775982,16.33392203,15.20518625,30.69469202,13.80968288,17.48955084,9.06034874,21.0897692,17.8810947
1, 63in50,0.02,0.223324848,0.4717,0,Peak Floor Velocity,4,2,19.81887426,20.19719548,21.43378083,17.44785932,23.72007907,14.66703822,27.06115661,21.60813221,23.49205016,20.7946071,16.86640251
1, 63in50,0.02,0.223324848,0.4717,0,Peak Floor Velocity,4,3,20.15378014,21.16610984,28.44662618,20.36746584,24.13875543,30.72743933,28.40168799,21.71206505,24.04702494,26.73172751,21.88511158
2,30in50,0.005625,0.296103915,0.4717,0,Story Drift Ratio,1,1,0.004366754,0.004746751,0.005196278,0.005106708,0.003919518,0.006469003,0.003442611,0.004394694,0.003080946,0.004388419,0.005424726
2,30in50,0.005625,0.296103915,0.4717,0,Story Drift Ratio,1,2,0.006258893,0.005914998,0.005940124,0.005640265,0.005471995,0.00450542,0.007253015,0.006204252,0.005019732,0.004480399,0.005434017
2,30in50,0.005625,0.296103915,0.4717,0,Story Drift Ratio,1,3,0.007631663,0.007584118,0.007892172,0.007608617,0.006730925,0.007883325,0.008028562,0.007603031,0.005889816,0.006271539,0.007678294
2,30in50,0.005625,0.296103915,0.4717,0,Story Drift Ratio,2,1,0.004546614,0.004298134,0.005236317,0.005141006,0.003841872,0.006230127,0.003392742,0.004418383,0.002997463,0.004425636,0.005443551
2,30in50,0.005625,0.296103915,0.4717,0,Story Drift Ratio,2,2,0.006184161,0.005511472,0.00579372,0.005248942,0.004999355,0.004320341,0.006982554,0.005544798,0.005097592,0.004180417,0.00546701
2,30in50,0.005625,0.296103915,0.4717,0,Story Drift Ratio,2,3,0.007675647,0.006989297,0.007809367,0.007347199,0.00630504,0.007581545,0.007763166,0.007089915,0.005913563,0.006087869,0.00771495
2,30in50,0.005625,0.296103915,0.4717,0,Story Drift Ratio,3,1,0.003060708,0.00281379,0.003385763,0.003308374,0.00267215,0.003953887,0.002250062,0.002872532,0.002001714,0.002998289,0.003578211
2,30in50,0.005625,0.296103915,0.4717,0,Story Drift Ratio,3,2,0.004198929,0.003455096,0.00379977,0.003437863,0.003503014,0.002895241,0.00435544,0.00327551,0.003802915,0.002721966,0.003817493
2,30in50,0.005625,0.296103915,0.4717,0,Story Drift Ratio,3,3,0.00519605,0.004455907,0.005089366,0.004771189,0.004405848,0.004900576,0.004902309,0.004356651,0.00429756,0.004049548,0.005232289
2,30in50,0.005625,0.296103915,0.4717,0,Story Drift Ratio,4,1,0.001799771,0.002020944,0.002095016,0.001873817,0.001746025,0.002594334,0.00133592,0.001734621,0.001239067,0.001880018,0.00219878
2,30in50,0.005625,0.296103915,0.4717,0,Story Drift Ratio,4,2,0.002375263,0.002007994,0.002059058,0.001923928,0.002062274,0.001674155,0.002520663,0.001864983,0.00230636,0.001545562,0.00223185
2,30in50,0.005625,0.296103915,0.4717,0,Story Drift Ratio,4,3,0.002980109,0.002848904,0.002937484,0.002685645,0.002702143,0.003087615,0.002852793,0.002546973,0.002618126,0.002433769,0.003133015
2,30in50,0.005625,0.296103915,0.4717,0,Building Residual Drift,1,1,5.64E-05,9.42E-05,5.33E-05,1.14E-04,1.03E-04,1.97E-04,2.34E-05,9.65E-05,1.16E-05,7.40E-05,7.02E-05
2,30in50,0.005625,0.296103915,0.4717,0,Building Residual Drift,1,2,9.24E-05,6.20E-05,7.94E-05,1.05E-04,1.66E-04,7.75E-05,7.48E-05,1.05E-04,7.74E-05,5.74E-05,1.03E-04
2,30in50,0.005625,0.296103915,0.4717,0,Building Residual Drift,1,3,1.08E-04,1.13E-04,9.56E-05,1.55E-04,0.000195406,2.11E-04,7.83623E-05,1.42E-04,7.82E-05,9.36E-05,0.00012483
2,30in50,0.005625,0.296103915,0.4717,0,Building Residual Drift,2,1,6.77E-05,1.09E-04,6.57E-05,1.31E-04,1.11E-04,2.59E-04,3.70E-05,1.08E-04,1.76E-05,9.10E-05,8.86E-05
2,30in50,0.005625,0.296103915,0.4717,0,Building Residual Drift,2,2,1.77E-04,1.28E-04,1.42E-04,1.75E-04,1.19E-04,0.00017044,1.79E-04,1.79E-04,1.51E-04,1.07E-04,2.11E-04
2,30in50,0.005625,0.296103915,0.4717,0,Building Residual Drift,2,3,1.89E-04,1.69E-04,1.56E-04,2.18E-04,0.00016317,0.000310306,0.000182375,2.09E-04,1.52E-04,1.40E-04,2.29E-04
2,30in50,0.005625,0.296103915,0.4717,0,Building Residual Drift,3,1,1.07E-05,3.04E-05,2.23E-05,4.29E-05,5.90E-05,8.91E-05,2.58E-05,4.34E-05,1.37E-05,1.52E-05,2.22E-05
2,30in50,0.005625,0.296103915,0.4717,0,Building Residual Drift,3,2,1.34E-04,1.07E-04,1.14E-04,1.21E-04,4.88E-05,1.26E-04,1.57E-04,1.24E-04,1.23E-04,1.17E-04,1.78E-04
2,30in50,0.005625,0.296103915,0.4717,0,Building Residual Drift,3,3,1.35E-04,1.11E-04,1.16E-04,1.29E-04,7.65701E-05,1.54E-04,1.59E-04,1.31E-04,1.23E-04,1.18E-04,1.79E-04
2,30in50,0.005625,0.296103915,0.4717,0,Building Residual Drift,4,1,1.13E-05,1.70E-05,1.35E-05,2.36E-05,3.61E-05,3.34E-05,1.59E-05,2.54E-05,1.18E-05,1.36E-05,1.06E-05
2,30in50,0.005625,0.296103915,0.4717,0,Building Residual Drift,4,2,8.03E-05,8.27E-05,8.82E-05,8.63E-05,4.15E-05,8.81E-05,8.70E-05,8.77E-05,8.96E-05,8.99E-05,9.96E-05
2,30in50,0.005625,0.296103915,0.4717,0,Building Residual Drift,4,3,8.11E-05,8.44E-05,8.92E-05,8.95E-05,5.50E-05,9.43E-05,8.84E-05,9.13E-05,9.04E-05,9.10E-05,1.00E-04
2,30in50,0.005625,0.296103915,0.4717,0,Acceleration,0,1,0.23100607,0.169666341,0.212931803,0.221026418,0.173968374,0.275529269,0.11459719,0.20984726,0.131327625,0.18407104,0.13291775
2,30in50,0.005625,0.296103915,0.4717,0,Acceleration,0,2,0.215290932,0.184886195,0.2247788,0.160151422,0.177598972,0.153573536,0.165254467,0.150715418,0.244370975,0.174879542,0.140758416
2,30in50,0.005625,0.296103915,0.4717,0,Acceleration,0,3,0.304771249,0.234035356,0.259712335,0.222708354,0.200485003,0.307935677,0.166573244,0.224076981,0.272198177,0.231874781,0.146207859
2,30in50,0.005625,0.296103915,0.4717,0,Acceleration,1,1,0.231340889,0.393065996,0.27931894,0.258617381,0.222028932,0.506893034,0.186102443,0.267135125,0.158781506,0.313436359,0.30225852
2,30in50,0.005625,0.296103915,0.4717,0,Acceleration,1,2,0.34121696,0.34840604,0.389679552,0.274322928,0.437146802,0.228042153,0.45807587,0.381410766,0.410727362,0.244404763,0.285301648
2,30in50,0.005625,0.296103915,0.4717,0,Acceleration,1,3,0.371490516,0.447882599,0.424809558,0.319359675,0.468174873,0.511232984,0.461215578,0.38285355,0.436775719,0.316343977,0.336938784
2,30in50,0.005625,0.296103915,0.4717,0,Acceleration,2,1,0.302686999,0.418474325,0.378196282,0.391833923,0.326462133,0.501964939,0.259899835,0.337027513,0.228928311,0.339529547,0.378070441
2,30in50,0.005625,0.296103915,0.4717,0,Acceleration,2,2,0.479836947,0.469227134,0.472610375,0.432851876,0.473843814,0.346101555,0.551236987,0.534453086,0.496343814,0.346642341,0.380099899
2,30in50,0.005625,0.296103915,0.4717,0,Acceleration,2,3,0.512530347,0.471514684,0.516125337,0.485227436,0.538294704,0.505645342,0.572020715,0.557880861,0.521110447,0.405686034,0.484678445
2,30in50,0.005625,0.296103915,0.4717,0,Acceleration,3,1,0.412288457,0.379481228,0.450352117,0.44881581,0.357215187,0.51562283,0.295911685,0.40441602,0.278416279,0.43927854,0.480694554
2,30in50,0.005625,0.296103915,0.4717,0,Acceleration,3,2,0.626865342,0.519321936,0.56843426,0.526004831,0.531305798,0.441835707,0.644854548,0.500761591,0.60542385,0.436557475,0.596116172
2,30in50,0.005625,0.296103915,0.4717,0,Acceleration,3,3,0.643607551,0.591668112,0.618148591,0.605364084,0.607182335,0.519150056,0.687023643,0.562219625,0.614142856,0.509795471,0.654623494
2,30in50,0.005625,0.296103915,0.4717,0,Acceleration,4,1,0.49679783,0.654704169,0.599976706,0.549375658,0.545567806,0.811969626,0.413416252,0.556626749,0.40335099,0.714715905,0.645807039
2,30in50,0.005625,0.296103915,0.4717,0,Acceleration,4,2,0.805090934,0.722130042,0.737403347,0.614903556,0.770370846,0.547017472,0.91688698,0.767891141,0.834061313,0.530072588,0.766844833
2,30in50,0.005625,0.296103915,0.4717,0,Acceleration,4,3,0.814407541,0.96689672,0.910885648,0.677095942,0.862463126,0.829511267,0.917026919,0.791419285,0.83644201,0.74813938,0.852814343
2,30in50,0.005625,0.296103915,0.4717,0,Peak Floor Velocity,0,1,7.169603929,11.25311218,10.24984872,10.27468102,13.76627807,12.30090484,7.434401365,12.23861546,5.418949072,6.094964942,5.279190449
2,30in50,0.005625,0.296103915,0.4717,0,Peak Floor Velocity,0,2,12.18262766,11.07369112,11.84171303,15.65546585,22.9254299,5.165343858,9.449055796,7.372852418,12.30993647,8.425921646,7.205848084
2,30in50,0.005625,0.296103915,0.4717,0,Peak Floor Velocity,0,3,13.04806702,12.16572995,15.60197115,15.66619976,24.76219979,12.31540186,9.879881832,13.57107498,12.67969599,9.35553602,7.210719497
2,30in50,0.005625,0.296103915,0.4717,0,Peak Floor Velocity,1,1,7.952657144,16.24046492,13.0969174,14.05830627,17.14469249,17.44566166,8.117085666,16.70354489,9.711847387,7.316732235,12.53012149
2,30in50,0.005625,0.296103915,0.4717,0,Peak Floor Velocity,1,2,15.21803737,16.61635484,16.17154807,20.47316954,25.13393486,9.476511183,17.03854672,13.83866911,15.69349414,12.60694006,12.31171883
2,30in50,0.005625,0.296103915,0.4717,0,Peak Floor Velocity,1,3,15.97647615,17.43537017,19.14666879,20.54148459,29.0646571,17.79588698,17.46846052,16.75124297,15.90843891,14.19294444,16.36431867
2,30in50,0.005625,0.296103915,0.4717,0,Peak Floor Velocity,2,1,12.43845981,17.50659691,17.07051432,17.63714568,19.51977459,21.19765439,10.82587406,19.12639082,12.6210391,11.37423375,18.3402239
2,30in50,0.005625,0.296103915,0.4717,0,Peak Floor Velocity,2,2,18.26486382,21.01655039,22.29484012,23.7537554,27.7269084,14.56838148,22.58970659,18.44690807,17.70806687,15.78375719,18.56456444
2,30in50,0.005625,0.296103915,0.4717,0,Peak Floor Velocity,2,3,18.85183618,21.98319884,24.3792725,23.91869236,31.83946687,21.29634222,24.66407178,20.09952192,17.89345398,18.43870492,22.56328026
2,30in50,0.005625,0.296103915,0.4717,0,Peak Floor Velocity,3,1,15.83763406,18.52608665,19.81363364,21.31591208,20.93646446,27.76218489,13.74075683,22.02575567,14.51558224,14.6033556,21.86006942
2,30in50,0.005625,0.296103915,0.4717,0,Peak Floor Velocity,3,2,22.763506,26.25408479,27.34310131,25.84509302,30.09992045,17.89468009,27.7726286,23.26223834,21.173386,17.5581398,21.71803834
2,30in50,0.005625,0.296103915,0.4717,0,Peak Floor Velocity,3,3,24.10639916,26.42823797,29.65900379,26.81723332,33.10549904,28.00915894,29.04453558,25.32411117,22.72202916,21.20241915,26.12784218
2,30in50,0.005625,0.296103915,0.4717,0,Peak Floor Velocity,4,1,17.87808412,23.00042356,21.33849826,23.42959284,21.59972807,34.28360275,15.79346506,23.90774987,16.01172358,19.78860043,24.10024811
2,30in50,0.005625,0.296103915,0.4717,0,Peak Floor Velocity,4,2,25.74113148,29.19382646,31.13630985,27.04802791,33.10283269,19.60911157,31.28669983,27.35600153,26.1133203,18.93716638,23.58392577
2,30in50,0.005625,0.296103915,0.4717,0,Peak Floor Velocity,4,3,28.02115277,29.45786971,33.50725591,29.19352222,34.32557853,34.47492305,32.53733116,28.17709031,27.6047489,22.95237436,28.02059453
3, 10in50,0.0021,0.454982273,0.4717,0,Story Drift Ratio,1,1,0.005755016,0.00722765,0.008325384,0.007229451,0.005479742,0.009109115,0.005343006,0.00614926,0.00454033,0.007642318,0.008102131
3, 10in50,0.0021,0.454982273,0.4717,0,Story Drift Ratio,1,2,0.008702159,0.008213672,0.008926792,0.007863492,0.00763504,0.006196934,0.008583606,0.00833856,0.008647041,0.006736692,0.007054297
3, 10in50,0.0021,0.454982273,0.4717,0,Story Drift Ratio,1,3,0.010433014,0.010940902,0.012206541,0.010681735,0.009397947,0.011017167,0.010110688,0.010360743,0.009766572,0.010187641,0.010742794
3, 10in50,0.0021,0.454982273,0.4717,0,Story Drift Ratio,2,1,0.006154354,0.006607163,0.008407521,0.007252903,0.005359237,0.008945136,0.005478048,0.006163141,0.00466389,0.007473231,0.008624587
3, 10in50,0.0021,0.454982273,0.4717,0,Story Drift Ratio,2,2,0.008729274,0.007504622,0.007381727,0.007136948,0.006823523,0.006144566,0.008391004,0.007490183,0.007221532,0.006326968,0.006884513
3, 10in50,0.0021,0.454982273,0.4717,0,Story Drift Ratio,2,3,0.010680651,0.009998698,0.011188222,0.010175492,0.008676513,0.010852242,0.010020876,0.009699853,0.00859665,0.009791818,0.011035399
3, 10in50,0.0021,0.454982273,0.4717,0,Story Drift Ratio,3,1,0.004057217,0.003983386,0.004960478,0.004302654,0.003534517,0.005503559,0.003452765,0.003797316,0.003138164,0.00405421,0.004913008
3, 10in50,0.0021,0.454982273,0.4717,0,Story Drift Ratio,3,2,0.005530654,0.004477389,0.004381215,0.004127945,0.004457647,0.004089607,0.005180656,0.004365253,0.004767692,0.004057507,0.004766409
3, 10in50,0.0021,0.454982273,0.4717,0,Story Drift Ratio,3,3,0.006859238,0.00599286,0.006618262,0.005962614,0.005688887,0.006856679,0.006225815,0.005785762,0.005707798,0.005735851,0.006845167
3, 10in50,0.0021,0.454982273,0.4717,0,Story Drift Ratio,4,1,0.002347406,0.002748918,0.002644382,0.002713727,0.002211747,0.003292064,0.002098758,0.002260754,0.001897206,0.002879414,0.00253605
3, 10in50,0.0021,0.454982273,0.4717,0,Story Drift Ratio,4,2,0.003009344,0.002787065,0.002389762,0.002339898,0.002632505,0.002247991,0.003012842,0.002604385,0.002907936,0.002409639,0.00271013
3, 10in50,0.0021,0.454982273,0.4717,0,Story Drift Ratio,4,3,0.003816604,0.003914624,0.003564227,0.003583216,0.0034383,0.00398637,0.003671785,0.003448743,0.003472101,0.003754649,0.003711651
3, 10in50,0.0021,0.454982273,0.4717,0,Building Residual Drift,1,1,1.61E-04,0.00016285,0.001024085,0.000360601,0.000350667,8.05E-05,2.83E-05,0.00027905,2.85E-04,0.000162661,2.95E-04
3, 10in50,0.0021,0.454982273,0.4717,0,Building Residual Drift,1,2,0.000468988,3.02E-04,0.000863119,0.000165168,5.04E-04,9.55521E-05,0.000167034,2.21E-04,0.000387024,8.14E-05,0.00035853
3, 10in50,0.0021,0.454982273,0.4717,0,Building Residual Drift,1,3,0.000495855,0.000342862,0.0013393,0.000396628,0.000614356,0.000124915,0.000169416,0.000355781,0.000480705,0.000181872,0.000464101
3, 10in50,0.0021,0.454982273,0.4717,0,Building Residual Drift,2,1,2.52E-04,0.000252163,0.000839812,6.79E-04,2.00E-04,9.98353E-05,6.79317E-05,0.000309904,1.41E-04,9.34E-05,0.000236258
3, 10in50,0.0021,0.454982273,0.4717,0,Building Residual Drift,2,2,0.000530001,4.38E-04,0.000204174,0.000352832,2.40E-04,0.000172688,0.000288051,3.36E-04,0.000126528,1.59E-04,0.000277794
3, 10in50,0.0021,0.454982273,0.4717,0,Building Residual Drift,2,3,0.000586769,0.000505274,0.000864275,0.000764959,0.000312827,0.00019947,0.000295953,0.000457028,0.000189701,1.84E-04,0.000364674
3, 10in50,0.0021,0.454982273,0.4717,0,Building Residual Drift,3,1,1.00E-04,1.23E-04,0.000530511,4.03E-04,5.62732E-05,7.84367E-06,6.69E-05,5.87E-05,3.23E-05,1.00E-04,3.12E-04
3, 10in50,0.0021,0.454982273,0.4717,0,Building Residual Drift,3,2,2.67E-04,1.85E-04,6.95E-05,0.000245718,7.47E-05,0.000106334,0.000174905,1.72E-04,0.00011251,1.38E-04,2.12E-04
3, 10in50,0.0021,0.454982273,0.4717,0,Building Residual Drift,3,3,2.85E-04,2.22E-04,0.000535048,0.000471955,9.35121E-05,0.000106623,0.000187265,0.000181333,0.000117043,1.71E-04,3.77E-04
3, 10in50,0.0021,0.454982273,0.4717,0,Building Residual Drift,4,1,2.38E-05,3.92E-05,1.26E-04,9.40E-05,3.88E-05,1.42E-05,2.49E-05,3.67E-05,1.74E-05,2.66E-05,7.02E-05
3, 10in50,0.0021,0.454982273,0.4717,0,Building Residual Drift,4,2,1.12E-04,7.29E-05,7.15E-05,1.04E-04,3.06E-05,7.85E-05,9.20E-05,8.81E-05,1.01E-04,8.85E-05,1.38E-04
3, 10in50,0.0021,0.454982273,0.4717,0,Building Residual Drift,4,3,1.14E-04,8.28E-05,1.45E-04,0.00014017,4.94497E-05,0.000079772,9.53535E-05,9.54E-05,1.03E-04,9.24E-05,1.55E-04
3, 10in50,0.0021,0.454982273,0.4717,0,Acceleration,0,1,0.329629823,0.227470524,0.288740211,0.393093933,0.270980894,0.370173085,0.191963424,0.296524346,0.14793281,0.298820383,0.191627268
3, 10in50,0.0021,0.454982273,0.4717,0,Acceleration,0,2,0.316230845,0.276377563,0.390899728,0.198497636,0.260285937,0.220742235,0.240180762,0.227339188,0.323832679,0.266349133,0.198146036
3, 10in50,0.0021,0.454982273,0.4717,0,Acceleration,0,3,0.445308384,0.342491657,0.400493753,0.39712316,0.307520107,0.417063268,0.243335145,0.319331651,0.350071189,0.321288334,0.219201613
3, 10in50,0.0021,0.454982273,0.4717,0,Acceleration,1,1,0.322489879,0.516886206,0.36467634,0.435815869,0.319467088,0.663175678,0.336619947,0.377742316,0.238323686,0.544937361,0.350284537
3, 10in50,0.0021,0.454982273,0.4717,0,Acceleration,1,2,0.500235448,0.510197896,0.554725166,0.468126702,0.592904694,0.303659976,0.581005899,0.482845723,0.614557755,0.409582673,0.385110045
3, 10in50,0.0021,0.454982273,0.4717,0,Acceleration,1,3,0.542908034,0.586974993,0.582203227,0.510367069,0.609842768,0.668731043,0.583727433,0.48440272,0.657324658,0.552827246,0.421303977
3, 10in50,0.0021,0.454982273,0.4717,0,Acceleration,2,1,0.411704331,0.594344252,0.493464916,0.560647076,0.421959153,0.66024291,0.407743178,0.45638178,0.294775834,0.577418811,0.495548621
3, 10in50,0.0021,0.454982273,0.4717,0,Acceleration,2,2,0.630902272,0.678059352,0.617803577,0.630769501,0.662495486,0.473761981,0.684908839,0.70233788,0.799934379,0.538307331,0.468527311
3, 10in50,0.0021,0.454982273,0.4717,0,Acceleration,2,3,0.67399506,0.698799109,0.691190697,0.673600174,0.728970897,0.678104005,0.686674148,0.724387591,0.849012318,0.624457829,0.592941879
3, 10in50,0.0021,0.454982273,0.4717,0,Acceleration,3,1,0.548200323,0.564366324,0.601615241,0.535082088,0.463870803,0.673993599,0.473102675,0.525307339,0.433164621,0.573372962,0.594819929
3, 10in50,0.0021,0.454982273,0.4717,0,Acceleration,3,2,0.797168657,0.6380166,0.68432933,0.623012256,0.646746116,0.612898254,0.741793293,0.668224056,0.692418543,0.637343985,0.691856485
3, 10in50,0.0021,0.454982273,0.4717,0,Acceleration,3,3,0.81395068,0.800330079,0.798751927,0.683791228,0.757642619,0.683934015,0.798176396,0.694636955,0.717462611,0.784288748,0.809539185
3, 10in50,0.0021,0.454982273,0.4717,0,Acceleration,4,1,0.669340493,0.894705014,0.850103925,0.863015773,0.700203432,1.045875229,0.624776467,0.703162648,0.564098516,1.128096731,0.726147645
3, 10in50,0.0021,0.454982273,0.4717,0,Acceleration,4,2,1.076195911,1.059192726,0.934230297,0.792744862,1.044100067,0.743793518,1.106438578,1.103344408,1.159936815,0.921088882,0.96759996
3, 10in50,0.0021,0.454982273,0.4717,0,Acceleration,4,3,1.084955859,1.348799557,1.160977297,0.94687606,1.056502852,1.068578928,1.128157878,1.14976921,1.169647605,1.350255637,1.024294157
3, 10in50,0.0021,0.454982273,0.4717,0,Peak Floor Velocity,0,1,11.03370748,14.8595562,20.56142515,16.0212333,18.74011989,16.7691899,11.57585472,17.80064434,8.20570898,7.970369058,7.473379395
3, 10in50,0.0021,0.454982273,0.4717,0,Peak Floor Velocity,0,2,18.69002692,14.93644893,20.35995747,19.8128836,32.37571506,8.045301238,13.32594076,11.06257216,15.27686887,11.44655169,10.37428206
3, 10in50,0.0021,0.454982273,0.4717,0,Peak Floor Velocity,0,3,19.64938776,15.57366929,28.46568257,19.94045673,34.4964771,16.80901025,13.40327813,19.86855895,15.44328697,13.26776682,10.39455315
3, 10in50,0.0021,0.454982273,0.4717,0,Peak Floor Velocity,1,1,12.23500526,23.49070193,26.07001314,20.35663533,23.09138093,24.14240954,14.99332361,24.32782642,14.82143527,13.94308072,16.84909376
3, 10in50,0.0021,0.454982273,0.4717,0,Peak Floor Velocity,1,2,23.89984988,24.40455156,27.75861686,26.15672856,35.03688284,11.80177351,21.44941443,20.75066826,21.23201316,19.4261126,16.93177907
3, 10in50,0.0021,0.454982273,0.4717,0,Peak Floor Velocity,1,3,24.86656278,24.51765974,36.76757152,26.49745637,39.62381871,24.80644078,21.66183062,24.42864149,22.54152555,21.78101071,23.35690003
3, 10in50,0.0021,0.454982273,0.4717,0,Peak Floor Velocity,2,1,17.3660409,26.49056235,29.77371519,23.47078642,26.06178185,28.19148877,18.02331615,27.61968863,19.29452098,20.48218459,24.40151984
3, 10in50,0.0021,0.454982273,0.4717,0,Peak Floor Velocity,2,2,26.49698441,29.94035724,31.80850281,31.50504938,38.93237522,18.40066241,28.05676919,27.03124641,24.94595972,24.7847349,22.90645888
3, 10in50,0.0021,0.454982273,0.4717,0,Peak Floor Velocity,2,3,27.33059418,30.07505826,42.40299812,31.75535064,43.83510547,29.08291226,30.64834868,28.11571108,30.02874341,28.95357726,31.5289731
3, 10in50,0.0021,0.454982273,0.4717,0,Peak Floor Velocity,3,1,21.38472434,27.43898331,32.53986149,25.93781597,27.7327644,35.05726413,22.43100432,31.44922713,21.88677929,26.3785819,29.16852386
3, 10in50,0.0021,0.454982273,0.4717,0,Peak Floor Velocity,3,2,32.57505325,36.93941958,35.58392717,35.357856,42.47146291,22.91597825,35.05686953,32.11924309,32.91330861,28.49834455,26.75007076
3, 10in50,0.0021,0.454982273,0.4717,0,Peak Floor Velocity,3,3,33.03317432,37.20877797,44.77200213,35.50374289,46.43110042,35.81152539,36.12803948,34.66766991,36.65201785,33.95777416,35.93023894
3, 10in50,0.0021,0.454982273,0.4717,0,Peak Floor Velocity,4,1,23.8466518,33.34507784,35.0420536,31.01401083,28.95523095,43.00607669,25.7347236,33.59775091,22.92279838,35.0879283,31.74654839
3, 10in50,0.0021,0.454982273,0.4717,0,Peak Floor Velocity,4,2,37.34674234,41.98466421,39.02786392,37.69203036,46.6864908,25.36535263,40.30001646,36.9868482,40.6914335,31.42574807,30.05552081
3, 10in50,0.0021,0.454982273,0.4717,0,Peak Floor Velocity,4,3,38.58466092,42.07615058,47.29981941,37.76651816,48.40055313,43.53212461,40.37086052,38.82699302,43.84122112,37.29139955,38.07966322
4, 5in50,0.001025,0.575383143,0.4717,0,Story Drift Ratio,1,1,0.007076622,0.009982118,0.00925652,0.008149855,0.00728366,0.010830974,0.00651541,0.007848085,0.007567405,0.007819773,0.009997439
4, 5in50,0.001025,0.575383143,0.4717,0,Story Drift Ratio,1,2,0.011389166,0.009628431,0.008827306,0.009311497,0.009655245,0.007349261,0.009683109,0.010012694,0.010764358,0.00940256,0.008747745
4, 5in50,0.001025,0.575383143,0.4717,0,Story Drift Ratio,1,3,0.013408642,0.013869008,0.012790798,0.012374333,0.012094439,0.013088989,0.01167104,0.012721889,0.013158154,0.012229349,0.01328427
4, 5in50,0.001025,0.575383143,0.4717,0,Story Drift Ratio,2,1,0.006933473,0.009420622,0.010678677,0.008662036,0.007213027,0.01098835,0.006599617,0.007566834,0.006564436,0.008073864,0.010388953
4, 5in50,0.001025,0.575383143,0.4717,0,Story Drift Ratio,2,2,0.010848843,0.008945406,0.007078503,0.008148633,0.008079911,0.007182177,0.00902034,0.00901928,0.008300737,0.008108981,0.008019062
4, 5in50,0.001025,0.575383143,0.4717,0,Story Drift Ratio,2,3,0.012875186,0.01299109,0.012811688,0.01189248,0.0108311,0.013127357,0.011176827,0.011773037,0.010582724,0.011443026,0.01312386
4, 5in50,0.001025,0.575383143,0.4717,0,Story Drift Ratio,3,1,0.004470588,0.006167299,0.006495454,0.005590953,0.004763423,0.00643732,0.003993308,0.004648673,0.004050126,0.004922784,0.005900033
4, 5in50,0.001025,0.575383143,0.4717,0,Story Drift Ratio,3,2,0.006609188,0.00532735,0.004690059,0.00470302,0.005390852,0.004635482,0.006108433,0.005498776,0.005480117,0.004942856,0.005551855
4, 5in50,0.001025,0.575383143,0.4717,0,Story Drift Ratio,3,3,0.007979193,0.008149615,0.008011715,0.007305967,0.00719385,0.00793264,0.007297908,0.007200465,0.006814338,0.006976076,0.008101449
4, 5in50,0.001025,0.575383143,0.4717,0,Story Drift Ratio,4,1,0.002748756,0.003923528,0.003530683,0.003522392,0.002763963,0.003798105,0.00237852,0.002791113,0.00288088,0.002999863,0.002934721
4, 5in50,0.001025,0.575383143,0.4717,0,Story Drift Ratio,4,2,0.003429598,0.002952159,0.003064916,0.002694719,0.003159505,0.002490574,0.003594727,0.002936665,0.003361761,0.002736047,0.003134851
4, 5in50,0.001025,0.575383143,0.4717,0,Story Drift Ratio,4,3,0.004395202,0.004910124,0.004675407,0.004434947,0.004197853,0.004541867,0.004310385,0.004051457,0.004427291,0.004060188,0.004294167
4, 5in50,0.001025,0.575383143,0.4717,0,Building Residual Drift,1,1,0.000841753,0.001179666,0.001269457,0.001123792,0.001447559,4.52E-04,0.001198891,1.13E-04,1.84E-03,0.00058326,1.16E-03
4, 5in50,0.001025,0.575383143,0.4717,0,Building Residual Drift,1,2,0.002529514,0.000600749,0.001003238,0.001205932,0.001583649,0.000139336,0.000272671,0.000991219,0.002574441,0.000368597,0.001641308
4, 5in50,0.001025,0.575383143,0.4717,0,Building Residual Drift,1,3,0.002665893,0.001323824,0.001618026,0.001648387,0.002145547,0.000473221,0.001229507,0.000997686,0.003161521,0.000689968,0.002011259
4, 5in50,0.001025,0.575383143,0.4717,0,Building Residual Drift,2,1,0.000103864,0.001541811,5.35E-04,0.001243118,3.94E-04,0.000344663,0.000718262,1.57E-04,0.000792736,3.32E-04,1.81E-04
4, 5in50,0.001025,0.575383143,0.4717,0,Building Residual Drift,2,2,0.001613148,0.000349119,6.26597E-05,6.01E-04,5.40E-04,0.000264093,0.000403691,0.000662286,0.001006442,0.000418127,0.000594986
4, 5in50,0.001025,0.575383143,0.4717,0,Building Residual Drift,2,3,0.001616488,0.001580843,0.000539119,0.00138096,6.69E-04,0.000434209,0.000823934,0.000680658,0.001281154,0.000534002,0.00062196
4, 5in50,0.001025,0.575383143,0.4717,0,Building Residual Drift,3,1,2.74E-05,0.000938024,1.92E-04,0.000785096,1.20E-04,0.000181137,2.34E-04,2.62E-05,2.44E-04,1.15E-04,4.12E-04
4, 5in50,0.001025,0.575383143,0.4717,0,Building Residual Drift,3,2,0.00069929,1.57E-04,0.000132559,3.32E-04,1.32E-04,0.000158857,0.000247135,2.73E-04,0.000308333,1.97E-04,0.000307446
4, 5in50,0.001025,0.575383143,0.4717,0,Building Residual Drift,3,3,0.000699827,0.000951137,0.000233343,0.000852363,0.000178211,0.000240928,0.000340443,2.74E-04,0.000392984,0.000227887,0.000513759
4, 5in50,0.001025,0.575383143,0.4717,0,Building Residual Drift,4,1,1.88E-05,2.45E-04,5.17E-05,1.90E-04,2.48E-05,9.52E-05,6.79E-05,2.79E-05,6.28E-05,3.06E-05,9.94E-05
4, 5in50,0.001025,0.575383143,0.4717,0,Building Residual Drift,4,2,0.000280107,4.49E-05,1.11E-04,0.000130153,3.29E-05,7.07E-05,0.000149732,1.10E-04,1.80E-04,1.47E-04,0.000216455
4, 5in50,0.001025,0.575383143,0.4717,0,Building Residual Drift,4,3,0.000280737,0.000249089,0.000122799,0.000230036,4.12E-05,0.000118588,0.00016439,1.14E-04,1.91E-04,1.51E-04,0.0002382
4, 5in50,0.001025,0.575383143,0.4717,0,Acceleration,0,1,0.44083464,0.340880385,0.422154921,0.54769341,0.358064653,0.502818173,0.237306469,0.403279388,0.21600191,0.345483638,0.257677381
4, 5in50,0.001025,0.575383143,0.4717,0,Acceleration,0,2,0.418669538,0.3745883,0.508278177,0.277906845,0.347916674,0.296917336,0.316268151,0.299794326,0.411193645,0.365809782,0.265701636
4, 5in50,0.001025,0.575383143,0.4717,0,Acceleration,0,3,0.587880206,0.459943348,0.519345797,0.552295184,0.406427389,0.546469655,0.318962052,0.427700409,0.438356654,0.465826971,0.281450769
4, 5in50,0.001025,0.575383143,0.4717,0,Acceleration,1,1,0.417737725,0.704021848,0.476880176,0.518015838,0.428968354,0.726777431,0.39212282,0.500523837,0.373635325,0.509732749,0.414790029
4, 5in50,0.001025,0.575383143,0.4717,0,Acceleration,1,2,0.633418627,0.566032951,0.746971831,0.490583192,0.671899477,0.383667516,0.688394506,0.576233056,0.749353944,0.543498259,0.511307041
4, 5in50,0.001025,0.575383143,0.4717,0,Acceleration,1,3,0.691107052,0.764020631,0.799968508,0.523504517,0.681262213,0.736526147,0.691249465,0.590523342,0.824154564,0.562158749,0.559393835
4, 5in50,0.001025,0.575383143,0.4717,0,Acceleration,2,1,0.48540395,0.75158334,0.62207805,0.631891615,0.465923845,0.739343718,0.444457947,0.579199854,0.537712154,0.580942376,0.54704574
4, 5in50,0.001025,0.575383143,0.4717,0,Acceleration,2,2,0.677036133,0.757723883,0.748532749,0.689015999,0.789165044,0.551466682,0.78768007,0.817874387,0.819803281,0.631113902,0.541224368
4, 5in50,0.001025,0.575383143,0.4717,0,Acceleration,2,3,0.708145966,0.766798279,0.795278825,0.745345648,0.810308326,0.762192376,0.790428611,0.827432338,0.898919322,0.730551952,0.697608768
4, 5in50,0.001025,0.575383143,0.4717,0,Acceleration,3,1,0.633025279,0.695675289,0.701672013,0.6222242,0.597724824,0.745097675,0.537734732,0.633414641,0.557930687,0.650475635,0.62977296
4, 5in50,0.001025,0.575383143,0.4717,0,Acceleration,3,2,0.910031625,0.766460453,0.771327449,0.694126984,0.762480822,0.69277515,0.871722797,0.80596311,0.805889479,0.701246434,0.771332328
4, 5in50,0.001025,0.575383143,0.4717,0,Acceleration,3,3,0.938995979,0.938290751,1.012155866,0.786662739,0.852781966,0.756273848,0.904940334,0.844770358,0.877095222,0.861307956,0.852726738
4, 5in50,0.001025,0.575383143,0.4717,0,Acceleration,4,1,0.84071863,1.195833989,1.022094282,1.089945226,0.850852622,1.233416607,0.764976929,0.913204351,0.919271214,1.111421745,0.91332343
4, 5in50,0.001025,0.575383143,0.4717,0,Acceleration,4,2,1.203865013,1.16135653,1.275274331,0.904464501,1.33947292,0.836006047,1.31657448,1.373321018,1.399215002,1.007933646,1.172354632
4, 5in50,0.001025,0.575383143,0.4717,0,Acceleration,4,3,1.218108658,1.663240698,1.426479274,1.120294715,1.351031871,1.251802537,1.365763733,1.491912953,1.421260169,1.27170074,1.187687776
4, 5in50,0.001025,0.575383143,0.4717,0,Peak Floor Velocity,0,1,13.65569113,20.74582928,21.40227631,22.51826186,25.40484931,20.24579259,14.56757857,23.91983984,9.405328837,10.82963222,10.21006572
4, 5in50,0.001025,0.575383143,0.4717,0,Peak Floor Velocity,0,2,24.2342919,20.50494715,15.58396558,26.49063828,43.58570155,10.74045282,17.24183415,14.62146603,18.94692131,14.82404205,14.22990995
4, 5in50,0.001025,0.575383143,0.4717,0,Peak Floor Velocity,0,3,25.96317997,21.41690494,23.02261425,27.21876041,46.47967823,20.28142488,17.27965705,26.61108654,19.23507621,18.27848255,14.27248778
4, 5in50,0.001025,0.575383143,0.4717,0,Peak Floor Velocity,1,1,15.58768695,31.02002787,25.94571218,24.32564394,30.51220629,29.21320191,19.71215853,32.15399967,15.4891405,14.64450058,19.70843635
4, 5in50,0.001025,0.575383143,0.4717,0,Peak Floor Velocity,1,2,30.1372126,31.09253397,24.08170689,34.026693,46.84435044,13.57528045,25.99305754,25.68779924,25.28070902,25.44690145,20.89472918
4, 5in50,0.001025,0.575383143,0.4717,0,Peak Floor Velocity,1,3,31.63840922,31.56601112,33.26110427,35.82872952,52.72773807,30.06940049,26.02608523,32.41335061,25.28275147,28.98940855,28.40367611
4, 5in50,0.001025,0.575383143,0.4717,0,Peak Floor Velocity,2,1,20.8234474,34.10055143,35.54001087,28.08126178,34.30970012,33.90457377,23.81973547,36.99845186,21.87141452,21.5045188,27.67945867
4, 5in50,0.001025,0.575383143,0.4717,0,Peak Floor Velocity,2,2,33.03482211,37.73456996,27.51286673,39.97663321,52.0300289,20.83315168,34.05235016,33.02323939,29.67718985,33.58779435,27.28918716
4, 5in50,0.001025,0.575383143,0.4717,0,Peak Floor Velocity,2,3,34.23906493,37.75769609,42.94869554,42.19136261,57.82561888,35.11089199,34.7791165,37.07104836,31.94377755,39.83526431,37.11883673
4, 5in50,0.001025,0.575383143,0.4717,0,Peak Floor Velocity,3,1,24.5641758,35.90232088,40.77253407,32.26833737,36.77529654,37.77158983,27.05062463,42.00217515,27.69165447,27.93197633,32.03679823
4, 5in50,0.001025,0.575383143,0.4717,0,Peak Floor Velocity,3,2,40.33384732,43.83549594,35.19596175,44.33441213,56.68592996,25.94482054,42.24600311,38.82357302,33.08958638,39.5293773,32.30562892
4, 5in50,0.001025,0.575383143,0.4717,0,Peak Floor Velocity,3,3,40.76741978,43.90651725,47.08805999,46.79831728,61.30492611,39.49610196,42.40388979,42.36645291,39.35766666,47.170264,42.6940758
4, 5in50,0.001025,0.575383143,0.4717,0,Peak Floor Velocity,4,1,27.599432,44.28757706,44.43174073,35.77137224,38.78340647,46.5176559,30.32308045,44.96971706,31.44020083,34.98921198,34.83286527
4, 5in50,0.001025,0.575383143,0.4717,0,Peak Floor Velocity,4,2,46.30392051,48.91650935,44.13453566,47.03504371,61.54352512,29.06675831,48.78305818,44.78993441,41.4258092,45.38074653,36.30324264
4, 5in50,0.001025,0.575383143,0.4717,0,Peak Floor Velocity,4,3,47.52539091,48.92261152,56.04081128,49.59771058,63.36458912,47.60583891,48.8268703,47.07134222,47.44600091,53.92595346,45.82089931
5, 2in50,0.000404,0.775224802,0.4717,0,Story Drift Ratio,1,1,0.009643231,0.014338677,0.015100299,0.012386369,0.011663213,0.017851423,0.007752065,0.011887809,0.008203985,0.01298492,0.013768879
5, 2in50,0.000404,0.775224802,0.4717,0,Story Drift Ratio,1,2,0.011858435,0.015219809,0.015903419,0.010239758,0.010650054,0.008794446,0.012187026,0.012206469,0.016791614,0.012891365,0.013517156
5, 2in50,0.000404,0.775224802,0.4717,0,Story Drift Ratio,1,3,0.015284449,0.02091029,0.021930294,0.016070929,0.015794119,0.019900141,0.014443619,0.017038717,0.018688597,0.018297417,0.019294961
5, 2in50,0.000404,0.775224802,0.4717,0,Story Drift Ratio,2,1,0.010833099,0.013382804,0.012829652,0.01169623,0.011073684,0.017325275,0.00731823,0.010530524,0.007177587,0.01146726,0.012908805
5, 2in50,0.000404,0.775224802,0.4717,0,Story Drift Ratio,2,2,0.011940775,0.012639025,0.01233406,0.008997294,0.009304227,0.007963825,0.011126712,0.010332825,0.012288759,0.010174161,0.01072143
5, 2in50,0.000404,0.775224802,0.4717,0,Story Drift Ratio,2,3,0.016122597,0.018407726,0.017796882,0.014756459,0.014463579,0.019067974,0.013317666,0.014753278,0.01423135,0.015330088,0.016780534
5, 2in50,0.000404,0.775224802,0.4717,0,Story Drift Ratio,3,1,0.006597938,0.009587944,0.00738413,0.006752332,0.006786884,0.00958409,0.004406373,0.006619727,0.00428595,0.005756438,0.007201561
5, 2in50,0.000404,0.775224802,0.4717,0,Story Drift Ratio,3,2,0.007912023,0.006826526,0.007086989,0.005769797,0.006479086,0.005155867,0.007439876,0.006237115,0.006934142,0.006569518,0.006634581
5, 2in50,0.000404,0.775224802,0.4717,0,Story Drift Ratio,3,3,0.010302082,0.011769882,0.010234784,0.008881697,0.009382982,0.01088291,0.008646842,0.009095185,0.008151791,0.008734709,0.009791841
5, 2in50,0.000404,0.775224802,0.4717,0,Story Drift Ratio,4,1,0.0038482,0.005983254,0.003835586,0.004290649,0.003508143,0.004591739,0.00273977,0.003702462,0.002596476,0.00369424,0.00357708
5, 2in50,0.000404,0.775224802,0.4717,0,Story Drift Ratio,4,2,0.003950026,0.003368668,0.003506922,0.003214233,0.003976257,0.002996488,0.00369542,0.003244583,0.0038425,0.003758684,0.003905218
5, 2in50,0.000404,0.775224802,0.4717,0,Story Drift Ratio,4,3,0.005514649,0.006866386,0.005197136,0.00536106,0.005302611,0.005482975,0.004600269,0.004922961,0.00463751,0.00527021,0.005295869
5, 2in50,0.000404,0.775224802,0.4717,0,Building Residual Drift,1,1,0.002835065,0.005089511,0.006570801,0.00298238,0.002983505,0.002696043,0.000975547,8.65E-05,0.001167618,0.004177497,3.51E-05
5, 2in50,0.000404,0.775224802,0.4717,0,Building Residual Drift,1,2,0.003266927,0.005299432,0.004303723,0.001272971,0.002224195,2.06E-04,1.37E-03,0.000613212,0.004458256,0.003752501,0.003666464
5, 2in50,0.000404,0.775224802,0.4717,0,Building Residual Drift,1,3,0.004325553,0.007347591,0.007854773,0.003242691,0.003721337,0.002703938,0.001679251,0.000619278,0.00460862,0.005615403,0.003666632
5, 2in50,0.000404,0.775224802,0.4717,0,Building Residual Drift,2,1,0.001715418,0.005081747,0.003358575,0.002171498,0.00148834,0.001915699,0.000830803,0.000866915,0.000987949,0.002771964,1.87E-03
5, 2in50,0.000404,0.775224802,0.4717,0,Building Residual Drift,2,2,1.70E-03,0.002014223,0.002083268,4.16E-04,3.58E-04,0.000288528,0.001066073,2.20E-04,2.59E-03,1.80E-03,0.001340972
5, 2in50,0.000404,0.775224802,0.4717,0,Building Residual Drift,2,3,0.002418503,0.005466375,0.003952218,0.002210901,0.001530718,0.001937306,0.001351572,0.000894394,0.002776098,0.003304808,0.002301911
5, 2in50,0.000404,0.775224802,0.4717,0,Building Residual Drift,3,1,0.001111185,0.003431773,0.001417085,0.001210351,0.00064171,0.001371923,3.51E-04,0.000296589,4.37E-04,0.001044109,1.26E-03
5, 2in50,0.000404,0.775224802,0.4717,0,Building Residual Drift,3,2,0.000995793,0.000714324,0.000518839,0.00019432,0.000170514,0.000320124,0.000723429,0.000170144,0.000949335,0.000601451,5.97E-04
5, 2in50,0.000404,0.775224802,0.4717,0,Building Residual Drift,3,3,0.001492091,0.003505328,0.00150908,0.001225851,0.000663978,0.001408777,0.000803914,0.000341927,0.001045218,0.001204951,0.001396395
5, 2in50,0.000404,0.775224802,0.4717,0,Building Residual Drift,4,1,3.04E-04,0.001565986,5.02E-04,4.31E-04,0.000200028,0.00089167,9.96E-05,7.60E-05,1.02E-04,2.64E-04,4.22E-04
5, 2in50,0.000404,0.775224802,0.4717,0,Building Residual Drift,4,2,0.000525439,1.69E-04,3.56E-05,0.000128281,0.000233492,3.37E-04,0.000423864,0.000144428,0.000480702,0.00011148,0.000439171
5, 2in50,0.000404,0.775224802,0.4717,0,Building Residual Drift,4,3,0.000607084,0.00157509,0.000502988,0.000450135,0.000307457,0.000953122,0.000435408,0.000163204,0.000491452,0.000286318,0.00060883
5, 2in50,0.000404,0.775224802,0.4717,0,Acceleration,0,1,0.581254045,0.473786956,0.631530618,0.671584161,0.492165358,0.624749274,0.304292077,0.598926136,0.32568447,0.385375903,0.36957908
5, 2in50,0.000404,0.775224802,0.4717,0,Acceleration,0,2,0.612126651,0.533985095,0.860507724,0.38548906,0.538792353,0.402243422,0.449473413,0.407200146,0.666248057,0.46283195,0.406897153
5, 2in50,0.000404,0.775224802,0.4717,0,Acceleration,0,3,0.844129908,0.615112858,0.879464395,0.672491295,0.6217493,0.626552506,0.450402871,0.639828701,0.721719409,0.567635248,0.407488998
5, 2in50,0.000404,0.775224802,0.4717,0,Acceleration,1,1,0.509332006,0.96332638,0.516205595,0.712503558,0.666616719,0.780207107,0.449498677,0.63429665,0.411909667,0.658756245,0.570863017
5, 2in50,0.000404,0.775224802,0.4717,0,Acceleration,1,2,0.731554442,0.598628696,0.789083782,0.624799741,0.945978658,0.559035062,0.685144984,0.738227586,0.882395655,0.596023517,0.700443409
5, 2in50,0.000404,0.775224802,0.4717,0,Acceleration,1,3,0.801314349,0.989685659,0.845950302,0.851083645,0.953776668,0.83746588,0.697666376,0.790027303,0.892779339,0.76912892,0.806857365
5, 2in50,0.000404,0.775224802,0.4717,0,Acceleration,2,1,0.569381784,0.931516189,0.679145603,0.644899448,0.635086943,0.745549607,0.477380745,0.7455483,0.456811249,0.738897892,0.656726139
5, 2in50,0.000404,0.775224802,0.4717,0,Acceleration,2,2,0.789751554,0.853791672,0.823873506,0.770961669,0.864928128,0.653770612,0.90885156,0.863995738,0.873315833,0.719753767,0.80338098
5, 2in50,0.000404,0.775224802,0.4717,0,Acceleration,2,3,0.808689275,0.97657316,0.850806496,0.789938449,0.9115363,0.895475385,0.922224614,0.87235549,0.894396441,0.786411636,0.867041269
5, 2in50,0.000404,0.775224802,0.4717,0,Acceleration,3,1,0.7689769,0.860825895,0.741677583,0.784910822,0.760029963,0.853120588,0.602317257,0.737665091,0.532391506,0.747763904,0.719033019
5, 2in50,0.000404,0.775224802,0.4717,0,Acceleration,3,2,1.054741526,0.823508466,1.004389156,0.836420304,0.877536303,0.742597682,0.979065324,0.91685773,0.917418798,0.915533128,0.943219407
5, 2in50,0.000404,0.775224802,0.4717,0,Acceleration,3,3,1.086993854,1.053895227,1.015787311,0.974400462,0.945359826,0.88464615,1.011372453,0.977724824,0.938308805,1.04502207,1.011171469
5, 2in50,0.000404,0.775224802,0.4717,0,Acceleration,4,1,1.158614674,1.712524587,1.154626667,1.427610849,1.143697618,1.369132592,0.893085776,1.237985701,0.887775233,1.428200224,1.125415555
5, 2in50,0.000404,0.775224802,0.4717,0,Acceleration,4,2,1.524557397,1.307077631,1.645060028,1.218406217,1.657653511,1.321995635,1.470695504,1.601522535,1.649260302,1.437010119,1.493634009
5, 2in50,0.000404,0.775224802,0.4717,0,Acceleration,4,3,1.53487168,2.037414443,1.849631493,1.570560612,1.671186539,1.630911779,1.632679127,1.881219049,1.656685887,1.750391561,1.559658928
5, 2in50,0.000404,0.775224802,0.4717,0,Peak Floor Velocity,0,1,19.05685805,29.75860478,39.82806252,39.30123394,35.9478956,29.98124676,17.8940884,33.35494135,19.38029739,12.48880884,15.14537078
5, 2in50,0.000404,0.775224802,0.4717,0,Peak Floor Velocity,0,2,35.82640116,30.3598837,44.943963,33.29242045,61.18429308,15.43662894,23.65635562,22.62116571,26.03630024,26.26808415,21.10186105
5, 2in50,0.000404,0.775224802,0.4717,0,Peak Floor Velocity,0,3,36.4021081,31.62058191,59.0129446,40.27728013,65.37130999,30.03654788,23.72897646,37.6450893,27.58987531,27.405651,21.28705199
5, 2in50,0.000404,0.775224802,0.4717,0,Peak Floor Velocity,1,1,21.84909335,41.13222101,44.75483943,46.8552917,44.92205513,40.16533667,21.94454118,43.26158844,20.1894935,16.79007728,22.01550334
5, 2in50,0.000404,0.775224802,0.4717,0,Peak Floor Velocity,1,2,46.32553667,41.38152525,56.85276154,42.3623916,63.70334828,21.34074463,35.56482279,30.78015436,33.40338135,37.57701857,28.8105871
5, 2in50,0.000404,0.775224802,0.4717,0,Peak Floor Velocity,1,3,46.67489863,41.56788066,70.6997617,49.13458959,67.99627761,41.23199525,35.89954581,44.38494638,33.99790084,41.05613301,35.62708271
5, 2in50,0.000404,0.775224802,0.4717,0,Peak Floor Velocity,2,1,28.32712015,44.36914215,48.8088545,48.39802893,50.9936878,46.19683355,25.22514079,48.34484835,24.30998955,23.16001532,29.16921033
5, 2in50,0.000404,0.775224802,0.4717,0,Peak Floor Velocity,2,2,51.34609274,48.71441652,63.35586665,50.03663364,61.8247505,25.27179639,44.40964276,37.8861664,43.46388583,44.51831404,37.2836813
5, 2in50,0.000404,0.775224802,0.4717,0,Peak Floor Velocity,2,3,51.55283272,48.75628601,79.16542775,57.08622152,71.73354078,47.73924416,44.88431109,49.14858632,45.71442117,49.70312014,43.72006921
5, 2in50,0.000404,0.775224802,0.4717,0,Peak Floor Velocity,3,1,33.08132026,46.79538868,52.16178919,51.75247821,55.69251267,45.87901878,27.75005071,56.84572229,27.16403734,32.79995879,32.02023502
5, 2in50,0.000404,0.775224802,0.4717,0,Peak Floor Velocity,3,2,54.0831634,54.29073001,68.97827355,56.46030367,68.98611176,28.97969659,49.64866997,44.26428325,53.55854708,49.00216341,48.06455656
5, 2in50,0.000404,0.775224802,0.4717,0,Peak Floor Velocity,3,3,54.09886897,54.30190218,83.14113135,62.70841176,75.99759805,48.7613975,50.08293029,57.29128445,55.09665779,55.18760173,53.52597733
5, 2in50,0.000404,0.775224802,0.4717,0,Peak Floor Velocity,4,1,36.83446332,57.71065515,56.23613125,56.29143295,59.74140152,54.01873013,31.10080695,61.5611182,30.14624979,38.6911067,35.99325781
5, 2in50,0.000404,0.775224802,0.4717,0,Peak Floor Velocity,4,2,57.60915568,59.40219334,74.77197419,60.49083923,77.46419749,34.16887363,54.17805596,52.07114767,62.95681227,51.60441182,55.23716335
5, 2in50,0.000404,0.775224802,0.4717,0,Peak Floor Velocity,4,3,57.63129056,59.52433214,88.05772704,66.42163443,81.46241193,58.2975885,54.64647066,63.85923813,63.89858271,58.11878805,61.23029388
