Building Name: C1-M (MC) - Soil D,,,,,,,,,,,,,,,,,,,
Description,,"	",  Usage,School,,,,,,,,,,,,,,,
Latitude,14.55036,"	", Median Collapse Sa(g),1.717,,,,,,,,,,,,,,,
Longitude,121.00892,"	", Beta Collapse,0.171,,,,,,,,,,,,,,,
Number of Stories,3,,,,,,,,,,,,,,,,,,
Floor Area (sq.ft.),9857,,,,,,,,,,,,,,,,,,
,,,,,,,,,,,,,,,,,,,
Intensity, Intensity Description, MAFE, Sa, BetaM, BetaGM, EDP Type, Storey, Direction,EQ1,EQ2,EQ3,EQ4,EQ5,EQ6,EQ7,EQ8,EQ9,EQ10,EQ11
1, 63in50,0.02,0.408895397,0.566,0,Story Drift Ratio,1,1,0.008023375,0.005474817,0.004826972,0.00565641,0.007230367,0.006953876,0.005638963,0.005113204,0.004072008,0.00633588,0.007923157
1, 63in50,0.02,0.408895397,0.566,0,Story Drift Ratio,1,2,0.005594787,0.003677364,0.002888236,0.004744853,0.002782756,0.003645102,0.003997158,0.002604859,0.00574798,0.003452255,0.003610094
1, 63in50,0.02,0.408895397,0.566,0,Story Drift Ratio,1,3,0.00978142,0.006595197,0.005625084,0.007382994,0.007747383,0.007851316,0.006911959,0.005738479,0.007044183,0.007215362,0.008706848
1, 63in50,0.02,0.408895397,0.566,0,Story Drift Ratio,2,1,0.00469973,0.002922946,0.002411569,0.003072096,0.003850831,0.003948777,0.003184523,0.002677737,0.002164215,0.00354363,0.00431873
1, 63in50,0.02,0.408895397,0.566,0,Story Drift Ratio,2,2,0.002609635,0.001914353,0.001682103,0.002517982,0.001419159,0.00191788,0.002098897,0.001465476,0.002598659,0.001830622,0.001760038
1, 63in50,0.02,0.408895397,0.566,0,Story Drift Ratio,2,3,0.005375654,0.003494046,0.002940262,0.003972154,0.004104012,0.004389887,0.003813994,0.003052523,0.003381842,0.003988545,0.004663599
1, 63in50,0.02,0.408895397,0.566,0,Story Drift Ratio,3,1,0.002425867,0.00148804,0.001585302,0.001684318,2.09E-03,0.002011931,0.00164908,0.001472034,1.14E-03,1.73E-03,0.002156314
1, 63in50,0.02,0.408895397,0.566,0,Story Drift Ratio,3,2,0.001023484,0.000854069,0.000780664,0.001093028,0.000562312,8.32E-04,0.001080473,0.000630994,0.000936247,9.33E-04,0.000852948
1, 63in50,0.02,0.408895397,0.566,0,Story Drift Ratio,3,3,0.002632936,0.001715721,0.001767094,0.002007894,0.002163574,0.002177043,0.001971519,0.001601573,0.001478607,1.97E-03,0.002318882
1, 63in50,0.02,0.408895397,0.566,0,Building Residual Drift,1,1,0.000197826,0.00024183,2.27374E-05,6.44E-05,2.57E-05,2.87E-05,2.84E-04,4.10E-05,2.12E-05,0.000111736,0.000498924
1, 63in50,0.02,0.408895397,0.566,0,Building Residual Drift,1,2,0.0003025,3.04071E-05,6.68E-07,1.80E-05,2.58E-06,1.11E-04,1.03803E-05,1.34E-06,0.000143884,8.13E-06,1.35E-04
1, 63in50,0.02,0.408895397,0.566,0,Building Residual Drift,1,3,0.000361443,0.000243734,2.27472E-05,6.68E-05,2.58E-05,0.000114501,0.000284065,4.10E-05,0.000145438,0.000112032,0.000516978
1, 63in50,0.02,0.408895397,0.566,0,Building Residual Drift,2,1,1.13E-04,0.000110259,1.55E-05,7.39E-05,2.55E-05,1.52E-04,1.63E-04,3.21E-05,2.77E-05,1.23E-04,1.45E-04
1, 63in50,0.02,0.408895397,0.566,0,Building Residual Drift,2,2,1.85E-04,8.74E-06,1.38E-06,1.77E-05,1.48E-06,8.71E-06,5.22634E-06,1.79E-06,1.30E-04,4.69E-06,3.99E-05
1, 63in50,0.02,0.408895397,0.566,0,Building Residual Drift,2,3,2.16E-04,0.000110605,1.55E-05,7.60E-05,2.55E-05,1.52E-04,0.000162974,3.21E-05,1.33E-04,1.23E-04,1.50E-04
1, 63in50,0.02,0.408895397,0.566,0,Building Residual Drift,3,1,9.72E-06,7.12E-05,9.24E-06,5.77E-06,7.14E-06,1.67E-05,8.52E-05,1.15E-05,5.00E-06,1.03E-05,1.40E-05
1, 63in50,0.02,0.408895397,0.566,0,Building Residual Drift,3,2,1.56E-05,1.79E-05,1.55E-05,1.55E-05,1.59E-05,1.48E-05,1.58E-05,1.55E-05,1.58E-05,1.70E-05,1.11E-05
1, 63in50,0.02,0.408895397,0.566,0,Building Residual Drift,3,3,1.84E-05,7.35E-05,1.80E-05,1.66E-05,1.75E-05,2.23E-05,8.67E-05,1.93E-05,1.66E-05,1.99E-05,1.78E-05
1, 63in50,0.02,0.408895397,0.566,0,Acceleration,0,1,1.72E-01,0.22553039,2.28E-01,1.76E-01,0.254089849,0.236067981,2.03E-01,2.10E-01,2.00E-01,1.67E-01,1.79E-01
1, 63in50,0.02,0.408895397,0.566,0,Acceleration,0,2,2.43E-01,1.76E-01,1.79E-01,1.55E-01,1.63E-01,0.264149874,0.125212674,1.86E-01,0.321131453,1.82E-01,1.35E-01
1, 63in50,0.02,0.408895397,0.566,0,Acceleration,0,3,2.50E-01,0.226396789,2.38E-01,2.07E-01,0.267716725,0.325250419,0.209743984,0.255388954,0.327608744,0.199930764,0.190517505
1, 63in50,0.02,0.408895397,0.566,0,Acceleration,1,1,4.73E-01,0.335942526,3.43E-01,3.31E-01,0.472616846,0.37536344,3.06E-01,3.18E-01,2.41E-01,3.61E-01,4.50E-01
1, 63in50,0.02,0.408895397,0.566,0,Acceleration,1,2,5.02E-01,3.86E-01,3.33E-01,4.90E-01,3.16E-01,4.59E-01,3.79E-01,3.14E-01,5.38E-01,3.98E-01,3.54E-01
1, 63in50,0.02,0.408895397,0.566,0,Acceleration,1,3,5.36E-01,0.483348186,4.20E-01,4.91E-01,0.473746554,0.528049219,0.387429729,3.30E-01,5.76E-01,5.01E-01,0.474877737
1, 63in50,0.02,0.408895397,0.566,0,Acceleration,2,1,0.601137474,0.422928974,0.360264736,0.430008732,0.526729765,0.549632141,0.43708108,0.382755018,0.305952732,0.48544131,0.57432314
1, 63in50,0.02,0.408895397,0.566,0,Acceleration,2,2,0.594182603,0.503086753,0.430748338,0.58435486,0.366365022,0.481934461,0.52639006,0.3775231,0.616320132,0.442584167,0.455150777
1, 63in50,0.02,0.408895397,0.566,0,Acceleration,2,3,0.625595979,0.626849226,0.504757681,0.585873245,0.533187803,0.587987976,0.541993596,0.443352616,0.634937124,0.596984816,0.677957831
1, 63in50,0.02,0.408895397,0.566,0,Acceleration,3,1,0.798100567,0.488687321,0.565996953,0.55508661,0.693036019,0.672592191,0.538908791,0.489514872,0.357106483,0.562597202,0.702158071
1, 63in50,0.02,0.408895397,0.566,0,Acceleration,3,2,0.875076758,0.750656134,0.659141389,0.974331336,0.422080844,0.756476523,0.895767304,0.513457189,0.924944124,0.826041194,0.720961293
1, 63in50,0.02,0.408895397,0.566,0,Acceleration,3,3,0.890671749,0.820760819,0.704811903,0.975254768,0.6931488,0.810784283,0.917533905,0.595826217,0.924948226,0.948882051,0.933053014
1, 63in50,0.02,0.408895397,0.566,0,Peak Floor Velocity,0,1,11.10520681,24.60580554,13.34390396,5.998215741,13.4036624,12.21518783,16.21338615,19.14399296,9.651474056,9.950631375,6.15650917
1, 63in50,0.02,0.408895397,0.566,0,Peak Floor Velocity,0,2,13.64264516,6.996755162,8.675252225,20.67185608,9.831749992,11.35409499,16.52986412,14.72321523,10.30862592,8.823466854,5.536352042
1, 63in50,0.02,0.408895397,0.566,0,Peak Floor Velocity,0,3,17.59111666,25.05571998,13.46152956,21.05774193,13.61611061,15.4256252,21.96199119,20.88836854,13.04058113,12.06371514,6.345542833
1, 63in50,0.02,0.408895397,0.566,0,Peak Floor Velocity,1,1,18.89053038,28.9334442,15.08236261,11.76142698,19.95159622,18.07575909,24.45202164,23.95804503,12.79548854,18.32604581,17.24967457
1, 63in50,0.02,0.408895397,0.566,0,Peak Floor Velocity,1,2,18.88259953,11.51648761,10.97002207,23.29715681,14.10151546,16.22796547,18.97348502,16.72583733,20.01768615,12.56189464,11.90826826
1, 63in50,0.02,0.408895397,0.566,0,Peak Floor Velocity,1,3,22.90496761,29.61729229,15.92320318,23.65514286,20.128324,22.65914451,25.72244462,25.65294147,21.70792793,20.24407139,17.57299992
1, 63in50,0.02,0.408895397,0.566,0,Peak Floor Velocity,2,1,24.96507477,30.7795319,15.26218314,15.64498085,25.13158993,2.08E+01,27.93473889,26.02106324,1.39E+01,2.27E+01,22.50976692
1, 63in50,0.02,0.408895397,0.566,0,Peak Floor Velocity,2,2,20.75476302,14.5460289,13.1708831,27.18951068,16.45342341,18.31461621,21.31141304,1.94E+01,21.81902363,14.48730335,14.30791248
1, 63in50,0.02,0.408895397,0.566,0,Peak Floor Velocity,2,3,25.65851637,33.01278312,16.3976168,27.5054027,25.20333382,25.51325187,28.84425036,28.1097236,23.15219636,25.58094685,22.8257333
1, 63in50,0.02,0.408895397,0.566,0,Peak Floor Velocity,3,1,28.14870926,32.68948835,17.25462999,18.316864,28.66500605,2.23E+01,30.18471094,27.09648972,1.54E+01,25.46338435,26.3209429
1, 63in50,0.02,0.408895397,0.566,0,Peak Floor Velocity,3,2,22.07100675,16.33562034,15.0443558,30.4579354,1.80E+01,20.83347003,22.38709842,21.99285609,23.47156633,17.2040529,15.71297435
1, 63in50,0.02,0.408895397,0.566,0,Peak Floor Velocity,3,3,28.71791279,36.28806597,19.29902252,30.75668154,28.74498418,26.99823454,30.95595452,29.15788734,24.2836586,28.93726856,26.44650107
2,30in50,0.005625,0.572480601,0.566,0,Story Drift Ratio,1,1,0.011425037,0.006509157,0.006897363,0.007421921,0.010872046,0.008385974,0.007615199,0.006704683,0.006031403,0.007803708,0.007303536
2,30in50,0.005625,0.572480601,0.566,0,Story Drift Ratio,1,2,0.011581251,0.005111621,0.003865901,0.004885362,0.004208311,0.006777951,0.005143094,0.004309544,0.007511487,0.00587336,0.004224162
2,30in50,0.005625,0.572480601,0.566,0,Story Drift Ratio,1,3,0.016268278,0.00827634,0.007906884,0.008885475,0.011658099,0.010782634,0.00918927,0.007970254,0.009633289,0.009766996,0.008437131
2,30in50,0.005625,0.572480601,0.566,0,Story Drift Ratio,2,1,0.005645229,0.003604714,0.003552299,0.00415883,0.005490261,0.00486907,0.004533577,0.003627739,0.003309557,0.004337891,0.004053333
2,30in50,0.005625,0.572480601,0.566,0,Story Drift Ratio,2,2,0.004380067,0.002409542,0.001803792,0.002654639,0.0017737,0.002618315,0.002392095,0.001994038,0.003993952,0.002878399,0.002133594
2,30in50,0.005625,0.572480601,0.566,0,Story Drift Ratio,2,3,0.00714518,0.00433588,0.00398403,0.00493386,0.00576966,0.005528419,0.005125958,0.004139647,0.005186986,0.005206004,0.004580582
2,30in50,0.005625,0.572480601,0.566,0,Story Drift Ratio,3,1,0.002497474,0.001809693,0.001929004,0.002066627,0.002410896,0.002303739,0.002110742,0.001902502,0.001658373,0.002233207,0.001884066
2,30in50,0.005625,0.572480601,0.566,0,Story Drift Ratio,3,2,0.001293576,0.001067837,0.000938864,0.001219096,0.000774393,0.001187866,0.001049228,0.000940953,0.001257936,0.001131343,0.000999075
2,30in50,0.005625,0.572480601,0.566,0,Story Drift Ratio,3,3,0.0028126,0.002101253,0.002145349,0.002399405,0.002532214,0.002591957,0.002357141,0.002122476,0.002081491,0.002503428,0.00213257
2,30in50,0.005625,0.572480601,0.566,0,Building Residual Drift,1,1,0.001648689,0.000577562,0.000151993,1.43E-04,8.35E-04,1.27E-03,0.000895303,1.64048E-05,0.000261433,1.25E-04,0.00032442
2,30in50,0.005625,0.572480601,0.566,0,Building Residual Drift,1,2,3.76E-03,0.000663599,1.06263E-05,4.13E-05,5.88E-04,0.001289882,0.000246462,1.40567E-05,0.001051092,0.000354782,2.15E-04
2,30in50,0.005625,0.572480601,0.566,0,Building Residual Drift,1,3,0.004106329,0.000879739,0.000152364,1.48E-04,1.02E-03,0.001812404,0.000928607,2.16035E-05,0.001083116,0.000376016,0.000388952
2,30in50,0.005625,0.572480601,0.566,0,Building Residual Drift,2,1,5.24E-04,0.000168028,1.42E-04,2.10E-04,4.33E-04,2.06E-04,3.86E-04,2.90E-06,5.24E-05,1.19E-04,9.58E-05
2,30in50,0.005625,0.572480601,0.566,0,Building Residual Drift,2,2,0.000581593,1.74242E-05,9.91E-06,3.06E-05,5.21E-05,5.60E-05,6.20E-05,1.14E-05,6.61E-04,0.00019874,1.51E-05
2,30in50,0.005625,0.572480601,0.566,0,Building Residual Drift,2,3,0.000783147,0.000168929,1.43E-04,2.13E-04,0.00043585,2.14E-04,3.91E-04,1.18E-05,6.63E-04,0.000231689,9.70E-05
2,30in50,0.005625,0.572480601,0.566,0,Building Residual Drift,3,1,6.01E-05,7.04E-05,2.53E-05,1.67E-05,5.99E-05,2.17E-05,1.26E-04,1.42E-05,8.09E-06,1.82E-05,2.05E-05
2,30in50,0.005625,0.572480601,0.566,0,Building Residual Drift,3,2,8.28E-05,2.62E-05,1.76E-05,1.45E-05,1.11E-05,4.94E-06,1.81E-05,1.75E-05,5.70E-05,4.50E-06,2.10E-05
2,30in50,0.005625,0.572480601,0.566,0,Building Residual Drift,3,3,1.02E-04,7.51E-05,3.08E-05,2.21E-05,6.09E-05,2.23E-05,1.27E-04,2.25E-05,5.76E-05,1.87E-05,2.93E-05
2,30in50,0.005625,0.572480601,0.566,0,Acceleration,0,1,0.242889328,0.309544528,0.318299886,0.251211838,0.333710669,0.33700629,0.273092418,0.290746742,0.26613113,0.210648818,0.153750564
2,30in50,0.005625,0.572480601,0.566,0,Acceleration,0,2,0.339402895,0.250970187,0.269438222,0.209596616,0.224762128,0.378337524,0.177120932,0.265654487,0.413189702,0.235809196,0.170757258
2,30in50,0.005625,0.572480601,0.566,0,Acceleration,0,3,0.346978838,0.311522522,0.331178474,0.289207984,0.33815877,0.460148858,0.28118001,0.353124534,0.418545234,0.280259701,0.229776581
2,30in50,0.005625,0.572480601,0.566,0,Acceleration,1,1,0.562164276,0.405384799,0.458094025,0.415600703,0.573773243,0.468003373,0.384534098,0.395078974,0.343578452,0.41784827,0.375813197
2,30in50,0.005625,0.572480601,0.566,0,Acceleration,1,2,0.607172575,0.496359046,0.391683617,0.582366647,0.457939351,0.574774723,0.49051852,0.461642245,0.613272713,0.523746646,0.393981477
2,30in50,0.005625,0.572480601,0.566,0,Acceleration,1,3,0.685867338,0.523148025,0.487971771,0.582440625,0.59123219,0.686751121,0.527339896,0.473348452,0.644922965,0.537479097,0.499980855
2,30in50,0.005625,0.572480601,0.566,0,Acceleration,2,1,0.672660997,0.51737802,4.99E-01,0.550937806,0.648366955,0.590085796,0.57012442,0.504904761,4.46E-01,0.565420208,0.550207717
2,30in50,0.005625,0.572480601,0.566,0,Acceleration,2,2,7.60E-01,0.552295812,0.448884427,0.573448781,0.454583166,0.593431909,0.571048904,0.484362008,0.752275411,0.618027341,0.521756014
2,30in50,0.005625,0.572480601,0.566,0,Acceleration,2,3,0.804558944,0.679790716,0.576686103,0.57872114,0.658572495,0.728400247,0.627444441,0.541842574,0.754612179,0.658118061,0.668971034
2,30in50,0.005625,0.572480601,0.566,0,Acceleration,3,1,0.879211637,0.620789691,6.80E-01,0.694282892,0.81521969,0.747297627,0.683486875,0.642899782,0.545788063,0.766091846,0.619809784
2,30in50,0.005625,0.572480601,0.566,0,Acceleration,3,2,1.17E+00,0.905991372,0.892303587,1.138077207,0.748479573,1.092044883,1.023377452,0.873422805,0.958777932,0.942144822,0.782647152
2,30in50,0.005625,0.572480601,0.566,0,Acceleration,3,3,1.171926343,1.041462879,0.900905529,1.14198768,0.820227989,1.248555965,1.028256116,0.946724101,0.975651189,1.009230445,0.896295293
2,30in50,0.005625,0.572480601,0.566,0,Peak Floor Velocity,0,1,1.53E+01,33.99564611,1.85E+01,9.149648718,17.27814252,18.04234741,22.00143965,26.78322442,13.52317287,13.5890579,7.360807965
2,30in50,0.005625,0.572480601,0.566,0,Peak Floor Velocity,0,2,1.87E+01,10.13281498,12.72345454,27.46288815,1.35E+01,16.20445702,22.59829614,20.35078418,12.78744327,1.36E+01,7.69E+00
2,30in50,0.005625,0.572480601,0.566,0,Peak Floor Velocity,0,3,24.21220225,34.69603748,18.67894134,27.96644786,17.6176815,22.13899889,30.508433,29.45451796,16.46165042,16.17591076,9.839114788
2,30in50,0.005625,0.572480601,0.566,0,Peak Floor Velocity,1,1,2.28E+01,39.38036819,2.13E+01,15.49654784,24.960686,26.66226081,31.70794558,3.35E+01,17.89517255,23.78085746,15.89379406
2,30in50,0.005625,0.572480601,0.566,0,Peak Floor Velocity,1,2,2.66E+01,16.48509345,1.39E+01,30.06598476,2.05E+01,22.22500528,2.86E+01,2.57E+01,2.39E+01,1.92E+01,1.27E+01
2,30in50,0.005625,0.572480601,0.566,0,Peak Floor Velocity,1,3,31.5012605,39.38223658,2.25E+01,30.39234886,26.01824354,32.2597938,33.91155111,3.40E+01,25.28820006,23.7851281,18.8438219
2,30in50,0.005625,0.572480601,0.566,0,Peak Floor Velocity,2,1,27.41548103,41.86620712,21.93048424,21.48392282,29.98848888,30.29314363,35.0853422,36.41230097,19.86101214,28.65058264,20.4256077
2,30in50,0.005625,0.572480601,0.566,0,Peak Floor Velocity,2,2,30.60235839,18.06589538,15.83910881,31.29206655,22.27702159,24.68987067,30.2820785,27.68706843,26.12388715,22.22521894,15.28306747
2,30in50,0.005625,0.572480601,0.566,0,Peak Floor Velocity,2,3,36.46481225,42.20143773,23.42988774,31.62452515,30.00020945,36.16930207,36.71408295,36.79868019,26.95009695,28.65284036,22.82928295
2,30in50,0.005625,0.572480601,0.566,0,Peak Floor Velocity,3,1,29.27955369,43.86292325,23.42284202,24.31238519,35.00136089,33.02974462,37.27903909,37.80541636,22.12343873,31.50829228,22.46398044
2,30in50,0.005625,0.572480601,0.566,0,Peak Floor Velocity,3,2,32.69775053,21.46755164,18.43230803,32.61787346,24.8703834,28.05077247,31.45985618,29.02581744,27.99454999,23.66721198,17.10644148
2,30in50,0.005625,0.572480601,0.566,0,Peak Floor Velocity,3,3,39.90163548,45.7767479,24.43279472,32.70330697,35.02986713,38.54687388,38.64602758,38.12121804,28.58746748,31.5156273,25.00517424
3, 10in50,0.0021,0.813712747,0.566,0,Story Drift Ratio,1,1,0.013708393,0.012052412,0.014213405,0.011688576,0.024211492,0.025704259,0.012965666,0.008344918,0.012893016,0.012826683,0.011436042
3, 10in50,0.0021,0.813712747,0.566,0,Story Drift Ratio,1,2,0.019317212,0.007179381,0.005785295,0.009023737,0.006294281,0.021371396,0.008820381,0.006438991,0.019966543,0.010903138,0.009222868
3, 10in50,0.0021,0.813712747,0.566,0,Story Drift Ratio,1,3,0.023687016,0.01402869,0.0153457,0.014766538,0.025016281,0.033428214,0.015681442,0.010540316,0.023767471,0.016834554,0.014691642
3, 10in50,0.0021,0.813712747,0.566,0,Story Drift Ratio,2,1,0.005871793,0.006574897,0.007883365,0.006796199,0.011169368,0.011313304,0.00705304,0.005938591,0.006947645,0.007732687,0.007032521
3, 10in50,0.0021,0.813712747,0.566,0,Story Drift Ratio,2,2,0.0073865,0.003876133,0.003285562,0.004116843,0.003506991,0.004452849,0.004934822,0.00414466,0.00618832,0.005142375,0.003247628
3, 10in50,0.0021,0.813712747,0.566,0,Story Drift Ratio,2,3,0.009436012,0.007632409,0.00854063,0.007945862,0.011706997,0.012158072,0.00860801,0.007241897,0.009304035,0.009286467,0.007746188
3, 10in50,0.0021,0.813712747,0.566,0,Story Drift Ratio,3,1,0.003906958,0.00355839,0.004018455,0.003577505,0.004498147,0.004812261,0.003749539,0.003661801,0.003594643,0.003817111,0.004054569
3, 10in50,0.0021,0.813712747,0.566,0,Story Drift Ratio,3,2,0.001861997,0.001446472,0.001391929,0.001598527,0.00141899,0.001653324,0.001553623,0.001577218,0.001625915,0.001703648,0.001372194
3, 10in50,0.0021,0.813712747,0.566,0,Story Drift Ratio,3,3,0.004327973,0.003841148,0.004252699,0.003918397,0.004716658,0.005088353,0.004058668,0.003987029,0.003945258,0.004180042,0.004280473
3, 10in50,0.0021,0.813712747,0.566,0,Building Residual Drift,1,1,3.82E-03,0.001856774,0.001641937,0.000495568,0.00947464,1.23E-02,0.000808499,0.000219546,0.00309058,0.001265254,4.72E-04
3, 10in50,0.0021,0.813712747,0.566,0,Building Residual Drift,1,2,0.007484185,0.00103772,0.000970417,0.000631282,0.00057189,0.014674322,0.00206269,0.000328205,0.001816767,0.003865206,0.00165787
3, 10in50,0.0021,0.813712747,0.566,0,Building Residual Drift,1,3,0.008402237,0.002127081,0.001907267,0.000802561,0.009491884,0.019158125,0.002215483,0.000394866,0.003585014,0.004067024,0.001723686
3, 10in50,0.0021,0.813712747,0.566,0,Building Residual Drift,2,1,2.65E-04,0.00046826,1.11E-03,5.02E-04,0.003332118,0.001445559,5.57E-05,0.000336222,7.28E-04,1.00E-03,2.08E-04
3, 10in50,0.0021,0.813712747,0.566,0,Building Residual Drift,2,2,0.001669992,4.71E-04,2.68E-05,7.23437E-05,1.05E-04,0.000830155,8.88E-04,0.00010592,0.001396601,4.36E-04,0.000185053
3, 10in50,0.0021,0.813712747,0.566,0,Building Residual Drift,2,3,0.001690893,0.00066443,0.001112596,0.000507635,0.003333759,0.001666973,0.000889654,0.000352511,0.001574738,0.001090674,0.000278706
3, 10in50,0.0021,0.813712747,0.566,0,Building Residual Drift,3,1,4.66E-05,0.000169359,3.40E-04,7.58E-05,0.000798898,0.000537446,4.96E-05,1.16E-04,1.77E-04,2.58E-04,4.00E-05
3, 10in50,0.0021,0.813712747,0.566,0,Building Residual Drift,3,2,2.31E-04,6.07E-05,2.76E-05,1.78E-05,6.68E-05,1.49E-04,1.04E-04,2.57E-05,1.08E-04,5.24E-05,1.86E-04
3, 10in50,0.0021,0.813712747,0.566,0,Building Residual Drift,3,3,0.000235256,0.000179915,3.41E-04,7.79E-05,0.000801686,0.000557672,1.15E-04,1.19E-04,2.08E-04,2.64E-04,0.000190704
3, 10in50,0.0021,0.813712747,0.566,0,Acceleration,0,1,0.315438036,0.409823796,0.469824152,0.36326106,0.493594266,0.518363307,0.362564834,0.385924436,0.414505646,0.323106074,0.349953342
3, 10in50,0.0021,0.813712747,0.566,0,Acceleration,0,2,0.478997945,0.344644264,0.409585961,0.322903794,0.377055556,0.586314012,0.267385075,0.392827832,0.621912895,0.355598346,0.280074534
3, 10in50,0.0021,0.813712747,0.566,0,Acceleration,0,3,0.489543812,0.414480066,0.488045767,0.42806557,0.502441214,0.74885533,0.379389188,0.514291672,0.633439541,0.401303836,0.371256608
3, 10in50,0.0021,0.813712747,0.566,0,Acceleration,1,1,0.647858645,0.575144624,0.608646851,0.510455724,0.593056057,0.755153397,0.571587797,0.511400598,0.55501444,0.662431221,0.637757061
3, 10in50,0.0021,0.813712747,0.566,0,Acceleration,1,2,0.627435287,0.505008151,0.496889983,0.557982253,0.556694161,0.674405691,0.524637173,0.55031215,0.689279583,0.737568605,0.590444838
3, 10in50,0.0021,0.813712747,0.566,0,Acceleration,1,3,0.663416385,0.666753837,0.610824811,0.585824103,0.596873935,0.775562826,0.600872022,0.55331222,0.736408718,0.779115403,0.79976309
3, 10in50,0.0021,0.813712747,0.566,0,Acceleration,2,1,0.620526021,0.654738783,0.681102154,0.649907951,0.693650299,0.724496034,0.668049033,0.571839331,0.641688006,0.639198643,0.697719565
3, 10in50,0.0021,0.813712747,0.566,0,Acceleration,2,2,0.756535034,0.695141934,0.596509578,0.762674703,0.671388827,0.693179586,0.772139421,0.73328956,0.702334957,0.785863934,0.581786343
3, 10in50,0.0021,0.813712747,0.566,0,Acceleration,2,3,0.764126824,0.721793758,0.688234147,0.76868946,0.699911976,0.758066119,0.778473957,0.735950347,0.731985673,0.786433957,0.754530001
3, 10in50,0.0021,0.813712747,0.566,0,Acceleration,3,1,1.146168422,1.051642087,1.042265557,0.93987198,0.969016078,0.971177363,0.982010577,0.9577002,0.87706971,1.088307641,1.158283051
3, 10in50,0.0021,0.813712747,0.566,0,Acceleration,3,2,0.995320307,0.938999029,0.928707565,1.145949658,1.226544271,1.299836657,1.056400911,1.058143651,1.092681559,1.128117535,0.902633437
3, 10in50,0.0021,0.813712747,0.566,0,Acceleration,3,3,1.249010898,1.343743005,1.044303052,1.165253335,1.22925508,1.303731962,1.139153716,1.062111395,1.125449208,1.2817629,1.21537148
3, 10in50,0.0021,0.813712747,0.566,0,Peak Floor Velocity,0,1,20.7205375,45.84511338,24.90206852,12.90884042,23.1195404,30.44503398,30.04666565,37.56037467,21.02358362,19.89287474,11.84897352
3, 10in50,0.0021,0.813712747,0.566,0,Peak Floor Velocity,0,2,25.59316175,13.97360554,19.27252402,36.09021475,21.93921653,26.41045946,30.67593885,27.69068217,19.90245352,20.16730914,11.16174275
3, 10in50,0.0021,0.813712747,0.566,0,Peak Floor Velocity,0,3,32.92947923,47.26225975,24.93441624,36.63094915,27.99956337,37.10141179,42.34948049,42.02418881,25.73752831,22.80032561,13.81902479
3, 10in50,0.0021,0.813712747,0.566,0,Peak Floor Velocity,1,1,26.60101056,52.09876189,29.87860835,18.64058031,34.5989351,40.04838153,40.85604225,43.14999101,29.39261073,30.18312348,24.57076616
3, 10in50,0.0021,0.813712747,0.566,0,Peak Floor Velocity,1,2,31.3979348,19.64620536,24.32484024,39.86128865,32.82541816,28.66942161,37.61195715,31.74271668,33.47252244,27.00400101,16.72263866
3, 10in50,0.0021,0.813712747,0.566,0,Peak Floor Velocity,1,3,36.03906884,52.26606532,31.03808059,41.92894891,39.0677051,46.60126774,46.22134471,43.49751749,38.43335221,32.81685863,24.57396794
3, 10in50,0.0021,0.813712747,0.566,0,Peak Floor Velocity,2,1,32.42756226,57.74408928,34.50323417,23.57490733,41.56612945,50.11051341,46.67177682,45.09801266,34.70189742,38.68134885,30.20552657
3, 10in50,0.0021,0.813712747,0.566,0,Peak Floor Velocity,2,2,37.3909873,21.88443606,28.51281658,40.511281,35.27658153,29.84362661,41.37231476,32.28452005,37.96517427,31.2857672,19.93727201
3, 10in50,0.0021,0.813712747,0.566,0,Peak Floor Velocity,2,3,42.77945818,57.74879188,36.59056643,43.88628624,41.79450293,54.55347313,52.20983209,45.51895671,44.18835334,39.79714881,30.22531663
3, 10in50,0.0021,0.813712747,0.566,0,Peak Floor Velocity,3,1,42.69830255,61.94918016,39.05804911,29.68443222,47.08817596,56.58498854,51.30061503,47.43359389,36.90955344,46.74611808,34.79278632
3, 10in50,0.0021,0.813712747,0.566,0,Peak Floor Velocity,3,2,39.96728512,24.813555,31.67779097,41.42586132,38.51322078,34.36061875,43.72671505,33.71740843,41.59976761,33.61178453,24.48958707
3, 10in50,0.0021,0.813712747,0.566,0,Peak Floor Velocity,3,3,47.30014327,61.95124625,42.44028708,45.54735568,47.88623908,60.9611149,57.49704761,48.17673865,48.80869852,46.92619442,35.32355025
4, 5in50,0.001025,1.014107268,0.566,0,Story Drift Ratio,1,1,0.014616908,0.031618021,0.01922114,0.016430162,0.02948497,0.031109288,0.014668315,0.013380175,0.024269061,0.017872615,1.48E-02
4, 5in50,0.001025,1.014107268,0.566,0,Story Drift Ratio,1,2,0.012828393,0.011608836,1.56E-02,1.37E-02,9.92E-03,0.028693719,0.011203291,0.007883373,0.038060524,0.01890764,1.11E-02
4, 5in50,0.001025,1.014107268,0.566,0,Story Drift Ratio,1,3,0.019447922,0.03368181,0.024750995,0.021391533,0.031109421,0.042321594,0.018457334,0.015529864,0.045139681,0.026017863,1.85E-02
4, 5in50,0.001025,1.014107268,0.566,0,Story Drift Ratio,2,1,6.98E-03,0.011393934,0.010078181,0.007958179,0.013383178,0.013231866,7.44E-03,7.98E-03,0.01053306,0.009078369,8.09E-03
4, 5in50,0.001025,1.014107268,0.566,0,Story Drift Ratio,2,2,0.006297135,0.003771635,5.74E-03,4.71E-03,4.97E-03,4.90E-03,0.005312919,0.004329282,0.006249149,5.91E-03,5.18E-03
4, 5in50,0.001025,1.014107268,0.566,0,Story Drift Ratio,2,3,0.009402415,0.012001957,0.011598727,0.009249772,0.014275579,0.014108361,0.009142497,0.009079682,0.012247335,0.010832027,9.61E-03
4, 5in50,0.001025,1.014107268,0.566,0,Story Drift Ratio,3,1,0.004272229,0.004464566,0.004295813,0.004118948,0.004950136,0.005239215,0.004067548,0.004209519,0.005463157,0.004624048,0.004284515
4, 5in50,0.001025,1.014107268,0.566,0,Story Drift Ratio,3,2,0.001748136,0.00155843,0.001464563,0.001527201,0.001798167,0.001577465,0.001953074,0.001517927,0.001975888,0.001850289,0.001738476
4, 5in50,0.001025,1.014107268,0.566,0,Story Drift Ratio,3,3,0.00461605,0.004728748,0.004538607,0.004392958,0.005266617,0.005471541,0.004512144,0.004474835,0.005809494,0.004980501,0.004623782
4, 5in50,0.001025,1.014107268,0.566,0,Building Residual Drift,1,1,0.003412301,0.011951313,0.001333426,0.007239699,0.013037101,1.53E-02,0.000429632,0.003071303,0.013218133,0.00352625,0.001142436
4, 5in50,0.001025,1.014107268,0.566,0,Building Residual Drift,1,2,5.32E-03,0.002414116,0.002240841,0.005713754,0.004134296,0.018865934,0.004254964,0.000252715,0.020020351,0.010765049,0.003753157
4, 5in50,0.001025,1.014107268,0.566,0,Building Residual Drift,1,3,0.006316222,0.012192697,0.002607564,0.00922281,0.01367693,0.024280855,0.0042766,0.003081683,0.023990279,0.011327873,0.003923181
4, 5in50,0.001025,1.014107268,0.566,0,Building Residual Drift,2,1,5.03E-04,0.000588608,0.00194789,0.000700819,0.004639292,0.002563587,0.00114401,0.001788961,0.000530117,8.62E-04,4.39E-04
4, 5in50,0.001025,1.014107268,0.566,0,Building Residual Drift,2,2,0.001317126,3.96E-04,0.001281012,1.34E-04,3.25E-04,0.00122399,0.000328462,2.56E-04,0.001597652,0.000231153,0.00013754
4, 5in50,0.001025,1.014107268,0.566,0,Building Residual Drift,2,3,0.001409902,0.000709281,0.002331366,0.000713543,0.004650692,0.002840797,0.00119023,0.00180719,0.001683305,0.000892014,0.000459869
4, 5in50,0.001025,1.014107268,0.566,0,Building Residual Drift,3,1,6.45E-05,0.00013947,5.90E-04,1.92E-04,1.07E-03,0.000753343,1.68E-04,4.21E-04,0.00031693,2.87E-04,2.96E-05
4, 5in50,0.001025,1.014107268,0.566,0,Building Residual Drift,3,2,1.79E-04,1.35E-04,8.79E-05,9.53E-05,6.15E-05,1.73E-04,7.38E-05,1.17E-05,4.81461E-05,6.75E-05,2.16E-04
4, 5in50,0.001025,1.014107268,0.566,0,Building Residual Drift,3,3,1.91E-04,0.000193957,0.000596857,2.14E-04,0.001067168,0.00077299,1.83E-04,4.21E-04,0.000320566,2.94E-04,0.000217827
4, 5in50,0.001025,1.014107268,0.566,0,Acceleration,0,1,0.416032984,0.689333295,0.572472902,0.479413975,0.605758663,0.613435207,0.545312432,0.485340317,0.588257087,0.444982638,0.47125792
4, 5in50,0.001025,1.014107268,0.566,0,Acceleration,0,2,0.53560012,0.427625473,0.509940788,0.427629702,0.469258218,0.684050853,0.32018575,0.51010231,0.841879383,0.464269656,0.363293652
4, 5in50,0.001025,1.014107268,0.566,0,Acceleration,0,3,0.541595276,0.696336088,0.60235891,0.54153249,0.610044756,0.862381772,0.580269504,0.681118426,0.864310448,0.545013298,0.4940861
4, 5in50,0.001025,1.014107268,0.566,0,Acceleration,1,1,0.664026034,0.670726827,0.5706058,0.5605881,0.60227153,0.881832504,0.694709719,0.615001211,0.769475543,0.676777871,0.679983504
4, 5in50,0.001025,1.014107268,0.566,0,Acceleration,1,2,0.6132146,0.635746316,0.602465825,0.651751357,0.602234747,0.644547519,0.637196583,0.585981796,0.72263252,0.664446867,0.629916842
4, 5in50,0.001025,1.014107268,0.566,0,Acceleration,1,3,0.665693573,0.807504007,0.671507306,0.662770697,0.692541022,0.919844692,0.715546092,0.624937465,0.859190801,0.722216709,0.783691936
4, 5in50,0.001025,1.014107268,0.566,0,Acceleration,2,1,0.653131536,0.710949183,0.722184434,0.67038982,0.743383783,0.772234995,0.690580022,0.625737326,0.709390361,0.707431282,0.75994925
4, 5in50,0.001025,1.014107268,0.566,0,Acceleration,2,2,0.725276293,0.667738088,0.763272668,0.70003056,0.819562286,0.721124744,0.819156753,0.734681322,0.825739296,0.80320253,0.766779645
4, 5in50,0.001025,1.014107268,0.566,0,Acceleration,2,3,0.732003331,0.797839081,0.7746139,0.755039475,0.822179375,0.786922548,0.826309906,0.739484897,0.847117662,0.814543707,0.768861767
4, 5in50,0.001025,1.014107268,0.566,0,Acceleration,3,1,1.206548644,1.084773669,0.962903449,1.054225894,1.059052995,1.310213352,1.276970978,1.025883733,1.467683164,1.220306052,1.277513114
4, 5in50,0.001025,1.014107268,0.566,0,Acceleration,3,2,1.050691074,1.132729221,1.076751565,1.097487796,1.162227013,1.14117009,1.278842857,1.127434251,1.445669501,1.254380855,1.219908937
4, 5in50,0.001025,1.014107268,0.566,0,Acceleration,3,3,1.383032462,1.310088698,1.091708746,1.385008313,1.195378701,1.355204085,1.61499001,1.136428361,1.664822608,1.572328922,1.416194313
4, 5in50,0.001025,1.014107268,0.566,0,Peak Floor Velocity,0,1,19.81803017,79.36153517,33.96619027,17.51647306,26.06412513,33.57913446,47.61637831,51.52375156,28.9972661,26.81555405,16.20557742
4, 5in50,0.001025,1.014107268,0.566,0,Peak Floor Velocity,0,2,22.89318565,17.42985428,26.6154572,48.8302435,28.95740109,31.25911909,59.25254036,36.97062086,29.31924486,25.33417236,14.90384913
4, 5in50,0.001025,1.014107268,0.566,0,Peak Floor Velocity,0,3,30.2647212,81.04654938,34.26600623,49.73809099,35.9966321,41.96475035,71.16719394,56.26128446,37.36065484,29.68044747,19.23320366
4, 5in50,0.001025,1.014107268,0.566,0,Peak Floor Velocity,1,1,26.61022202,87.34134739,39.44853787,23.91309046,34.45468813,40.65167709,59.28467983,56.89789439,36.54212315,35.14217269,29.72644039
4, 5in50,0.001025,1.014107268,0.566,0,Peak Floor Velocity,1,2,27.52389841,22.75265714,35.70142689,54.26512664,40.2290784,28.86724338,62.87571197,43.94014609,32.95072768,32.10113658,22.17267877
4, 5in50,0.001025,1.014107268,0.566,0,Peak Floor Velocity,1,3,29.32306549,88.50374283,39.96306835,56.89490568,47.03210476,48.13083219,77.00999999,59.32330468,43.00683774,37.39287474,29.84449411
4, 5in50,0.001025,1.014107268,0.566,0,Peak Floor Velocity,2,1,34.99782786,95.74596992,43.95000911,29.05218069,43.41039772,51.06214964,66.44043435,58.20808085,43.24344584,43.36718749,36.21676075
4, 5in50,0.001025,1.014107268,0.566,0,Peak Floor Velocity,2,2,31.38009704,25.81174501,40.47276189,56.02523221,45.14973864,30.41671448,66.1709971,46.71956767,40.94942466,37.91539317,25.13005331
4, 5in50,0.001025,1.014107268,0.566,0,Peak Floor Velocity,2,3,35.92608079,96.52181602,45.20562883,59.22908381,51.65609412,56.08358734,83.38363999,59.20660495,48.57956187,43.4008987,36.39704162
4, 5in50,0.001025,1.014107268,0.566,0,Peak Floor Velocity,3,1,46.05435664,106.8203769,46.56741658,33.10831131,49.10650421,60.65611051,71.50537107,59.17260161,52.84303109,51.25695322,39.72881167
4, 5in50,0.001025,1.014107268,0.566,0,Peak Floor Velocity,3,2,35.31858433,28.94401057,43.98668021,57.50204894,48.21981053,31.31731732,69.9256423,49.77321392,46.2552395,40.43634312,29.27319929
4, 5in50,0.001025,1.014107268,0.566,0,Peak Floor Velocity,3,3,47.26231618,107.4867701,50.73232809,60.7416097,55.34007354,64.18887875,87.4009375,62.75198082,56.95500529,51.84079692,39.87007806
5, 2in50,0.000404,1.401022143,0.566,0,Story Drift Ratio,1,1,0.025772033,0.047284689,0.030279253,0.02657282,0.035080343,0.051571973,0.040895663,0.035971094,0,0.029101055,0.02553747
5, 2in50,0.000404,1.401022143,0.566,0,Story Drift Ratio,1,2,0.023614045,0.037034713,0.026463535,0.028047869,0.025244337,0.05555667,0.029113542,0.038909726,0,0.025734404,0.025919536
5, 2in50,0.000404,1.401022143,0.566,0,Story Drift Ratio,1,3,0.034954554,0.060061733,0.040213826,0.03863674,0.04321929,0.075803773,0.050200136,0.052989493,0,0.038847535,0.036386601
5, 2in50,0.000404,1.401022143,0.566,0,Story Drift Ratio,2,1,0.009451744,0.012990949,0.013806126,0.009281445,0.01334874,0.014512026,0.013081063,0.010271844,0,0.013694675,0.01084649
5, 2in50,0.000404,1.401022143,0.566,0,Story Drift Ratio,2,2,0.007730438,0.005918388,0.007918199,0.006955987,0.006329824,0.008723536,0.00667757,0.006306863,0,0.006517851,0.00562601
5, 2in50,0.000404,1.401022143,0.566,0,Story Drift Ratio,2,3,0.012210452,0.014275576,0.015915621,0.011598749,0.014773473,0.016932187,0.01468687,0.012053518,0,0.015166624,0.01221877
5, 2in50,0.000404,1.401022143,0.566,0,Story Drift Ratio,3,1,0.004952261,0.004597374,0.005511091,0.003906082,0.004943918,0.004973577,0.004922778,4.29E-03,0,0.004904381,0.004728152
5, 2in50,0.000404,1.401022143,0.566,0,Story Drift Ratio,3,2,0.001780837,0.002101296,0.001793031,0.001589723,0.00188784,0.001946486,0.001815318,0.001800837,0,0.002073522,0.001721611
5, 2in50,0.000404,1.401022143,0.566,0,Story Drift Ratio,3,3,0.005262724,0.005054829,0.005795436,0.00421719,0.005292095,0.005340906,0.005246821,0.004651839,0,0.005324702,0.005031836
5, 2in50,0.000404,1.401022143,0.566,0,Building Residual Drift,1,1,0.004946988,0.005204132,0.00805812,0.017773418,0.008472216,0.037938684,0.008108465,0.025262669,0.00E+00,0.001953479,0.007889289
5, 2in50,0.000404,1.401022143,0.566,0,Building Residual Drift,1,2,1.67E-02,0.026046954,0.004833716,8.03E-03,0.018349497,0.049109731,0.011220345,0.032405045,0,0.004645771,0.019333797
5, 2in50,0.000404,1.401022143,0.566,0,Building Residual Drift,1,3,0.017382303,0.026561755,0.009396707,0.019503994,0.020210949,0.062057308,0.013843531,0.041088799,0,0.005039769,0.020881489
5, 2in50,0.000404,1.401022143,0.566,0,Building Residual Drift,2,1,0.000333517,0.001303477,0.003116146,0.000114226,0.003655631,0.00555064,0.001515721,0.003396469,0,1.69E-03,0.000676378
5, 2in50,0.000404,1.401022143,0.566,0,Building Residual Drift,2,2,0.00087801,0.000924473,0.001211088,5.25E-04,0.000585821,0.005351648,0.002140513,0.001029864,0,0.000467893,9.32E-04
5, 2in50,0.000404,1.401022143,0.566,0,Building Residual Drift,2,3,0.000939221,0.001598031,0.003343217,0.000536847,0.003702273,0.007710366,0.002622824,0.003549172,0,0.001751612,0.001151673
5, 2in50,0.000404,1.401022143,0.566,0,Building Residual Drift,3,1,0.000276063,0.000684755,9.34E-04,9.61385E-05,0.000915379,0.001051393,5.12E-04,0.000844405,0,3.70E-04,0.000216064
5, 2in50,0.000404,1.401022143,0.566,0,Building Residual Drift,3,2,0.000299884,1.67E-04,1.23E-04,2.65412E-05,0.000166628,1.31E-03,0.00036011,0.000325742,0,0.000236588,0.000346163
5, 2in50,0.000404,1.401022143,0.566,0,Building Residual Drift,3,3,0.000407604,0.000704861,9.42E-04,9.97349E-05,0.000930421,0.001676095,0.000626016,0.000905057,0,0.000439446,0.000408059
5, 2in50,0.000404,1.401022143,0.566,0,Acceleration,0,1,0.590929562,0.771808187,0.799148503,0.653205516,0.892354419,0.868770374,0.683157062,0.690086318,0,0.606853833,0.56942722
5, 2in50,0.000404,1.401022143,0.566,0,Acceleration,0,2,0.875835924,0.603594425,0.704548143,0.644572284,0.589900401,1.053903543,0.500669975,0.7116152,0,0.641290079,0.429927173
5, 2in50,0.000404,1.401022143,0.566,0,Acceleration,0,3,0.890567499,0.803361233,0.864250044,0.784725454,0.900348674,1.320813923,0.721383446,0.976004014,0,0.715173417,0.617049251
5, 2in50,0.000404,1.401022143,0.566,0,Acceleration,1,1,0.792450876,0.728526514,0.677631681,0.508325119,0.73723793,0.932345065,0.726072723,0.769618819,0,0.77348781,0.687840675
5, 2in50,0.000404,1.401022143,0.566,0,Acceleration,1,2,0.743317264,0.718642995,0.628741023,0.678204287,0.877489373,0.614008262,0.573028443,0.64957363,0,0.727670236,0.679373134
5, 2in50,0.000404,1.401022143,0.566,0,Acceleration,1,3,0.794982778,0.760670829,0.729356706,0.709965895,0.883350516,1.017019369,0.735788699,0.779314837,0,0.851265802,0.766243089
5, 2in50,0.000404,1.401022143,0.566,0,Acceleration,2,1,0.750003556,0.731188077,0.77996429,0.741806563,0.836975835,0.84470502,0.777703785,0.667967843,0,0.778677716,0.806355185
5, 2in50,0.000404,1.401022143,0.566,0,Acceleration,2,2,0.787641222,0.751750586,0.834022604,0.83554844,0.909473213,0.857740975,0.727863523,0.768397524,0,0.812012498,0.723831406
5, 2in50,0.000404,1.401022143,0.566,0,Acceleration,2,3,0.79014166,0.814359994,0.869874809,0.841400663,0.930460245,0.915564245,0.782786093,0.772554078,0,0.831621282,0.820528446
5, 2in50,0.000404,1.401022143,0.566,0,Acceleration,3,1,1.387873936,1.229662195,1.157374727,1.018194321,1.157366367,1.274835079,1.389155463,1.231259746,0,1.438503248,1.280015142
5, 2in50,0.000404,1.401022143,0.566,0,Acceleration,3,2,1.250070461,1.442491972,1.13385121,1.090060231,1.402865273,1.244603069,1.105844412,1.111445636,0,1.396407532,1.117717703
5, 2in50,0.000404,1.401022143,0.566,0,Acceleration,3,3,1.549373083,1.444269652,1.355801278,1.203470482,1.417589246,1.499071553,1.441115323,1.322605775,0,1.698166205,1.333532252
5, 2in50,0.000404,1.401022143,0.566,0,Peak Floor Velocity,0,1,43.38093076,91.47596496,41.62690706,22.30585846,44.47889471,54.02036956,58.91315026,66.20815804,0,35.71942059,25.5060915
5, 2in50,0.000404,1.401022143,0.566,0,Peak Floor Velocity,0,2,44.7404431,27.45703487,33.61091693,73.18481529,35.9741413,44.85845525,54.35383836,50.27953193,0,35.24205294,23.05593985
5, 2in50,0.000404,1.401022143,0.566,0,Peak Floor Velocity,0,3,62.18853122,92.66443798,42.26981023,74.40842929,45.33147176,63.65056994,73.63567422,79.23140909,0,42.14421376,25.79876536
5, 2in50,0.000404,1.401022143,0.566,0,Peak Floor Velocity,1,1,50.16053612,98.94255198,51.63203372,32.22212987,43.80372896,44.50674349,70.98069775,74.74013698,0,42.07114193,34.02028035
5, 2in50,0.000404,1.401022143,0.566,0,Peak Floor Velocity,1,2,45.17175355,38.16775535,41.78278563,77.28638906,49.4286958,46.96760034,61.62370036,61.77900927,0,37.29510606,30.21445353
5, 2in50,0.000404,1.401022143,0.566,0,Peak Floor Velocity,1,3,64.46376538,99.89462915,52.73091512,79.5218494,56.42907813,54.26355137,82.95523074,85.11879347,0,50.78820516,34.19936797
5, 2in50,0.000404,1.401022143,0.566,0,Peak Floor Velocity,2,1,49.64074364,109.1548677,58.09164808,36.62920748,54.2293413,55.21750543,79.27679,79.09656322,0,50.63637611,40.74091498
5, 2in50,0.000404,1.401022143,0.566,0,Peak Floor Velocity,2,2,48.84120631,39.62609896,46.68881876,78.59992788,54.67503198,50.22798666,63.25369405,68.02527219,0,42.42829994,32.31075123
5, 2in50,0.000404,1.401022143,0.566,0,Peak Floor Velocity,2,3,65.85737839,110.1692826,58.0930154,81.24570663,60.20484833,59.27351957,86.25493161,92.13464127,0,57.00898154,41.11461731
5, 2in50,0.000404,1.401022143,0.566,0,Peak Floor Velocity,3,1,56.11934434,119.2215511,61.47766258,37.66879784,63.92649449,66.49994414,82.55187487,80.83060386,0,55.59458751,45.10698787
5, 2in50,0.000404,1.401022143,0.566,0,Peak Floor Velocity,3,2,51.44989765,42.75074594,48.69804634,79.43161446,57.22493752,51.31446419,65.80522615,70.64263717,0,45.28643315,36.113291
5, 2in50,0.000404,1.401022143,0.566,0,Peak Floor Velocity,3,3,73.71988132,120.2613983,63.30573762,81.65350445,64.88494074,68.39023301,90.35015168,94.69869078,0,60.14183728,46.16226986
