Building Name: C1-M (LC) - Soil C1,,,,,,,,,,,,,,,,,,,
Description,,"	",  Usage,School,,,,,,,,,,,,,,,
Latitude,14.55036,"	", Median Collapse Sa(g),1.112,,,,,,,,,,,,,,,
Longitude,121.00892,"	", Beta Collapse,0.23,,,,,,,,,,,,,,,
Number of Stories,3,,,,,,,,,,,,,,,,,,
Floor Area (sq.ft.),9857,,,,,,,,,,,,,,,,,,
,,,,,,,,,,,,,,,,,,,
Intensity, Intensity Description, MAFE, Sa, BetaM, BetaGM, EDP Type, Storey, Direction,EQ1,EQ2,EQ3,EQ4,EQ5,EQ6,EQ7,EQ8,EQ9,EQ10,EQ11
1, 63in50,0.02,0.272509295,0.566,0,Story Drift Ratio,1,1,0.001923062,0.003232459,0.003077119,0.002970253,0.002814934,0.003532758,0.002194179,0.002466702,0.002091781,0.003567432,0.002905113
1, 63in50,0.02,0.272509295,0.566,0,Story Drift Ratio,1,2,0.003376668,0.002506323,0.001899919,0.002591694,0.001742811,0.002602673,0.00413413,0.003197085,0.003796236,0.002910517,0.003699968
1, 63in50,0.02,0.272509295,0.566,0,Story Drift Ratio,1,3,0.003885878,0.004090287,0.0036164,0.00394199,0.003310777,0.004387971,0.004680326,0.004038065,0.004334392,0.004604093,0.004704194
1, 63in50,0.02,0.272509295,0.566,0,Story Drift Ratio,2,1,0.001464201,0.002551401,0.002257755,0.002333671,0.002133924,0.002617804,0.001727073,0.001835231,0.001606262,0.002859449,0.00227596
1, 63in50,0.02,0.272509295,0.566,0,Story Drift Ratio,2,2,0.002416681,0.00173258,0.001433704,0.001912513,0.001323216,0.001845366,0.00292608,0.002379191,0.002710901,0.002038001,0.00263447
1, 63in50,0.02,0.272509295,0.566,0,Story Drift Ratio,2,3,0.002825639,0.003084069,0.002674502,0.003017238,0.002510883,0.003202854,0.003397753,0.003004766,0.003151042,0.003511396,0.00348144
1, 63in50,0.02,0.272509295,0.566,0,Story Drift Ratio,3,1,0.000875119,0.00154885,0.00117537,0.001325286,1.20E-03,0.001549406,0.000968673,0.001053433,8.65E-04,1.71E-03,0.00134099
1, 63in50,0.02,0.272509295,0.566,0,Story Drift Ratio,3,2,0.001171958,0.000956955,0.000739168,0.000975985,0.000742085,9.47E-04,0.001534526,0.001199062,0.001353428,9.96E-04,0.001258489
1, 63in50,0.02,0.272509295,0.566,0,Story Drift Ratio,3,3,0.001462641,0.001820631,0.001388476,0.001645882,0.001411612,0.00181576,0.001814689,0.00159608,0.001606114,1.98E-03,0.001839035
1, 63in50,0.02,0.272509295,0.566,0,Building Residual Drift,1,1,1.98E-06,1.62E-05,7.40E-06,1.15E-05,5.69E-06,1.36E-06,2.51E-05,2.03E-06,2.18E-06,5.93E-06,7.80E-06
1, 63in50,0.02,0.272509295,0.566,0,Building Residual Drift,1,2,2.16E-06,8.78E-06,1.16E-05,8.11E-06,7.44E-05,6.88E-06,3.09E-05,2.71E-06,6.38E-06,6.93E-06,2.92E-05
1, 63in50,0.02,0.272509295,0.566,0,Building Residual Drift,1,3,2.93E-06,1.84E-05,1.37E-05,1.41E-05,7.46E-05,7.01E-06,3.98E-05,3.39E-06,6.75E-06,9.12E-06,3.03E-05
1, 63in50,0.02,0.272509295,0.566,0,Building Residual Drift,2,1,7.29E-07,1.41E-05,1.85E-05,4.16E-06,1.08E-05,7.38E-06,2.84E-05,6.53E-06,5.13E-06,2.85E-06,1.01E-05
1, 63in50,0.02,0.272509295,0.566,0,Building Residual Drift,2,2,4.95E-06,1.26E-05,1.57E-05,5.47E-06,4.91E-05,8.23E-06,3.09E-05,4.66E-06,1.03E-05,6.30E-06,2.56E-05
1, 63in50,0.02,0.272509295,0.566,0,Building Residual Drift,2,3,5.00E-06,1.89E-05,2.43E-05,6.88E-06,5.03E-05,1.11E-05,4.20E-05,8.02E-06,1.15E-05,6.92E-06,2.75E-05
1, 63in50,0.02,0.272509295,0.566,0,Building Residual Drift,3,1,1.26E-05,1.35E-05,2.02E-05,1.32E-05,1.90E-05,1.51E-05,2.54E-05,1.50E-05,1.66E-05,1.31E-05,1.86E-05
1, 63in50,0.02,0.272509295,0.566,0,Building Residual Drift,3,2,3.54E-06,3.12E-06,3.66E-06,6.38E-06,3.11E-05,2.41E-06,3.17E-06,2.77E-06,3.22E-06,4.08E-06,9.16E-06
1, 63in50,0.02,0.272509295,0.566,0,Building Residual Drift,3,3,1.31E-05,1.38E-05,2.05E-05,1.47E-05,3.64E-05,1.53E-05,2.56E-05,1.53E-05,1.69E-05,1.37E-05,2.07E-05
1, 63in50,0.02,0.272509295,0.566,0,Acceleration,0,1,1.84E-01,0.120146765,1.90E-01,1.65E-01,0.135738466,0.253738954,0.093340339,0.151668168,1.03E-01,1.55E-01,0.129041601
1, 63in50,0.02,0.272509295,0.566,0,Acceleration,0,2,1.72E-01,1.35E-01,2.19E-01,1.26E-01,1.31E-01,0.125873077,0.143930586,1.08E-01,0.201088306,2.42E-01,1.12E-01
1, 63in50,0.02,0.272509295,0.566,0,Acceleration,0,3,2.51E-01,0.174106898,2.30E-01,1.67E-01,0.155522615,0.266225339,0.144685023,0.165515445,0.224363874,0.286366754,0.133865757
1, 63in50,0.02,0.272509295,0.566,0,Acceleration,1,1,1.87E-01,0.307592771,2.85E-01,2.32E-01,0.239099729,0.379219941,0.18609507,0.236272666,1.69E-01,3.10E-01,0.250314542
1, 63in50,0.02,0.272509295,0.566,0,Acceleration,1,2,2.92E-01,2.43E-01,1.93E-01,2.07E-01,1.88E-01,2.42E-01,3.78E-01,2.77E-01,3.27E-01,2.97E-01,3.20E-01
1, 63in50,0.02,0.272509295,0.566,0,Acceleration,1,3,3.04E-01,0.322517224,3.07E-01,2.62E-01,0.278365287,0.392506461,0.394798435,0.343661745,3.39E-01,3.46E-01,0.321959871
1, 63in50,0.02,0.272509295,0.566,0,Acceleration,2,1,0.219163479,0.381794119,0.328681836,0.341995644,0.328878355,0.39117445,0.265901047,0.27615239,0.242395798,0.4539857,0.340853941
1, 63in50,0.02,0.272509295,0.566,0,Acceleration,2,2,0.432465342,0.320219331,0.262719776,0.336320794,0.242888223,0.340736371,0.493458263,0.438995062,0.48356274,0.384320433,0.471371452
1, 63in50,0.02,0.272509295,0.566,0,Acceleration,2,3,0.445167447,0.431361428,0.348874843,0.407286957,0.328959729,0.455204899,0.512577513,0.481897261,0.505359984,0.45482444,0.477970203
1, 63in50,0.02,0.272509295,0.566,0,Acceleration,3,1,0.32968755,0.591942118,0.42642728,0.474568521,0.455805775,0.65622498,0.347505584,0.384774376,0.298651363,0.75029376,0.52411721
1, 63in50,0.02,0.272509295,0.566,0,Acceleration,3,2,0.598533594,0.513463966,0.372028023,0.520239632,0.504420994,0.603555442,0.793710068,0.642898832,0.68782797,0.571376356,0.577298284
1, 63in50,0.02,0.272509295,0.566,0,Acceleration,3,3,0.668469336,0.70808907,0.484648646,0.626025963,0.635896042,0.750941119,0.794822172,0.651510871,0.703450146,0.775780822,0.626319945
1, 63in50,0.02,0.272509295,0.566,0,Peak Floor Velocity,0,1,9.300424608,9.381274701,11.64474356,7.520134169,11.17281523,11.15057765,6.646798584,9.422941833,8.233783753,3.770938139,5.052196864
1, 63in50,0.02,0.272509295,0.566,0,Peak Floor Velocity,0,2,12.32697943,9.188217326,10.27020094,12.81479792,18.47556258,4.272409258,8.825451208,5.415241383,7.89947016,4.996676151,5.759207665
1, 63in50,0.02,0.272509295,0.566,0,Peak Floor Velocity,0,3,15.07310183,10.80286233,15.31841717,12.92312435,20.11099044,11.20421764,9.428282791,10.34948201,11.38032574,5.900441249,5.775504993
1, 63in50,0.02,0.272509295,0.566,0,Peak Floor Velocity,1,1,11.22748953,11.08876107,11.76475571,12.21201617,11.89994911,12.85787389,9.582946498,12.16321787,9.715248748,8.951455297,8.340603955
1, 63in50,0.02,0.272509295,0.566,0,Peak Floor Velocity,1,2,15.03857557,11.05254428,13.36576369,14.11067183,18.39888163,7.07775894,16.1140588,10.51178957,11.69515561,10.77460786,10.95734315
1, 63in50,0.02,0.272509295,0.566,0,Peak Floor Velocity,1,3,16.57702226,14.27969361,17.18503605,14.12270046,21.38096758,12.88285799,16.19000106,13.37601688,12.53223063,12.7380211,11.28024727
1, 63in50,0.02,0.272509295,0.566,0,Peak Floor Velocity,2,1,13.13807673,13.49922118,14.37830448,15.18025156,12.80796596,1.57E+01,11.43653796,13.37845989,1.13E+01,1.23E+01,11.32309434
1, 63in50,0.02,0.272509295,0.566,0,Peak Floor Velocity,2,2,16.41151976,13.54076413,15.09964937,16.53288403,19.44805786,10.21229171,19.88215541,1.36E+01,14.73886096,14.49912428,15.05341783
1, 63in50,0.02,0.272509295,0.566,0,Peak Floor Velocity,2,3,17.52964671,17.15728973,18.27584139,16.61264256,22.85533774,16.03809252,19.99802989,15.40276524,15.57723729,17.13238381,15.64991638
1, 63in50,0.02,0.272509295,0.566,0,Peak Floor Velocity,3,1,14.18530947,16.10960486,17.04350441,15.98176026,14.57251725,2.08E+01,12.10244889,14.54431566,1.28E+01,15.89744997,13.14858342
1, 63in50,0.02,0.272509295,0.566,0,Peak Floor Velocity,3,2,17.33327911,15.53593,15.99945544,17.52882268,2.12E+01,13.14308544,22.31892054,15.86308731,17.86046696,17.31627251,18.99236061
1, 63in50,0.02,0.272509295,0.566,0,Peak Floor Velocity,3,3,18.31584075,18.82945993,19.7734001,17.6210027,24.36418871,21.30112455,23.11497472,17.99677015,18.79050386,20.62873142,19.30748052
2,30in50,0.005625,0.381035782,0.566,0,Story Drift Ratio,1,1,0.002854502,0.004325104,0.004436439,0.004155184,0.004169305,0.003821911,0.003520981,0.003534994,0.00159,0.004325364,0.004723577
2,30in50,0.005625,0.381035782,0.566,0,Story Drift Ratio,1,2,0.004678549,0.003452033,0.002856671,0.003986032,0.002766958,0.003649905,0.004799031,0.004500688,0.004885633,0.004256843,0.005233046
2,30in50,0.005625,0.381035782,0.566,0,Story Drift Ratio,1,3,0.005480602,0.00553381,0.005276605,0.005757952,0.005003915,0.005284772,0.005952143,0.005722969,0.00513785,0.00606873,0.007049606
2,30in50,0.005625,0.381035782,0.566,0,Story Drift Ratio,2,1,0.002189385,0.003527263,0.003342797,0.00339543,0.003220153,0.003179001,0.002852298,0.002589625,0.001270006,0.003505894,0.004084471
2,30in50,0.005625,0.381035782,0.566,0,Story Drift Ratio,2,2,0.003536446,0.002579114,0.002101916,0.002958108,0.002060471,0.002611888,0.003511986,0.003327415,0.003784323,0.003094178,0.004170122
2,30in50,0.005625,0.381035782,0.566,0,Story Drift Ratio,2,3,0.004159309,0.004369601,0.003948714,0.00450326,0.003822947,0.004114366,0.004524339,0.004216378,0.003991744,0.004676027,0.005837192
2,30in50,0.005625,0.381035782,0.566,0,Story Drift Ratio,3,1,0.001258401,0.002074482,0.001854261,0.001886607,0.00177085,0.00201114,0.001622409,0.001473043,0.000954533,0.001785669,0.002369675
2,30in50,0.005625,0.381035782,0.566,0,Story Drift Ratio,3,2,0.001579864,0.001357358,0.001095759,0.001486708,0.001190187,0.001394966,0.001707583,0.001605101,0.001749373,0.001512017,0.001533233
2,30in50,0.005625,0.381035782,0.566,0,Story Drift Ratio,3,3,0.002019788,0.002479092,0.002153827,0.002401997,0.002133649,0.002447573,0.00235543,0.002178578,0.001992847,0.002339831,0.002822439
2,30in50,0.005625,0.381035782,0.566,0,Building Residual Drift,1,1,1.19E-06,2.83E-06,1.54E-05,7.04E-06,1.33E-05,2.36E-05,5.75E-05,3.91E-05,1.47E-05,2.97E-05,4.04E-05
2,30in50,0.005625,0.381035782,0.566,0,Building Residual Drift,1,2,6.31E-05,1.16E-05,1.33E-05,1.70E-05,1.02E-04,5.75E-06,1.43E-05,2.36E-05,1.59E-04,6.14E-05,4.25E-04
2,30in50,0.005625,0.381035782,0.566,0,Building Residual Drift,1,3,6.31E-05,1.19E-05,2.03E-05,1.84E-05,1.03E-04,2.43E-05,5.92E-05,4.57E-05,1.60E-04,6.82E-05,4.27E-04
2,30in50,0.005625,0.381035782,0.566,0,Building Residual Drift,2,1,2.58E-06,3.54E-06,2.08E-05,9.45E-06,1.38E-05,1.69E-05,6.45E-05,5.19E-05,1.73E-05,3.23E-05,4.27E-05
2,30in50,0.005625,0.381035782,0.566,0,Building Residual Drift,2,2,6.93E-05,1.58E-05,1.15E-05,1.32E-05,6.95E-05,7.69E-06,1.85E-05,2.28E-05,1.86E-04,7.10E-05,4.68E-04
2,30in50,0.005625,0.381035782,0.566,0,Building Residual Drift,2,3,6.94E-05,1.62E-05,2.38E-05,1.63E-05,7.09E-05,1.85E-05,6.71E-05,5.67E-05,1.87E-04,7.80E-05,4.70E-04
2,30in50,0.005625,0.381035782,0.566,0,Building Residual Drift,3,1,1.28E-05,1.55E-05,1.87E-05,2.39E-05,2.02E-05,1.76E-05,3.60E-05,2.51E-05,1.46E-05,2.08E-05,2.04E-05
2,30in50,0.005625,0.381035782,0.566,0,Building Residual Drift,3,2,5.02E-06,3.46E-06,5.16E-06,7.77E-06,4.02E-05,2.35E-06,1.45E-05,1.72E-06,2.53E-05,1.62E-05,5.49E-05
2,30in50,0.005625,0.381035782,0.566,0,Building Residual Drift,3,3,1.37E-05,1.59E-05,1.94E-05,2.51E-05,4.50E-05,1.77E-05,3.88E-05,2.52E-05,2.92E-05,2.64E-05,5.86E-05
2,30in50,0.005625,0.381035782,0.566,0,Acceleration,0,1,0.241668655,0.178700704,0.201471367,0.247580123,0.204143879,0.318205612,0.13625719,0.221727529,0.151518495,0.165367078,0.191899384
2,30in50,0.005625,0.381035782,0.566,0,Acceleration,0,2,0.230321072,0.192592535,0.307078293,0.172346812,0.191500573,0.17373591,0.18496246,0.175475576,0.273554551,0.200016686,0.161736748
2,30in50,0.005625,0.381035782,0.566,0,Acceleration,0,3,0.332320515,0.237674291,0.307614726,0.25209515,0.225795391,0.349078281,0.18761622,0.241591315,0.28100418,0.233307558,0.200029918
2,30in50,0.005625,0.381035782,0.566,0,Acceleration,1,1,0.251751938,0.404916763,0.389592053,0.31293963,0.342160348,0.430631893,0.268286217,0.350991131,0.160091617,0.311409151,0.390051722
2,30in50,0.005625,0.381035782,0.566,0,Acceleration,1,2,0.389710728,0.331881323,0.310756781,0.317191719,0.261608188,0.349175535,0.451325896,0.368856521,0.398626884,0.383329063,0.414578752
2,30in50,0.005625,0.381035782,0.566,0,Acceleration,1,3,0.41131177,0.439076227,0.432071746,0.365677719,0.401843243,0.446348018,0.475894988,0.488825717,0.401976034,0.473962244,0.450172559
2,30in50,0.005625,0.381035782,0.566,0,Acceleration,2,1,0.322630854,0.518458414,0.471444384,0.473255563,0.471868786,0.496896324,0.40579262,0.394275595,1.85E-01,0.493391078,0.527286815
2,30in50,0.005625,0.381035782,0.566,0,Acceleration,2,2,0.56484094,0.48186056,0.403148671,0.50857151,0.367956591,0.472784091,0.552301718,0.568978013,0.565764335,0.534454198,0.582885086
2,30in50,0.005625,0.381035782,0.566,0,Acceleration,2,3,0.602023789,0.604653648,0.511287969,0.601778947,0.506885951,0.611698647,0.577873723,0.674034593,0.569835821,0.61987655,0.638900268
2,30in50,0.005625,0.381035782,0.566,0,Acceleration,3,1,0.4580975,0.776994277,0.685780129,0.667350178,0.669369785,0.824744904,0.578537568,0.548612598,0.386413668,0.611814635,0.919658225
2,30in50,0.005625,0.381035782,0.566,0,Acceleration,3,2,0.836516302,0.747357283,0.581813521,0.804187471,0.751692968,0.831375759,0.866348402,0.920812587,0.910614293,0.802499797,0.733782125
2,30in50,0.005625,0.381035782,0.566,0,Acceleration,3,3,0.953548373,1.004227819,0.799721102,0.937287463,0.932608545,0.948946121,0.866588248,0.944617765,0.914418861,0.844881885,0.943174231
2,30in50,0.005625,0.381035782,0.566,0,Peak Floor Velocity,0,1,8.25E+00,11.64141479,16.47335784,10.06022702,15.65476768,12.98699167,8.590015041,13.18069599,10.49046124,6.80624483,7.469413807
2,30in50,0.005625,0.381035782,0.566,0,Peak Floor Velocity,0,2,14.10098825,11.54084224,13.41098942,18.55428138,2.69E+01,5.771728053,10.93854611,8.303528839,11.4914871,6.93E+00,9.10178073
2,30in50,0.005625,0.381035782,0.566,0,Peak Floor Velocity,0,3,15.41860296,12.65398714,21.1369562,18.59598609,28.9265526,13.00023114,11.26650671,14.62315197,12.33232112,7.922391512,9.107648236
2,30in50,0.005625,0.381035782,0.566,0,Peak Floor Velocity,1,1,1.21E+01,14.0030748,17.55154796,16.69959292,16.77205033,14.82736147,14.07578846,1.67E+01,11.43424248,11.43282717,13.04860358
2,30in50,0.005625,0.381035782,0.566,0,Peak Floor Velocity,1,2,17.07507294,15.49475723,1.86E+01,20.01163888,2.81E+01,10.64705013,18.2840192,1.51E+01,1.51E+01,1.59E+01,1.52E+01
2,30in50,0.005625,0.381035782,0.566,0,Peak Floor Velocity,1,3,17.42645113,17.19637565,24.06337877,20.01683305,31.56112094,15.17767543,18.40181132,1.92E+01,16.18808727,18.10326764,16.5541502
2,30in50,0.005625,0.381035782,0.566,0,Peak Floor Velocity,2,1,15.14911109,16.5297227,21.33611434,20.83205741,18.2459548,15.85207156,17.28047858,18.09551022,12.89432236,16.31869997,18.1354685
2,30in50,0.005625,0.381035782,0.566,0,Peak Floor Velocity,2,2,19.06027489,19.27217124,20.94275798,23.57347222,29.75068203,14.92770401,22.56352257,19.46345438,17.84436258,20.54290209,21.43557344
2,30in50,0.005625,0.381035782,0.566,0,Peak Floor Velocity,2,3,19.46007554,20.90766556,25.65504122,23.78798538,33.79311112,19.53114282,22.78153037,22.0153899,19.40224411,23.96362165,23.13232633
2,30in50,0.005625,0.381035782,0.566,0,Peak Floor Velocity,3,1,16.75169667,22.26068455,25.1466517,22.14196438,20.77327804,21.91553782,18.09732112,20.28812978,15.23853424,18.43636673,21.58658153
2,30in50,0.005625,0.381035782,0.566,0,Peak Floor Velocity,3,2,22.45687985,21.67666289,22.98091001,24.75945214,31.37450754,19.06968584,27.16667022,22.95161153,21.37810109,22.45885325,25.55695418
2,30in50,0.005625,0.381035782,0.566,0,Peak Floor Velocity,3,3,23.191279,25.58757227,30.27059524,25.11616242,35.34138237,24.10339642,27.52307441,24.60748293,23.30528394,27.26567522,27.43248714
3, 10in50,0.0021,0.602675899,0.566,0,Story Drift Ratio,1,1,0.004570918,0.006291721,0.006489109,0.006285828,0.006819977,0.006695314,0.00505143,0.005418887,0.002602393,0.006400054,0.006583703
3, 10in50,0.0021,0.602675899,0.566,0,Story Drift Ratio,1,2,0.005565647,0.004972902,0.004431539,0.006512234,0.004195544,0.005516732,0.005705634,0.006758946,0.005999497,0.004778677,0.006104984
3, 10in50,0.0021,0.602675899,0.566,0,Story Drift Ratio,1,3,0.007202064,0.008019695,0.007857931,0.009051012,0.008007165,0.008675342,0.007620446,0.008663007,0.006539604,0.007987268,0.00897864
3, 10in50,0.0021,0.602675899,0.566,0,Story Drift Ratio,2,1,0.003885165,0.005303149,0.004917041,0.004859847,0.005796785,0.005673443,0.004226875,0.004162357,0.002057402,0.005880117,0.005800732
3, 10in50,0.0021,0.602675899,0.566,0,Story Drift Ratio,2,2,0.004480874,0.003539691,0.003383733,0.005548915,0.003119588,0.004261017,0.005538157,0.005821131,0.005790012,0.003698727,0.005415208
3, 10in50,0.0021,0.602675899,0.566,0,Story Drift Ratio,2,3,0.005930661,0.006375955,0.005968831,0.007376217,0.006582898,0.007095367,0.006966897,0.007156171,0.006144684,0.00694668,0.007935551
3, 10in50,0.0021,0.602675899,0.566,0,Story Drift Ratio,3,1,0.002199056,0.002707524,0.002544428,0.002691041,0.00262823,0.002840462,0.002451871,0.00203604,0.001117378,0.003840151,0.003332349
3, 10in50,0.0021,0.602675899,0.566,0,Story Drift Ratio,3,2,0.00170719,0.001588241,0.001662944,0.001851626,0.001744887,0.001848876,0.002332207,0.001833488,0.001659409,0.001654935,0.001647898
3, 10in50,0.0021,0.602675899,0.566,0,Story Drift Ratio,3,3,0.002783944,0.00313898,0.003039654,0.00326653,0.003154714,0.003389184,0.003383912,0.002739916,0.002000543,0.004181575,0.003717542
3, 10in50,0.0021,0.602675899,0.566,0,Building Residual Drift,1,1,3.94E-05,0.000385322,6.03E-04,9.96E-04,0.000594184,4.47E-04,1.25E-04,6.32E-04,3.14E-05,2.29E-04,1.89E-04
3, 10in50,0.0021,0.602675899,0.566,0,Building Residual Drift,1,2,6.22E-04,0.000379037,3.21E-04,2.47E-03,1.86E-04,0.000483721,0.000406347,2.57E-03,0.001637092,1.03E-04,0.00076084
3, 10in50,0.0021,0.602675899,0.566,0,Building Residual Drift,1,3,6.23E-04,0.000540502,0.000682969,2.66E-03,0.000622761,0.000658364,0.000425139,0.002643097,0.001637394,0.000250819,0.000783882
3, 10in50,0.0021,0.602675899,0.566,0,Building Residual Drift,2,1,4.37E-05,4.24E-05,2.40E-04,4.54E-04,6.79E-04,3.28E-04,1.45E-04,2.71E-04,3.46E-05,3.51E-04,2.03E-04
3, 10in50,0.0021,0.602675899,0.566,0,Building Residual Drift,2,2,6.92E-04,7.77619E-05,7.28E-05,2.17E-03,1.40E-04,3.01E-04,0.000431285,2.31E-03,0.001818024,4.39E-05,8.25E-04
3, 10in50,0.0021,0.602675899,0.566,0,Building Residual Drift,2,3,6.94E-04,8.85778E-05,2.51E-04,2.22E-03,0.000693405,4.46E-04,0.000454991,2.33E-03,0.001818353,3.53E-04,0.000849799
3, 10in50,0.0021,0.602675899,0.566,0,Building Residual Drift,3,1,2.02E-05,2.02E-05,5.45E-05,6.52E-05,9.04E-05,7.61E-05,5.71E-05,4.54E-05,1.73E-05,6.12E-05,4.24E-05
3, 10in50,0.0021,0.602675899,0.566,0,Building Residual Drift,3,2,6.27E-05,4.28E-05,2.11E-05,2.04E-04,5.88E-05,4.55E-05,9.60E-06,2.32E-04,1.74E-04,1.16E-05,8.90E-05
3, 10in50,0.0021,0.602675899,0.566,0,Building Residual Drift,3,3,6.58E-05,4.73E-05,5.84E-05,2.15E-04,1.08E-04,8.87E-05,5.79E-05,2.37E-04,1.74E-04,6.22E-05,9.86E-05
3, 10in50,0.0021,0.602675899,0.566,0,Acceleration,0,1,0.389049955,0.292771696,0.377218245,0.465979853,0.314405813,0.442443346,0.214724293,0.34407918,0.173439406,0.326242724,0.279054243
3, 10in50,0.0021,0.602675899,0.566,0,Acceleration,0,2,0.363752383,0.321113371,0.495225282,0.253951246,0.305655122,0.256936582,0.268854084,0.256025536,0.385019223,0.295269307,0.258439129
3, 10in50,0.0021,0.602675899,0.566,0,Acceleration,0,3,0.509885977,0.396451907,0.505967102,0.470084123,0.359036939,0.484753947,0.272106807,0.371505124,0.396024322,0.353554257,0.284092293
3, 10in50,0.0021,0.602675899,0.566,0,Acceleration,1,1,0.350452454,0.485601872,0.512603907,0.478921428,0.494526741,0.536212984,0.39394445,0.45363101,0.206305699,0.434780716,0.521380657
3, 10in50,0.0021,0.602675899,0.566,0,Acceleration,1,2,0.43444947,0.526373807,0.424549521,0.461279337,0.46833756,0.440281253,0.530526349,0.480936828,0.514204477,0.478113536,0.441596735
3, 10in50,0.0021,0.602675899,0.566,0,Acceleration,1,3,0.488599098,0.66899856,0.636307538,0.542848574,0.525082607,0.62649544,0.53419218,0.626988483,0.519503193,0.575347596,0.566102418
3, 10in50,0.0021,0.602675899,0.566,0,Acceleration,2,1,0.528940489,0.671380612,0.616265716,0.61761931,0.679636591,0.700085377,0.553248077,0.512137107,0.311197261,0.626486996,0.737681143
3, 10in50,0.0021,0.602675899,0.566,0,Acceleration,2,2,0.645173,0.575713766,0.576860241,0.645167893,0.546827144,0.629279513,0.692844597,0.64265934,0.607851895,0.609534116,0.585634358
3, 10in50,0.0021,0.602675899,0.566,0,Acceleration,2,3,0.685480892,0.824649984,0.757437029,0.849747201,0.682641932,0.784864195,0.698415965,0.774673153,0.613096162,0.739600653,0.783030757
3, 10in50,0.0021,0.602675899,0.566,0,Acceleration,3,1,0.789014632,1.022824964,0.927129749,1.043697861,0.969216668,1.09605757,0.94297744,0.755868628,0.414882663,1.501374665,1.260731004
3, 10in50,0.0021,0.602675899,0.566,0,Acceleration,3,2,1.03820786,1.149476607,0.872909989,1.127068663,1.14609491,1.142945599,1.647484303,1.145346911,1.090729395,1.106268821,1.014050212
3, 10in50,0.0021,0.602675899,0.566,0,Acceleration,3,3,1.140025721,1.2963097,1.10339406,1.441876527,1.363137079,1.276106876,1.662864032,1.20554507,1.109430374,1.529950276,1.2992873
3, 10in50,0.0021,0.602675899,0.566,0,Peak Floor Velocity,0,1,11.92565309,17.42342301,21.64459712,20.2932089,22.59409762,18.05000717,12.22316915,20.49340052,10.1269954,10.1245696,10.47199637
3, 10in50,0.0021,0.602675899,0.566,0,Peak Floor Velocity,0,2,20.46363671,17.39332626,24.58151727,23.97185298,38.30314691,9.357523879,14.7697511,12.72339073,17.69457605,13.66499929,13.9330578
3, 10in50,0.0021,0.602675899,0.566,0,Peak Floor Velocity,0,3,21.97870105,18.48752185,32.09800939,24.87698693,41.03941901,18.09569777,14.84164917,22.73497315,17.69459816,17.00393264,13.93426924
3, 10in50,0.0021,0.602675899,0.566,0,Peak Floor Velocity,1,1,15.54193573,19.59768175,22.62106027,26.59776473,22.14962809,21.21846026,19.92883828,24.93988392,11.79603449,15.51141681,17.6097071
3, 10in50,0.0021,0.602675899,0.566,0,Peak Floor Velocity,1,2,22.69674554,22.22935833,31.10975359,25.95743578,39.40641045,14.54628305,19.80830373,19.41309003,21.3853077,21.04462621,16.56711271
3, 10in50,0.0021,0.602675899,0.566,0,Peak Floor Velocity,1,3,23.76037603,24.54534675,37.27922849,27.17173027,44.83866576,21.79379827,21.79877308,27.27782977,21.64895699,25.99316552,19.13598759
3, 10in50,0.0021,0.602675899,0.566,0,Peak Floor Velocity,2,1,19.77592638,23.79189576,24.22942167,32.69033303,26.09552695,23.8888687,24.54521935,28.31073147,13.11533389,22.00355525,24.84668339
3, 10in50,0.0021,0.602675899,0.566,0,Peak Floor Velocity,2,2,24.24707403,27.3773565,34.16546408,29.71986459,42.15648515,20.1009825,25.29215412,25.73518807,28.12395181,25.76289104,23.52993035
3, 10in50,0.0021,0.602675899,0.566,0,Peak Floor Velocity,2,3,25.53917682,29.444533,39.67253189,33.03955768,48.89736921,28.93569529,26.62561816,30.24955588,28.50231636,31.77514886,26.66419594
3, 10in50,0.0021,0.602675899,0.566,0,Peak Floor Velocity,3,1,22.41355638,26.14509483,29.4740802,34.12920629,30.06754675,29.22607431,26.65176872,30.53735383,14.35118267,26.56003695,29.39643267
3, 10in50,0.0021,0.602675899,0.566,0,Peak Floor Velocity,3,2,27.62732576,30.4482552,36.59629951,32.23218816,45.65812642,24.21157685,30.97324628,30.45283464,34.89875103,30.34447863,27.90859378
3, 10in50,0.0021,0.602675899,0.566,0,Peak Floor Velocity,3,3,31.60207076,33.34861855,40.77375209,34.95361499,52.08856871,34.08412148,30.97327024,35.58826622,35.6053988,37.23640165,31.46537627
4, 5in50,0.001025,0.835927925,0.566,0,Story Drift Ratio,1,1,0.007165398,0.008114471,0.008118803,0.008171508,0.011554093,0.010354036,0.008855628,0.009575145,0.004513719,0.006903651,7.28E-03
4, 5in50,0.001025,0.835927925,0.566,0,Story Drift Ratio,1,2,0.007929115,0.008862972,1.05E-02,9.01E-03,5.95E-03,0.005935295,0.007468644,0.010761388,0.005968531,0.007136966,8.88E-03
4, 5in50,0.001025,0.835927925,0.566,0,Story Drift Ratio,1,3,0.010687085,0.012016527,0.013304282,0.012165353,0.012996684,0.011934562,0.011584592,0.014404543,0.007483116,0.009929586,1.15E-02
4, 5in50,0.001025,0.835927925,0.566,0,Story Drift Ratio,2,1,6.98E-03,0.007819084,0.007650748,0.007937867,0.009543962,0.008620743,0.007997689,7.53E-03,0.003544837,0.006701796,6.62E-03
4, 5in50,0.001025,0.835927925,0.566,0,Story Drift Ratio,2,2,0.007807717,0.008392629,9.21E-03,0.007436274,5.66E-03,0.004940243,0.007462685,0.008379106,0.005959658,6.17E-03,7.88E-03
4, 5in50,0.001025,0.835927925,0.566,0,Story Drift Ratio,2,3,0.01046978,0.011470584,0.011976924,0.010876944,0.011096711,0.009935955,0.010938678,0.011264867,0.006934219,0.009107787,1.03E-02
4, 5in50,0.001025,0.835927925,0.566,0,Story Drift Ratio,3,1,0.002886766,0.003234694,0.003119815,0.002947831,0.003172643,0.00350211,0.00323046,0.002959615,0.001699944,0.003176115,0.003717835
4, 5in50,0.001025,0.835927925,0.566,0,Story Drift Ratio,3,2,0.002263534,0.00229904,0.002363641,0.002001544,0.001984967,0.001976668,0.002618057,0.002352977,0.002251424,0.002075793,0.001962874
4, 5in50,0.001025,0.835927925,0.566,0,Story Drift Ratio,3,3,0.003668379,0.00396848,0.003914083,0.003563129,0.003742427,0.004021442,0.004158136,0.003780982,0.002821121,0.003794289,0.004204185
4, 5in50,0.001025,0.835927925,0.566,0,Building Residual Drift,1,1,0.000308644,0.000844117,8.05E-04,0.002263578,2.38E-03,2.23E-03,1.46E-03,0.001610493,5.72E-05,0.000554213,0.001070243
4, 5in50,0.001025,0.835927925,0.566,0,Building Residual Drift,1,2,4.50E-04,0.001881741,1.24E-03,0.0047705,0.001744274,0.00113113,0.001244823,0.004863767,0.000830919,0.000576108,0.002633896
4, 5in50,0.001025,0.835927925,0.566,0,Building Residual Drift,1,3,0.000545401,0.002062397,1.48E-03,0.005280289,0.002953955,0.002500227,0.00191659,0.005123467,0.000832889,0.000799407,0.002843032
4, 5in50,0.001025,0.835927925,0.566,0,Building Residual Drift,2,1,2.06E-04,9.43E-04,4.92E-04,0.001260285,0.001536606,1.18E-03,7.71E-04,1.04E-03,5.19E-05,1.98E-04,6.70E-04
4, 5in50,0.001025,0.835927925,0.566,0,Building Residual Drift,2,2,0.000595868,2.11E-03,6.33E-04,4.12E-03,1.24E-03,0.000615385,0.000939511,0.003244756,9.22E-04,1.53E-04,2.21E-03
4, 5in50,0.001025,0.835927925,0.566,0,Building Residual Drift,2,3,0.000630389,0.002309406,8.02E-04,0.00430821,0.001973612,0.001328551,0.001215161,0.003408165,9.23E-04,2.51E-04,2.31E-03
4, 5in50,0.001025,0.835927925,0.566,0,Building Residual Drift,3,1,4.18E-05,1.03E-04,5.83E-05,1.78E-04,2.07E-04,1.35E-04,8.56E-05,1.25E-04,1.60E-05,4.14E-05,8.71E-05
4, 5in50,0.001025,0.835927925,0.566,0,Building Residual Drift,3,2,6.86E-05,2.16E-04,8.58E-05,4.32E-04,8.48E-05,9.27E-05,1.66E-04,3.75E-04,8.33E-05,2.55E-06,2.43E-04
4, 5in50,0.001025,0.835927925,0.566,0,Building Residual Drift,3,3,8.02778E-05,2.39E-04,1.04E-04,4.67E-04,2.23E-04,1.63E-04,1.87E-04,3.95E-04,8.48E-05,4.14E-05,2.58E-04
4, 5in50,0.001025,0.835927925,0.566,0,Acceleration,0,1,0.53258822,0.407226613,0.529218765,0.651085365,0.434086204,0.605183931,0.296273946,0.483598038,0.240222443,0.411781939,0.36996908
4, 5in50,0.001025,0.835927925,0.566,0,Acceleration,0,2,0.516851816,0.457557772,0.640286485,0.349738085,0.421675314,0.361312687,0.383425974,0.354266313,0.507466436,0.442264471,0.353880201
4, 5in50,0.001025,0.835927925,0.566,0,Acceleration,0,3,0.709910414,0.55409374,0.646443236,0.656776154,0.487755381,0.663350792,0.389549226,0.516662327,0.517210678,0.544962442,0.377623387
4, 5in50,0.001025,0.835927925,0.566,0,Acceleration,1,1,0.415958511,0.549722982,0.649448564,0.626315011,0.700742881,0.68847997,0.552881858,0.630507654,0.354268232,0.542097901,0.482147136
4, 5in50,0.001025,0.835927925,0.566,0,Acceleration,1,2,0.504421194,0.595373164,0.618026332,0.55927788,0.617164938,0.55332659,0.490090388,0.62428595,0.556532639,0.564998042,0.435573476
4, 5in50,0.001025,0.835927925,0.566,0,Acceleration,1,3,0.541907436,0.657080529,0.764018223,0.673179228,0.705437261,0.797917746,0.601650252,0.659087543,0.558773035,0.663516305,0.560998886
4, 5in50,0.001025,0.835927925,0.566,0,Acceleration,2,1,0.654161541,0.744624459,0.717614611,0.739981682,0.871599498,0.802312872,0.69478122,0.67641582,0.493315491,0.708379221,0.661203385
4, 5in50,0.001025,0.835927925,0.566,0,Acceleration,2,2,0.67738935,0.656348005,0.656276741,0.732979096,0.62360131,0.690342891,0.73526851,0.658467992,0.662763011,0.640899229,0.590804872
4, 5in50,0.001025,0.835927925,0.566,0,Acceleration,2,3,0.784683383,0.77589485,0.740829141,0.850925905,0.87736249,0.920695609,0.74956984,0.826635636,0.711964616,0.81657036,0.718688151
4, 5in50,0.001025,0.835927925,0.566,0,Acceleration,3,1,1.130322166,1.242185259,1.143556481,0.993690582,1.359198315,1.433533351,1.236434741,1.104881245,0.58129315,1.28370442,1.380809133
4, 5in50,0.001025,0.835927925,0.566,0,Acceleration,3,2,1.063852816,1.160272315,0.975153947,1.234973607,1.299608702,1.51392829,1.614942925,1.58079588,1.296235905,1.358261884,1.220721644
4, 5in50,0.001025,0.835927925,0.566,0,Acceleration,3,3,1.163239561,1.41531621,1.285073402,1.463195271,1.728257059,1.680245993,1.641954912,1.611174006,1.319609406,1.686833998,1.444439331
4, 5in50,0.001025,0.835927925,0.566,0,Peak Floor Velocity,0,1,17.05371549,24.62758114,30.7409094,28.19395776,31.0558485,24.65023075,17.94645266,28.93720682,11.96909019,12.50093986,14.63141331
4, 5in50,0.001025,0.835927925,0.566,0,Peak Floor Velocity,0,2,29.158304,24.60928372,39.6872762,33.95665057,52.94291193,13.28956311,20.97524225,17.75164229,24.11943319,18.92444577,19.51673268
4, 5in50,0.001025,0.835927925,0.566,0,Peak Floor Velocity,0,3,31.15735412,25.7856707,49.54609355,34.81301984,56.51226376,24.68377927,21.00697238,32.23993896,24.53725428,22.67977699,19.51676229
4, 5in50,0.001025,0.835927925,0.566,0,Peak Floor Velocity,1,1,20.34477834,25.90239491,32.40387141,35.69577948,30.1748574,30.28774969,26.06970237,37.11362084,15.0691992,19.2271132,21.62791646
4, 5in50,0.001025,0.835927925,0.566,0,Peak Floor Velocity,1,2,30.03086416,28.08592224,46.73236902,36.710222,54.48035479,17.05037931,25.02817224,24.0230032,24.38434273,27.01731381,20.58158515
4, 5in50,0.001025,0.835927925,0.566,0,Peak Floor Velocity,1,3,32.42190934,30.19044773,52.97767042,38.22101449,61.54076905,30.46395465,29.5899888,40.1596551,24.65618844,32.67735426,26.01143649
4, 5in50,0.001025,0.835927925,0.566,0,Peak Floor Velocity,2,1,25.15608281,30.71799078,34.85940202,40.39847447,35.27835639,33.47919104,31.46444697,41.07867186,19.7985983,23.58211413,26.71614013
4, 5in50,0.001025,0.835927925,0.566,0,Peak Floor Velocity,2,2,32.81729222,32.73885337,51.6179412,40.88985143,58.33607077,22.23133719,30.67922101,31.34885396,30.43689401,32.19286499,24.10020084
4, 5in50,0.001025,0.835927925,0.566,0,Peak Floor Velocity,2,3,36.30152813,34.772045,57.58535628,42.07097739,67.27611793,35.27048431,35.7824563,44.85085067,30.44138952,39.7622617,30.02495405
4, 5in50,0.001025,0.835927925,0.566,0,Peak Floor Velocity,3,1,27.67147146,31.95861183,43.51092616,43.12540683,40.58422233,41.46133545,35.24842208,45.79790832,21.9929825,32.79385719,31.4200182
4, 5in50,0.001025,0.835927925,0.566,0,Peak Floor Velocity,3,2,34.9898193,39.27948915,57.91663142,43.298779,63.3152985,30.3491022,35.86554884,37.73315005,36.80183802,36.59025963,29.35656187
4, 5in50,0.001025,0.835927925,0.566,0,Peak Floor Velocity,3,3,39.27532566,39.27973787,63.79458725,45.14860083,71.7371545,45.84079402,41.73006099,49.66594169,36.93258215,43.66846469,36.39715333
5, 2in50,0.000404,1.216172987,0.566,0,Story Drift Ratio,1,1,0.012531949,0.013112557,0,0,0.014739209,0,0.010238896,0,0.005584042,0.020953977,0.013248239
5, 2in50,0.000404,1.216172987,0.566,0,Story Drift Ratio,1,2,0.012698779,0.02107754,0,0,0.010383575,0,0.017189967,0,0.021721724,0.017746883,0.01201209
5, 2in50,0.000404,1.216172987,0.566,0,Story Drift Ratio,1,3,0.017841209,0.024823413,0,0,0.018029501,0,0.020008247,0,0.022427992,0.027459443,0.017883124
5, 2in50,0.000404,1.216172987,0.566,0,Story Drift Ratio,2,1,0.009293878,0.011521837,0,0,0.012191348,0,0.00878536,0,0.003745094,0.016877618,0.010175035
5, 2in50,0.000404,1.216172987,0.566,0,Story Drift Ratio,2,2,0.010284697,0.016725514,0,0,0.009552043,0,0.0146783,0,0.018285645,0.015562917,0.010063342
5, 2in50,0.000404,1.216172987,0.566,0,Story Drift Ratio,2,3,0.013861859,0.020309986,0,0,0.015487753,0,0.017106579,0,0.018665223,0.022957752,0.014310912
5, 2in50,0.000404,1.216172987,0.566,0,Story Drift Ratio,3,1,0.003197908,0.004424923,0,0,0.00371791,0,0.003169663,0.00E+00,0.002321043,0.004421099,0.004099014
5, 2in50,0.000404,1.216172987,0.566,0,Story Drift Ratio,3,2,0.003242263,0.00356661,0,0,0.003567094,0,0.003208338,0,0.006186507,0.003002363,0.00267739
5, 2in50,0.000404,1.216172987,0.566,0,Story Drift Ratio,3,3,0.004553996,0.005683366,0,0,0.005152379,0,0.004510011,0,0.00660758,0.005344183,0.004895951
5, 2in50,0.000404,1.216172987,0.566,0,Building Residual Drift,1,1,0.005652092,0.003734341,0,0,0.001256343,0,0.00106967,0.00E+00,1.64E-03,0.008922337,0.002376629
5, 2in50,0.000404,1.216172987,0.566,0,Building Residual Drift,1,2,1.99E-03,0.010206437,0,0,0.001522706,0,0.005805904,0,0.011656191,0.009148512,0.002065426
5, 2in50,0.000404,1.216172987,0.566,0,Building Residual Drift,1,3,0.005993433,0.010868148,0,0,0.00197409,0,0.005903619,0,0.011770767,0.01277902,0.003148706
5, 2in50,0.000404,1.216172987,0.566,0,Building Residual Drift,2,1,0.002933245,0.002195117,0.00E+00,0,0.000838164,0,3.01E-04,0,8.82E-04,7.33E-03,1.40E-03
5, 2in50,0.000404,1.216172987,0.566,0,Building Residual Drift,2,2,0.000388047,0.007373063,0,0,8.50E-04,0,0.004279877,0,0.010812856,8.27E-03,0.001859804
5, 2in50,0.000404,1.216172987,0.566,0,Building Residual Drift,2,3,0.002958802,0.007692893,0,0,0.001193523,0,0.004290469,0,0.01084875,0.011051195,0.002327357
5, 2in50,0.000404,1.216172987,0.566,0,Building Residual Drift,3,1,3.69E-04,4.07E-04,0.00E+00,0.00E+00,9.21E-05,0,9.00E-05,0.00E+00,1.94E-04,4.47E-04,2.18E-04
5, 2in50,0.000404,1.216172987,0.566,0,Building Residual Drift,3,2,0.00017579,7.58E-04,0.00E+00,0.00E+00,7.40E-05,0,0.000622456,0.00E+00,0.00392345,5.03E-04,7.30052E-05
5, 2in50,0.000404,1.216172987,0.566,0,Building Residual Drift,3,3,0.000409085,0.000860123,0.00E+00,0.00E+00,1.18E-04,0,0.000628922,0.00E+00,0.003928253,6.73E-04,0.000230371
5, 2in50,0.000404,1.216172987,0.566,0,Acceleration,0,1,0.798356788,0.590450197,0,0,0.652481122,0,0.413977675,0,0.340478233,0.770036987,0.52485884
5, 2in50,0.000404,1.216172987,0.566,0,Acceleration,0,2,0.755954591,0.68798245,0,0,0.661462187,0,0.58836271,0,0.80834971,0.685892193,0.544370278
5, 2in50,0.000404,1.216172987,0.566,0,Acceleration,0,3,1.014190704,0.809252266,0,0,0.765282047,0,0.588415471,0,0.868713568,0.959153421,0.546272533
5, 2in50,0.000404,1.216172987,0.566,0,Acceleration,1,1,0.598943367,0.635397932,0,0,0.749215432,0,0.60212391,0,0.480416329,0.816573912,0.660313102
5, 2in50,0.000404,1.216172987,0.566,0,Acceleration,1,2,0.660849213,0.631037242,0,0,0.89287476,0,0.736531302,0,0.782544994,0.716429517,0.54212805
5, 2in50,0.000404,1.216172987,0.566,0,Acceleration,1,3,0.782510408,0.740395561,0,0,0.893818658,0,0.771328013,0,0.791806821,0.912300203,0.688224381
5, 2in50,0.000404,1.216172987,0.566,0,Acceleration,2,1,0.756638714,0.856974997,0,0,0.875088977,0,0.725539051,0,0.476617684,0.781467809,0.748557417
5, 2in50,0.000404,1.216172987,0.566,0,Acceleration,2,2,0.795759107,0.796096332,0,0,0.956603146,0,0.769681158,0,0.777765735,0.85540251,0.709644759
5, 2in50,0.000404,1.216172987,0.566,0,Acceleration,2,3,0.824705435,0.900911261,0,0,0.9685061,0,0.79282472,0,0.889620283,1.004362746,0.811679141
5, 2in50,0.000404,1.216172987,0.566,0,Acceleration,3,1,1.07978795,1.560828129,0,0,1.514642319,0,1.145705778,0,1.006689312,1.546237155,1.526564256
5, 2in50,0.000404,1.216172987,0.566,0,Acceleration,3,2,1.63725572,1.563574099,0,0,1.847223781,0,1.837397898,0,1.574245117,1.934600192,1.452741443
5, 2in50,0.000404,1.216172987,0.566,0,Acceleration,3,3,1.72037226,1.928559921,0,0,2.217208854,0,1.851239836,0,1.647975719,2.145829618,1.980140393
5, 2in50,0.000404,1.216172987,0.566,0,Peak Floor Velocity,0,1,28.26269514,38.03928887,0,0,44.8881858,0,22.26322445,0,20.60079334,25.26856857,21.97024241
5, 2in50,0.000404,1.216172987,0.566,0,Peak Floor Velocity,0,2,46.20704671,38.4092571,0,0,77.82196889,0,29.51479317,0,36.18297136,27.76442847,30.32523093
5, 2in50,0.000404,1.216172987,0.566,0,Peak Floor Velocity,0,3,48.4478696,39.50833946,0,0,82.84413338,0,29.8019653,0,36.95793269,29.35159517,30.35006056
5, 2in50,0.000404,1.216172987,0.566,0,Peak Floor Velocity,1,1,32.07369084,37.56968725,0,0,47.93326075,0,32.27538517,0,24.27096159,31.10523786,27.75139374
5, 2in50,0.000404,1.216172987,0.566,0,Peak Floor Velocity,1,2,50.7872733,42.64905356,0,0,79.50055051,0,36.77773263,0,37.64987429,32.58148792,30.82188291
5, 2in50,0.000404,1.216172987,0.566,0,Peak Floor Velocity,1,3,52.99710818,42.64978379,0,0,90.13086046,0,37.08114741,0,38.13803433,36.11791501,36.06594067
5, 2in50,0.000404,1.216172987,0.566,0,Peak Floor Velocity,2,1,34.4286193,40.12810815,0,0,49.42486269,0,39.16829558,0,27.03209889,42.936684,35.64139787
5, 2in50,0.000404,1.216172987,0.566,0,Peak Floor Velocity,2,2,54.73950418,46.04642127,0,0,85.2427818,0,40.43191024,0,41.01444876,40.17622316,33.21261296
5, 2in50,0.000404,1.216172987,0.566,0,Peak Floor Velocity,2,3,58.0459445,46.05709796,0,0,98.02872423,0,44.454644,0,45.45660302,44.33172681,43.70211209
5, 2in50,0.000404,1.216172987,0.566,0,Peak Floor Velocity,3,1,35.93673343,44.58843164,0,0,54.5239835,0,42.40835976,0,29.11926546,49.43971683,39.55720131
5, 2in50,0.000404,1.216172987,0.566,0,Peak Floor Velocity,3,2,56.90566865,53.25548571,0,0,90.99965897,0,45.64067209,0,50.01193213,50.68908146,38.41496485
5, 2in50,0.000404,1.216172987,0.566,0,Peak Floor Velocity,3,3,61.09445708,55.7825423,0,0,101.8696982,0,50.15717869,0,55.88605835,59.14380802,49.41612977
