Building Name: C1-M (MC) - Soil C1,,,,,,,,,,,,,,,,,,,
Description,,"	",  Usage,School,,,,,,,,,,,,,,,
Latitude,14.55036,"	", Median Collapse Sa(g),1.717,,,,,,,,,,,,,,,
Longitude,121.00892,"	", Beta Collapse,0.171,,,,,,,,,,,,,,,
Number of Stories,3,,,,,,,,,,,,,,,,,,
Floor Area (sq.ft.),9857,,,,,,,,,,,,,,,,,,
,,,,,,,,,,,,,,,,,,,
Intensity, Intensity Description, MAFE, Sa, BetaM, BetaGM, EDP Type, Storey, Direction,EQ1,EQ2,EQ3,EQ4,EQ5,EQ6,EQ7,EQ8,EQ9,EQ10,EQ11
1, 63in50,0.02,0.269996912,0.566,0,Story Drift Ratio,1,1,0.00337298,0.003245386,0.004386075,0.005274889,0.003151502,0.005004135,0.004789941,0.003413147,0.003248503,0.004865099,0.003891483
1, 63in50,0.02,0.269996912,0.566,0,Story Drift Ratio,1,2,0.003268667,0.002894802,0.001853632,0.00274357,0.00272636,0.00316882,0.004277556,0.002382174,0.003535411,0.002796677,0.003262915
1, 63in50,0.02,0.269996912,0.566,0,Story Drift Ratio,1,3,0.004696933,0.00434884,0.004761681,0.005945724,0.004167134,0.005923073,0.006421917,0.00416225,0.00480124,0.005611647,0.00507841
1, 63in50,0.02,0.269996912,0.566,0,Story Drift Ratio,2,1,0.001792604,0.00173663,0.002281365,0.002924378,0.001699203,0.002766296,0.002592663,0.001829554,0.001689659,0.002694279,0.002140615
1, 63in50,0.02,0.269996912,0.566,0,Story Drift Ratio,2,2,0.001727664,0.001534645,0.001067229,0.001502817,0.001589217,0.001547631,0.002074149,0.001294915,0.001754858,0.001496841,0.001711054
1, 63in50,0.02,0.269996912,0.566,0,Story Drift Ratio,2,3,0.002489629,0.002317546,0.002518651,0.003287925,0.002326564,0.003169788,0.00332024,0.002241445,0.002436078,0.003082154,0.002740427
1, 63in50,0.02,0.269996912,0.566,0,Story Drift Ratio,3,1,0.000951505,0.001025048,0.001276803,0.001610816,1.16E-03,0.00156174,0.001321794,0.000990673,8.99E-04,1.43E-03,0.001235765
1, 63in50,0.02,0.269996912,0.566,0,Story Drift Ratio,3,2,0.000837817,0.000611231,0.000445683,0.00065675,0.000683459,7.38E-04,0.001072106,0.000561811,0.000855659,6.61E-04,0.000756641
1, 63in50,0.02,0.269996912,0.566,0,Story Drift Ratio,3,3,0.001267793,0.001193451,0.001352353,0.001739554,0.001342854,0.00172729,0.001701926,0.001138887,0.001241068,1.58E-03,0.001449007
1, 63in50,0.02,0.269996912,0.566,0,Building Residual Drift,1,1,1.22E-06,1.30E-05,1.36E-05,2.03E-05,8.47E-05,1.64E-05,2.00E-05,9.14E-07,6.33E-06,1.43E-05,1.73E-06
1, 63in50,0.02,0.269996912,0.566,0,Building Residual Drift,1,2,1.83E-06,5.84E-06,1.64E-06,3.62E-06,1.44E-05,8.01E-07,3.88124E-06,7.80E-06,2.16E-06,3.29E-06,7.37E-06
1, 63in50,0.02,0.269996912,0.566,0,Building Residual Drift,1,3,2.20E-06,1.43E-05,1.37E-05,2.06E-05,8.59E-05,1.64E-05,2.03541E-05,7.85E-06,6.68E-06,1.47E-05,7.57E-06
1, 63in50,0.02,0.269996912,0.566,0,Building Residual Drift,2,1,5.85E-07,7.35E-06,9.37E-06,1.90E-05,4.65E-05,4.98E-06,2.43E-05,3.15E-06,5.19E-06,1.24E-05,7.21E-06
1, 63in50,0.02,0.269996912,0.566,0,Building Residual Drift,2,2,3.46E-07,2.36E-06,1.01E-07,3.95E-06,8.37E-06,1.46E-06,2.86E-06,3.90E-06,4.89E-07,3.12E-06,6.10E-06
1, 63in50,0.02,0.269996912,0.566,0,Building Residual Drift,2,3,6.80E-07,7.72E-06,9.37E-06,1.94E-05,4.72E-05,5.18E-06,2.44E-05,5.02E-06,5.21E-06,1.28E-05,9.45E-06
1, 63in50,0.02,0.269996912,0.566,0,Building Residual Drift,3,1,5.42E-06,8.10E-06,7.69E-06,8.03E-06,2.85E-05,1.15E-05,5.32E-06,6.35E-06,5.64E-06,6.76E-06,7.33E-06
1, 63in50,0.02,0.269996912,0.566,0,Building Residual Drift,3,2,1.52E-05,1.44E-05,1.55E-05,1.61E-05,1.87E-05,1.55E-05,1.57E-05,1.39E-05,1.51E-05,1.62E-05,1.75E-05
1, 63in50,0.02,0.269996912,0.566,0,Building Residual Drift,3,3,1.61E-05,1.65E-05,1.73E-05,1.80E-05,3.40E-05,1.93E-05,1.65E-05,1.53E-05,1.62E-05,1.76E-05,1.90E-05
1, 63in50,0.02,0.269996912,0.566,0,Acceleration,0,1,1.84E-01,0.120145951,1.90E-01,1.65E-01,0.135738344,0.253720094,9.33E-02,1.52E-01,1.03E-01,1.55E-01,1.27E-01
1, 63in50,0.02,0.269996912,0.566,0,Acceleration,0,2,1.72E-01,1.35E-01,2.19E-01,1.26E-01,1.31E-01,0.125872044,0.143929444,1.08E-01,0.201088257,2.42E-01,1.11E-01
1, 63in50,0.02,0.269996912,0.566,0,Acceleration,0,3,2.51E-01,0.174106547,2.30E-01,1.67E-01,0.155519246,0.266224524,0.144684083,0.165511691,0.224358882,0.286366754,0.133142882
1, 63in50,0.02,0.269996912,0.566,0,Acceleration,1,1,1.96E-01,0.194510161,2.71E-01,2.87E-01,0.244554835,0.357290103,2.75E-01,1.95E-01,2.07E-01,2.56E-01,2.31E-01
1, 63in50,0.02,0.269996912,0.566,0,Acceleration,1,2,3.08E-01,2.94E-01,2.09E-01,2.83E-01,2.65E-01,3.66E-01,3.95E-01,2.93E-01,4.37E-01,2.84E-01,3.18E-01
1, 63in50,0.02,0.269996912,0.566,0,Acceleration,1,3,3.46E-01,0.336348955,3.35E-01,3.80E-01,0.268512982,0.430586134,0.39540836,3.29E-01,4.82E-01,2.94E-01,0.352601965
1, 63in50,0.02,0.269996912,0.566,0,Acceleration,2,1,0.259637759,0.257609543,0.335509818,0.415292391,0.247693363,0.403396899,0.380689325,0.26989796,0.241418929,0.385618731,0.306510506
1, 63in50,0.02,0.269996912,0.566,0,Acceleration,2,2,0.455566094,0.409789898,0.278649642,0.389265303,0.411868739,0.409061318,0.532724475,0.332806082,0.44229317,0.381887311,0.452012462
1, 63in50,0.02,0.269996912,0.566,0,Acceleration,2,3,0.461807214,0.444544847,0.359617973,0.53790835,0.419084822,0.514014021,0.533944623,0.396856989,0.479192963,0.409091376,0.456351776
1, 63in50,0.02,0.269996912,0.566,0,Acceleration,3,1,0.316380993,0.371889225,0.417975484,0.526587758,0.418676283,0.504962204,0.406316722,0.330308867,0.28169084,0.48871976,0.425954442
1, 63in50,0.02,0.269996912,0.566,0,Acceleration,3,2,0.678316393,0.485185457,0.382684928,0.500359159,0.5620164,0.639261662,0.905210825,0.488368524,0.695185821,0.511258701,0.572214776
1, 63in50,0.02,0.269996912,0.566,0,Acceleration,3,3,0.691700907,0.500975683,0.50488258,0.629404029,0.565590122,0.702357639,0.907665482,0.532396753,0.700825105,0.573223074,0.630126666
1, 63in50,0.02,0.269996912,0.566,0,Peak Floor Velocity,0,1,9.300430653,9.381207134,11.64472095,7.520243967,11.17281378,11.15064465,6.646804833,9.422890657,8.233728153,3.77093214,5.048052156
1, 63in50,0.02,0.269996912,0.566,0,Peak Floor Velocity,0,2,12.32698471,9.1881836,10.27019982,12.81479758,18.47557296,4.272393423,8.825419929,5.415142237,7.899470075,4.996678531,5.758839001
1, 63in50,0.02,0.269996912,0.566,0,Peak Floor Velocity,0,3,15.07309321,10.80282773,15.31839807,12.92312437,20.11099887,11.20428782,9.428245246,10.34936298,11.3802893,5.900438906,5.774770796
1, 63in50,0.02,0.269996912,0.566,0,Peak Floor Velocity,1,1,11.3889437,11.80517749,12.47100271,15.63636323,13.59610886,15.30837728,15.08790662,14.10234198,9.993632003,9.625578456,9.317607772
1, 63in50,0.02,0.269996912,0.566,0,Peak Floor Velocity,1,2,14.84402679,13.13611393,12.44911836,14.6326843,20.54964346,9.516443374,15.44292596,9.30721354,13.29374377,10.86337339,12.00935683
1, 63in50,0.02,0.269996912,0.566,0,Peak Floor Velocity,1,3,17.22228124,15.68150988,17.48473299,16.60738887,23.49415913,15.78191669,17.07436935,16.20098426,16.14725086,12.01167802,12.0776807
1, 63in50,0.02,0.269996912,0.566,0,Peak Floor Velocity,2,1,13.26234084,13.52730073,14.32186659,19.50285161,14.50383516,1.73E+01,18.45025599,15.9224607,1.19E+01,1.34E+01,11.78821775
1, 63in50,0.02,0.269996912,0.566,0,Peak Floor Velocity,2,2,17.20907707,15.99679933,13.58294339,16.51149146,22.19811924,12.52605713,18.73869171,1.06E+01,14.85537378,13.01802829,14.84310616
1, 63in50,0.02,0.269996912,0.566,0,Peak Floor Velocity,2,3,19.10686385,18.54053428,18.47924719,20.52095436,25.40375336,18.10565857,20.56791466,18.57416022,17.86201549,14.17326014,15.08593064
1, 63in50,0.02,0.269996912,0.566,0,Peak Floor Velocity,3,1,14.39508629,15.02935093,15.74757751,21.48007441,15.45410811,1.91E+01,19.93829999,17.14986084,1.32E+01,15.10688079,13.69159798
1, 63in50,0.02,0.269996912,0.566,0,Peak Floor Velocity,3,2,18.63290012,17.59506652,14.04860808,17.5915724,2.31E+01,14.7145776,21.0096844,11.70396469,17.34437941,14.23370314,16.15254247
1, 63in50,0.02,0.269996912,0.566,0,Peak Floor Velocity,3,3,20.2760156,20.22474735,19.11802646,22.50882608,26.43547143,20.24325366,22.27819898,20.13190546,20.07074316,15.38156571,16.62175223
2,30in50,0.005625,0.374897657,0.566,0,Story Drift Ratio,1,1,0.005022085,0.004695025,0.006218079,0.006753596,0.005151801,0.006206548,0.007011292,0.004887844,0.003221059,0.006330193,0.005164035
2,30in50,0.005625,0.374897657,0.566,0,Story Drift Ratio,1,2,0.004581756,0.004066533,0.002849591,0.003625231,0.003822344,0.004260724,0.004963059,0.003234715,0.004975999,0.003175915,0.005646014
2,30in50,0.005625,0.374897657,0.566,0,Story Drift Ratio,1,3,0.006798075,0.006211276,0.006839932,0.007665075,0.006414933,0.007528281,0.00859012,0.005861262,0.005927545,0.007082215,0.007651453
2,30in50,0.005625,0.374897657,0.566,0,Story Drift Ratio,2,1,0.002717341,0.00249987,0.003334584,0.003870267,0.002609064,0.003463219,0.003912009,0.00264388,0.001721241,0.003605218,0.002827564
2,30in50,0.005625,0.374897657,0.566,0,Story Drift Ratio,2,2,0.0024168,0.002151644,0.001533687,0.001793232,0.002020025,0.002150299,0.00237881,0.001776708,0.002393877,0.001739637,0.002897907
2,30in50,0.005625,0.374897657,0.566,0,Story Drift Ratio,2,3,0.003636601,0.003298321,0.003670374,0.004265519,0.003299654,0.004076478,0.004578488,0.003185403,0.002948443,0.004002991,0.004048825
2,30in50,0.005625,0.374897657,0.566,0,Story Drift Ratio,3,1,0.001459853,0.001567307,0.001624684,0.00194266,0.001741133,0.002015545,0.001786096,0.001412134,0.001030852,0.001794597,0.00166876
2,30in50,0.005625,0.374897657,0.566,0,Story Drift Ratio,3,2,0.001135395,0.00106187,0.000604286,0.000888623,0.000887507,0.001129791,0.001135229,0.000840698,0.001302714,0.000775522,0.001146831
2,30in50,0.005625,0.374897657,0.566,0,Story Drift Ratio,3,3,0.001849404,0.001893151,0.001733424,0.002136253,0.001954281,0.002310596,0.002116337,0.001643441,0.00166124,0.001954997,0.002024841
2,30in50,0.005625,0.374897657,0.566,0,Building Residual Drift,1,1,2.98E-06,3.58E-05,6.72E-05,1.27E-04,1.22E-04,2.71E-04,5.73E-05,4.69E-05,2.86E-06,5.97E-05,3.75E-05
2,30in50,0.005625,0.374897657,0.566,0,Building Residual Drift,1,2,4.37E-05,4.33E-06,8.85E-06,4.01E-05,9.45E-06,1.69E-04,6.93E-05,7.02E-06,6.94E-05,4.97E-06,2.87E-05
2,30in50,0.005625,0.374897657,0.566,0,Building Residual Drift,1,3,4.38E-05,3.60E-05,6.78E-05,1.33E-04,1.23E-04,3.20E-04,8.99E-05,4.74E-05,6.95E-05,5.99E-05,4.72E-05
2,30in50,0.005625,0.374897657,0.566,0,Building Residual Drift,2,1,1.09E-06,2.86E-05,7.31E-05,3.60E-05,6.91E-05,7.49E-05,7.97E-05,5.14E-05,1.23E-06,5.99E-05,1.30E-05
2,30in50,0.005625,0.374897657,0.566,0,Building Residual Drift,2,2,3.72E-05,2.82E-06,5.13E-06,4.68E-06,2.74E-06,1.36E-05,1.56E-05,5.29E-06,6.53E-05,2.94E-06,3.84E-05
2,30in50,0.005625,0.374897657,0.566,0,Building Residual Drift,2,3,3.72E-05,2.87E-05,7.32E-05,3.63E-05,6.91E-05,7.61E-05,8.12E-05,5.16E-05,6.53E-05,6.00E-05,4.06E-05
2,30in50,0.005625,0.374897657,0.566,0,Building Residual Drift,3,1,6.33E-06,1.07E-05,1.08E-05,8.72E-06,3.76E-05,1.97E-05,4.25E-06,7.87E-06,5.45E-06,8.48E-06,1.02E-05
2,30in50,0.005625,0.374897657,0.566,0,Building Residual Drift,3,2,1.56E-05,1.54E-05,1.40E-05,1.63E-05,1.43E-05,1.18E-05,1.26E-05,1.59E-05,1.58E-05,1.55E-05,1.22E-05
2,30in50,0.005625,0.374897657,0.566,0,Building Residual Drift,3,3,1.68E-05,1.88E-05,1.77E-05,1.85E-05,4.02E-05,2.30E-05,1.33E-05,1.77E-05,1.67E-05,1.76E-05,1.59E-05
2,30in50,0.005625,0.374897657,0.566,0,Acceleration,0,1,0.241668023,0.178692927,0.201472522,0.247580123,0.204156468,0.318197786,0.136256643,0.22172748,0.151519783,0.165366276,0.189317962
2,30in50,0.005625,0.374897657,0.566,0,Acceleration,0,2,0.230304133,0.192589692,0.307078974,0.172345172,0.191498896,0.173735716,0.184955364,0.175472818,0.273553409,0.200015616,0.161316052
2,30in50,0.005625,0.374897657,0.566,0,Acceleration,0,3,0.332319204,0.237671995,0.307615412,0.25209515,0.225795366,0.34907734,0.187615474,0.241582053,0.28100418,0.233305315,0.196705454
2,30in50,0.005625,0.374897657,0.566,0,Acceleration,1,1,0.295281669,0.284984085,0.378935332,0.391751835,0.382213433,0.417046961,0.373544478,0.288183222,0.208700688,0.330313861,0.344184208
2,30in50,0.005625,0.374897657,0.566,0,Acceleration,1,2,0.427305783,0.441221724,0.321506597,0.379348433,0.365669829,0.450508438,0.452277177,0.359612764,0.523188209,0.357686627,0.451983237
2,30in50,0.005625,0.374897657,0.566,0,Acceleration,1,3,0.457796203,0.453836757,0.405081312,0.482738562,0.414683533,0.52448863,0.454060761,0.432369691,0.533521102,0.390440717,0.500358493
2,30in50,0.005625,0.374897657,0.566,0,Acceleration,2,1,0.3920786,0.367953574,4.68E-01,0.531830384,0.377322934,0.494420768,0.531537851,0.385724918,2.48E-01,0.497602733,0.395629806
2,30in50,0.005625,0.374897657,0.566,0,Acceleration,2,2,5.56E-01,0.510053773,0.401246359,0.462693857,0.530999674,0.533784049,0.577271519,0.455418694,0.560878504,0.431174082,0.620653563
2,30in50,0.005625,0.374897657,0.566,0,Acceleration,2,3,0.590130189,0.54069402,0.487052518,0.616961643,0.548332408,0.686858509,0.600688596,0.566510768,0.562160263,0.526692123,0.645871094
2,30in50,0.005625,0.374897657,0.566,0,Acceleration,3,1,0.464651627,0.566464304,5.45E-01,0.653048065,0.62417089,0.742682757,0.561649105,0.476830949,0.355519043,0.576160367,0.571837648
2,30in50,0.005625,0.374897657,0.566,0,Acceleration,3,2,9.02E-01,0.885840676,0.522020013,0.744668541,0.735135399,0.951172351,0.940582572,0.716075417,1.191613555,0.638252673,0.896904568
2,30in50,0.005625,0.374897657,0.566,0,Acceleration,3,3,0.942904173,0.905891878,0.697097098,0.869882165,0.777767818,1.053703611,0.948011798,0.81305837,1.218579275,0.702893776,0.955322608
2,30in50,0.005625,0.374897657,0.566,0,Peak Floor Velocity,0,1,8.25E+00,11.6414581,1.65E+01,10.06010008,15.65464609,12.98701229,8.589957026,13.1806291,10.49036381,6.806243119,7.463405799
2,30in50,0.005625,0.374897657,0.566,0,Peak Floor Velocity,0,2,1.41E+01,11.54083783,13.41098828,18.55427393,2.69E+01,5.771703129,10.93836886,8.303496792,11.49165341,6.93E+00,9.10E+00
2,30in50,0.005625,0.374897657,0.566,0,Peak Floor Velocity,0,3,15.4186979,12.65394881,21.1369491,18.59597881,28.92658703,13.00025403,11.26638691,14.62305677,12.33249493,7.92240434,9.100594368
2,30in50,0.005625,0.374897657,0.566,0,Peak Floor Velocity,1,1,1.25E+01,15.73311665,1.71E+01,19.7768808,19.02778802,18.17983169,20.09783219,1.96E+01,13.67020419,13.70910836,13.97112444
2,30in50,0.005625,0.374897657,0.566,0,Peak Floor Velocity,1,2,1.49E+01,17.22960907,1.72E+01,21.09592309,3.08E+01,13.0802252,1.76E+01,1.32E+01,1.80E+01,1.27E+01,1.74E+01
2,30in50,0.005625,0.374897657,0.566,0,Peak Floor Velocity,1,3,15.93629531,20.95576159,2.35E+01,21.86268355,34.48443321,18.24403459,22.59927795,2.28E+01,19.46721813,13.82634398,17.54540078
2,30in50,0.005625,0.374897657,0.566,0,Peak Floor Velocity,2,1,15.25304217,18.08305418,20.88839863,24.52201017,20.63038342,19.65246051,24.91885976,22.02209538,15.82733266,17.3185584,17.61113505
2,30in50,0.005625,0.374897657,0.566,0,Peak Floor Velocity,2,2,17.55365629,19.98219234,18.62071069,23.68472097,33.41147091,15.30610786,21.39156898,14.80794085,19.15385728,14.68601998,20.77478116
2,30in50,0.005625,0.374897657,0.566,0,Peak Floor Velocity,2,3,19.22191919,23.93146857,24.46029483,27.11355161,37.38551932,20.59618826,27.4368465,26.23689167,20.17823711,18.09651048,21.18463993
2,30in50,0.005625,0.374897657,0.566,0,Peak Floor Velocity,3,1,16.9543055,19.75475798,23.60731655,26.44372932,22.20539,21.40333791,26.92967128,24.01815433,17.26494454,19.47041084,20.20543728
2,30in50,0.005625,0.374897657,0.566,0,Peak Floor Velocity,3,2,19.39218104,21.77361044,19.71239302,25.26780309,34.93979374,16.32309913,24.15283578,16.25892455,21.74813842,15.94743267,21.9291915
2,30in50,0.005625,0.374897657,0.566,0,Peak Floor Velocity,3,3,21.39514927,25.31245975,25.25304125,29.2309055,39.04961837,23.26979609,29.36580719,28.6440673,22.11625062,20.46910361,22.35615338
3, 10in50,0.0021,0.584708425,0.566,0,Story Drift Ratio,1,1,0.0072856,0.007138478,0.009822777,0.008613454,0.008145214,0.008752005,0.008430972,0.007875913,0.004771416,0.00804458,0.007177859
3, 10in50,0.0021,0.584708425,0.566,0,Story Drift Ratio,1,2,0.006023488,0.005615911,0.003655872,0.005766562,0.005739468,0.00573434,0.006941284,0.00517484,0.006845198,0.004710475,0.006557641
3, 10in50,0.0021,0.584708425,0.566,0,Story Drift Ratio,1,3,0.009453167,0.009082749,0.010481047,0.01036556,0.009964236,0.010463281,0.010920746,0.009423851,0.008344048,0.009322223,0.009722361
3, 10in50,0.0021,0.584708425,0.566,0,Story Drift Ratio,2,1,0.00369262,0.003996349,0.004755391,0.004754901,0.004366137,0.004659443,0.004758499,0.004065542,0.002468033,0.004900988,0.003908165
3, 10in50,0.0021,0.584708425,0.566,0,Story Drift Ratio,2,2,0.003210864,0.002767476,0.002187088,0.0025986,0.002726624,0.002785978,0.003706529,0.002451142,0.003612761,0.002232159,0.003590958
3, 10in50,0.0021,0.584708425,0.566,0,Story Drift Ratio,2,3,0.004893372,0.004861042,0.005234224,0.005418654,0.005147585,0.00542882,0.006031722,0.004747287,0.004375297,0.005385371,0.005307422
3, 10in50,0.0021,0.584708425,0.566,0,Story Drift Ratio,3,1,0.00202335,0.002246502,0.002078471,0.002379109,0.002393121,0.002649636,0.002194331,0.002289841,0.001365422,0.002703937,0.00211559
3, 10in50,0.0021,0.584708425,0.566,0,Story Drift Ratio,3,2,0.001348821,0.001149317,0.000983107,0.001066682,0.001262532,0.001255265,0.00126396,0.001170113,0.001180445,0.001076925,0.00126489
3, 10in50,0.0021,0.584708425,0.566,0,Story Drift Ratio,3,3,0.002431721,0.002523431,0.002299249,0.002607292,0.002705738,0.002931938,0.002532327,0.002571485,0.001804945,0.002910506,0.002464887
3, 10in50,0.0021,0.584708425,0.566,0,Building Residual Drift,1,1,7.24E-04,0.000532396,0.002016718,0.001341883,0.000792689,9.60E-04,3.49E-04,0.001553602,0.000252945,7.45453E-05,2.72617E-05
3, 10in50,0.0021,0.584708425,0.566,0,Building Residual Drift,1,2,0.000578775,0.000590558,0.001088326,0.000516321,7.84366E-05,0.000430072,0.000888773,0.000187244,0.000198641,2.35E-04,0.000376597
3, 10in50,0.0021,0.584708425,0.566,0,Building Residual Drift,1,3,0.000926674,0.000795113,0.002291638,0.001437789,0.00079656,0.001052155,0.000954698,0.001564845,0.000321619,0.000246251,0.000377582
3, 10in50,0.0021,0.584708425,0.566,0,Building Residual Drift,2,1,8.61E-05,1.34E-04,5.18E-04,4.10E-04,3.65E-04,2.34E-04,1.34E-04,3.14E-04,4.53E-05,1.00E-04,9.47E-05
3, 10in50,0.0021,0.584708425,0.566,0,Building Residual Drift,2,2,4.91E-05,0.000222613,5.04E-05,9.33E-05,0.000210519,1.53E-05,0.00040272,3.52E-05,4.31708E-05,3.87E-05,0.000365522
3, 10in50,0.0021,0.584708425,0.566,0,Building Residual Drift,2,3,9.91E-05,0.000260047,5.20E-04,4.21E-04,0.000421061,2.34E-04,0.000424299,3.16E-04,6.26045E-05,1.07E-04,0.000377601
3, 10in50,0.0021,0.584708425,0.566,0,Building Residual Drift,3,1,2.15E-05,1.35E-05,6.15E-05,4.91E-05,7.58E-05,3.14E-05,7.56E-06,3.52E-05,1.18E-05,1.73E-05,7.91E-06
3, 10in50,0.0021,0.584708425,0.566,0,Building Residual Drift,3,2,7.12E-06,1.17E-05,2.56E-05,7.95E-06,1.57E-05,8.89E-06,8.77E-06,2.86E-06,1.19E-05,1.57E-05,3.06E-06
3, 10in50,0.0021,0.584708425,0.566,0,Building Residual Drift,3,3,2.27E-05,1.78E-05,6.66E-05,4.97E-05,7.74E-05,3.27E-05,1.16E-05,3.53E-05,1.67E-05,2.34E-05,8.48E-06
3, 10in50,0.0021,0.584708425,0.566,0,Acceleration,0,1,0.389038143,0.292769047,0.377218245,0.465977423,0.314465357,0.442383656,0.214695955,0.344074903,0.173440427,0.326244595,0.278199801
3, 10in50,0.0021,0.584708425,0.566,0,Acceleration,0,2,0.363710532,0.321113128,0.495226206,0.253934865,0.305646737,0.256926471,0.268833231,0.256024904,0.385023695,0.295269307,0.258965351
3, 10in50,0.0021,0.584708425,0.566,0,Acceleration,0,3,0.509867068,0.396439047,0.505968136,0.470080232,0.359033088,0.48475157,0.272082244,0.371493987,0.396031096,0.353554257,0.282512246
3, 10in50,0.0021,0.584708425,0.566,0,Acceleration,1,1,0.454940004,0.422717514,0.471346155,0.540695606,0.533947024,0.533616361,0.461194888,0.44436332,0.304529019,0.434516086,0.453598887
3, 10in50,0.0021,0.584708425,0.566,0,Acceleration,1,2,0.517812794,0.534288186,0.466462098,0.483506809,0.585260911,0.491605816,0.615805381,0.4768645,0.581921611,0.501872057,0.528563445
3, 10in50,0.0021,0.584708425,0.566,0,Acceleration,1,3,0.58557529,0.546183773,0.660557157,0.586465308,0.589779358,0.603964508,0.634075417,0.552166821,0.600609122,0.535096649,0.611933334
3, 10in50,0.0021,0.584708425,0.566,0,Acceleration,2,1,0.525484622,0.556020759,0.561497299,0.601846047,0.565847975,0.559304183,0.670385373,0.545219489,0.359747977,0.621474749,0.537308665
3, 10in50,0.0021,0.584708425,0.566,0,Acceleration,2,2,0.648217464,0.620260759,0.537741196,0.598040421,0.627063343,0.662811549,0.771185309,0.599940144,0.789319922,0.5347378,0.700092304
3, 10in50,0.0021,0.584708425,0.566,0,Acceleration,2,3,0.711638902,0.660203743,0.683787604,0.720708667,0.636418435,0.729092648,0.779223049,0.70609322,0.797833749,0.629756401,0.732230515
3, 10in50,0.0021,0.584708425,0.566,0,Acceleration,3,1,0.680199402,0.841830119,0.703688244,0.826847784,0.894740014,0.984225664,0.77214941,0.830870372,0.487074356,0.946665746,0.733889293
3, 10in50,0.0021,0.584708425,0.566,0,Acceleration,3,2,1.083887567,0.964011967,0.892861952,0.952024372,1.058084228,1.030950801,1.032345879,0.950899097,1.031649015,0.873624789,1.113690986
3, 10in50,0.0021,0.584708425,0.566,0,Acceleration,3,3,1.174331287,1.24505175,1.1305633,1.123694881,1.128635917,1.267777127,1.037897652,1.016282554,1.031665364,0.986753004,1.213948595
3, 10in50,0.0021,0.584708425,0.566,0,Peak Floor Velocity,0,1,11.92570414,17.42326061,21.6446104,20.2932534,22.59410642,18.04969889,12.2225977,20.49311874,10.12707924,10.12457178,10.46538904
3, 10in50,0.0021,0.584708425,0.566,0,Peak Floor Velocity,0,2,20.46367871,17.39322735,24.58156538,23.97185285,38.3033141,9.357462452,14.76961316,12.72304838,17.6946177,13.66500293,13.93858462
3, 10in50,0.0021,0.584708425,0.566,0,Peak Floor Velocity,0,3,21.97873627,18.48738103,32.0980369,24.87697737,41.03959856,18.09538659,14.84155156,22.73456578,17.6946398,17.003934,13.93969258
3, 10in50,0.0021,0.584708425,0.566,0,Peak Floor Velocity,1,1,16.3145408,22.16623182,24.89919837,23.49288516,27.5242495,25.81815504,24.25101709,28.72168439,17.89422354,16.95810871,18.91622489
3, 10in50,0.0021,0.584708425,0.566,0,Peak Floor Velocity,1,2,21.67132967,22.11911365,29.06755714,26.7731384,43.22224852,14.96859728,22.86706083,18.31969722,23.60201624,21.27450577,20.61869691
3, 10in50,0.0021,0.584708425,0.566,0,Peak Floor Velocity,1,3,23.53382749,26.54256745,36.83920823,29.24873608,48.76889884,25.88352772,27.0350559,33.59732406,24.59577411,26.07511061,21.92422841
3, 10in50,0.0021,0.584708425,0.566,0,Peak Floor Velocity,2,1,20.7862266,25.89729606,27.16328255,26.82504094,29.00266594,27.50764527,29.3033861,31.99863699,20.89783123,21.03847138,23.37295231
3, 10in50,0.0021,0.584708425,0.566,0,Peak Floor Velocity,2,2,22.26826829,23.76148843,30.0082304,29.04853732,46.63364287,17.65510382,26.07739512,21.52855246,27.59697926,22.72109079,24.56476408
3, 10in50,0.0021,0.584708425,0.566,0,Peak Floor Velocity,2,3,27.66267377,30.35400303,39.06799443,31.66776918,52.9024508,27.83866115,32.32212427,38.56671286,27.86714133,28.57358016,25.83174052
3, 10in50,0.0021,0.584708425,0.566,0,Peak Floor Velocity,3,1,24.71445338,28.88738832,30.62933851,33.02460142,30.74632268,29.04851507,32.45572819,33.1991311,22.33100509,25.11566111,27.00381703
3, 10in50,0.0021,0.584708425,0.566,0,Peak Floor Velocity,3,2,23.77989344,25.48418738,32.20022497,32.76502308,48.422266,19.22229393,29.93232152,24.99749595,31.43813422,24.86761827,26.84529264
3, 10in50,0.0021,0.584708425,0.566,0,Peak Floor Velocity,3,3,30.23342309,32.0796115,41.24973899,36.31139434,55.44648823,29.39207715,35.26469764,41.26487729,32.0228142,30.75925653,29.27995291
4, 5in50,0.001025,0.823951594,0.566,0,Story Drift Ratio,1,1,0.009171937,0.010603038,0.012836627,0.015749721,0.012376374,0.011971638,0.011641835,0.010722743,0.008304422,0.009239028,9.48E-03
4, 5in50,0.001025,0.823951594,0.566,0,Story Drift Ratio,1,2,0.009858326,0.008084861,1.11E-02,7.83E-03,7.82E-03,0.007747905,0.013284678,0.007245376,0.008495799,0.00765629,8.15E-03
4, 5in50,0.001025,0.823951594,0.566,0,Story Drift Ratio,1,3,0.013465178,0.013333768,0.016980553,0.017586633,0.01464195,0.014260089,0.017663946,0.012941124,0.011880321,0.011999101,1.25E-02
4, 5in50,0.001025,0.823951594,0.566,0,Story Drift Ratio,2,1,5.43E-03,0.005122473,0.004556994,0.008008502,0.006202541,0.005447336,5.72E-03,4.58E-03,0.00415931,0.005668741,5.59E-03
4, 5in50,0.001025,0.823951594,0.566,0,Story Drift Ratio,2,2,0.003721683,0.004187419,4.32E-03,3.53E-03,4.36E-03,3.21E-03,0.0051585,0.003301721,0.004841912,4.23E-03,4.59E-03
4, 5in50,0.001025,0.823951594,0.566,0,Story Drift Ratio,2,3,0.006581042,0.006616208,0.006276412,0.008751858,0.007584193,0.006322417,0.007702177,0.005644024,0.0063831,0.007075179,7.23E-03
4, 5in50,0.001025,0.823951594,0.566,0,Story Drift Ratio,3,1,0.002595662,0.002840232,0.002713537,0.003263337,0.002851157,0.003010937,0.002776693,0.002785691,0.00191863,0.002622907,0.002681602
4, 5in50,0.001025,0.823951594,0.566,0,Story Drift Ratio,3,2,0.001371658,0.001311881,0.001291989,0.001203689,0.001337795,0.001259316,0.001381826,0.001451603,0.00135291,0.001385239,0.001363536
4, 5in50,0.001025,0.823951594,0.566,0,Story Drift Ratio,3,3,0.002935797,0.00312857,0.003005415,0.003478252,0.003149412,0.003263682,0.003101527,0.003141214,0.00234766,0.002966232,0.003008359
4, 5in50,0.001025,0.823951594,0.566,0,Building Residual Drift,1,1,0.000683517,0.002065497,0.004852533,0.005907489,3.63E-03,8.15E-04,0.003123439,0.002500174,0.001386303,0.000156194,0.001019402
4, 5in50,0.001025,0.823951594,0.566,0,Building Residual Drift,1,2,1.34E-03,0.000267413,0.003997028,0.000653986,0.001265674,0.001444038,0.001704652,0.002578479,0.001376365,0.000196426,0.000973021
4, 5in50,0.001025,0.823951594,0.566,0,Building Residual Drift,1,3,0.001503769,0.002082736,0.006286757,0.005943579,0.003840623,0.001657999,0.003558329,0.003591577,0.001953514,0.000250957,0.001409238
4, 5in50,0.001025,0.823951594,0.566,0,Building Residual Drift,2,1,5.39E-04,5.16E-04,2.54E-04,0.002095586,0.001481713,2.55E-04,1.89E-04,2.80E-04,2.11E-04,2.14E-04,5.01E-04
4, 5in50,0.001025,0.823951594,0.566,0,Building Residual Drift,2,2,0.000266096,0.000501884,0.000621326,3.33E-04,7.87E-04,4.37484E-05,0.000905142,0.000342434,6.18E-04,3.50E-05,2.92E-04
4, 5in50,0.001025,0.823951594,0.566,0,Building Residual Drift,2,3,0.000601501,0.00071979,0.000671338,0.002121904,0.001677633,0.000259161,0.00092471,0.000442631,6.53E-04,2.17E-04,5.80E-04
4, 5in50,0.001025,0.823951594,0.566,0,Building Residual Drift,3,1,9.83E-05,5.54E-05,4.66E-05,3.58E-04,2.56E-04,4.36E-05,5.66E-05,3.55E-05,3.65E-05,5.22E-05,7.07E-05
4, 5in50,0.001025,0.823951594,0.566,0,Building Residual Drift,3,2,0.000042948,3.01E-05,5.30E-05,3.54E-05,4.14E-05,9.01E-06,3.73E-05,2.30E-05,1.56E-05,2.83E-05,5.58E-05
4, 5in50,0.001025,0.823951594,0.566,0,Building Residual Drift,3,3,0.000107274,6.30E-05,7.06E-05,3.60E-04,2.60E-04,4.45E-05,6.78E-05,4.23E-05,3.98E-05,5.94E-05,9.01E-05
4, 5in50,0.001025,0.823951594,0.566,0,Acceleration,0,1,0.53258404,0.407217572,0.529213856,0.65107399,0.434172773,0.605109659,0.296229762,0.483584866,0.240222443,0.411783446,0.370222664
4, 5in50,0.001025,0.823951594,0.566,0,Acceleration,0,2,0.516800973,0.457546495,0.640285708,0.349705251,0.421669043,0.361297595,0.383389494,0.354215323,0.507472123,0.442264471,0.354922073
4, 5in50,0.001025,0.823951594,0.566,0,Acceleration,0,3,0.709903807,0.554070335,0.646442352,0.65675891,0.487748947,0.663347971,0.389505511,0.516631398,0.517210678,0.544962243,0.376839257
4, 5in50,0.001025,0.823951594,0.566,0,Acceleration,1,1,0.508471564,0.577073651,0.555927941,0.675787668,0.621522554,0.678304297,0.562937629,0.564078624,0.473306461,0.546026783,0.535427102
4, 5in50,0.001025,0.823951594,0.566,0,Acceleration,1,2,0.59726217,0.617734664,0.684061814,0.498690773,0.667876959,0.598389439,0.757805142,0.632054239,0.674215065,0.745420208,0.621343242
4, 5in50,0.001025,0.823951594,0.566,0,Acceleration,1,3,0.65647252,0.642944021,0.75806667,0.685132638,0.670880617,0.731684111,0.781772547,0.747271837,0.677087657,0.749012857,0.64214564
4, 5in50,0.001025,0.823951594,0.566,0,Acceleration,2,1,0.627036033,0.618783511,0.635659051,0.703275848,0.608931793,0.673558017,0.661675536,0.572034604,0.545188496,0.668762535,0.67701217
4, 5in50,0.001025,0.823951594,0.566,0,Acceleration,2,2,0.715337944,0.718899726,0.74920918,0.7417972,0.746180178,0.700289218,0.880819966,0.715917404,0.856928286,0.787977025,0.781356985
4, 5in50,0.001025,0.823951594,0.566,0,Acceleration,2,3,0.737915151,0.720009669,0.756750507,0.780624043,0.756432583,0.815071165,0.901502267,0.826738826,0.859797268,0.861804236,0.784499832
4, 5in50,0.001025,0.823951594,0.566,0,Acceleration,3,1,0.861639884,1.118195458,1.007067902,1.074306851,1.083318162,1.187305713,0.95793778,1.054511047,0.65158992,0.940289702,0.969328598
4, 5in50,0.001025,0.823951594,0.566,0,Acceleration,3,2,1.230606355,1.089853082,1.162992681,0.975618778,1.023931897,1.182351607,1.304809738,1.349656601,1.270644259,1.404812965,1.085312718
4, 5in50,0.001025,0.823951594,0.566,0,Acceleration,3,3,1.275960818,1.335292242,1.358103004,1.147647953,1.227545275,1.30272063,1.306967982,1.40767609,1.272047244,1.406507945,1.232467953
4, 5in50,0.001025,0.823951594,0.566,0,Peak Floor Velocity,0,1,17.05372765,24.62700066,30.74093947,28.19383449,31.05596149,24.64999913,17.94574359,28.93701028,11.96925561,12.50095136,14.63239657
4, 5in50,0.001025,0.823951594,0.566,0,Peak Floor Velocity,0,2,29.15829601,24.60910634,39.68745033,33.95643767,52.94277822,13.28948675,20.97485851,17.75042867,24.11926391,18.92446888,19.50909475
4, 5in50,0.001025,0.823951594,0.566,0,Peak Floor Velocity,0,3,31.15735731,25.78545156,49.54624295,34.81279432,56.51224113,24.6835515,21.00664784,32.23950594,24.53712631,22.67980196,19.50909938
4, 5in50,0.001025,0.823951594,0.566,0,Peak Floor Velocity,1,1,21.74608738,29.67792611,35.68216954,32.21994075,36.90973257,35.39518263,26.86130408,36.8420626,21.99817905,20.24635963,22.24060832
4, 5in50,0.001025,0.823951594,0.566,0,Peak Floor Velocity,1,2,31.75022109,31.25760877,49.45906506,36.54387992,58.51525296,18.8156038,28.68980344,22.68769265,29.11670395,28.00026698,24.23012953
4, 5in50,0.001025,0.823951594,0.566,0,Peak Floor Velocity,1,3,32.8796948,31.34330885,58.14667419,40.54589517,66.35113559,35.51331784,30.77480618,42.69102843,31.18648234,33.99212279,27.19434549
4, 5in50,0.001025,0.823951594,0.566,0,Peak Floor Velocity,2,1,24.87101461,33.52059524,37.82890984,35.25931523,39.26237727,38.06928457,31.83221561,40.28951197,26.4967059,25.45305849,27.94502598
4, 5in50,0.001025,0.823951594,0.566,0,Peak Floor Velocity,2,2,33.71471236,34.65083471,50.91045051,38.68504314,62.47427777,20.93186627,33.95800497,27.59787688,34.13554329,30.34367238,28.38448948
4, 5in50,0.001025,0.823951594,0.566,0,Peak Floor Velocity,2,3,35.78056932,35.43698582,60.81242309,42.7427423,70.75333852,38.54762984,36.26234088,48.81330339,34.201135,38.52537801,31.01392106
4, 5in50,0.001025,0.823951594,0.566,0,Peak Floor Velocity,3,1,26.66736775,38.33544752,39.5937041,37.89156274,41.72046654,39.92708443,39.6603091,43.34084301,30.18742934,28.25211815,33.41149195
4, 5in50,0.001025,0.823951594,0.566,0,Peak Floor Velocity,3,2,34.65622582,36.33548776,52.68626339,41.74251681,64.58270425,23.5804225,38.24497768,34.40012651,39.6712582,33.95120346,32.25579169
4, 5in50,0.001025,0.823951594,0.566,0,Peak Floor Velocity,3,3,39.03540289,39.3632316,63.41204374,44.21706755,73.33701909,41.21971475,43.11432017,55.2498732,39.93039002,41.20579909,35.78975464
5, 2in50,0.000404,1.208120276,0.566,0,Story Drift Ratio,1,1,0.014127696,0.019236691,0.02612642,0.029374864,0.019046627,0.026638785,0.024837226,0.030379653,0.011269103,0.028881751,0.017884342
5, 2in50,0.000404,1.208120276,0.566,0,Story Drift Ratio,1,2,0.021300985,0.024710691,0.026674429,0.014529031,0.010233183,0.009878136,0.01538198,0.033533707,0.016097575,0.023721376,0.019356864
5, 2in50,0.000404,1.208120276,0.566,0,Story Drift Ratio,1,3,0.025560198,0.031315627,0.037337849,0.032771563,0.021621564,0.028411309,0.029214604,0.045248567,0.019650054,0.03737458,0.026354086
5, 2in50,0.000404,1.208120276,0.566,0,Story Drift Ratio,2,1,0.007698146,0.006139732,0.005225607,0.009758958,0.008533418,0.010695149,0.007553084,0.008935236,0.003620615,0.008180019,0.006042792
5, 2in50,0.000404,1.208120276,0.566,0,Story Drift Ratio,2,2,0.007208388,0.007327972,0.006402063,0.003346291,0.005532788,0.004935536,0.005633116,0.003528449,0.006060414,0.005985997,0.005565966
5, 2in50,0.000404,1.208120276,0.566,0,Story Drift Ratio,2,3,0.010546199,0.009560099,0.008263981,0.01031673,0.010170102,0.011779038,0.009422371,0.009606685,0.007059566,0.010136314,0.008215554
5, 2in50,0.000404,1.208120276,0.566,0,Story Drift Ratio,3,1,0.003019759,0.002811582,0.002840542,0.003843941,0.004070424,0.003841079,0.003627179,3.12E-03,0.002466232,0.004380936,0.003206804
5, 2in50,0.000404,1.208120276,0.566,0,Story Drift Ratio,3,2,0.001545828,0.001588457,0.00180029,0.001382688,0.001377011,0.00134202,0.001387094,0.001334877,0.001559402,0.001662862,0.001617116
5, 2in50,0.000404,1.208120276,0.566,0,Story Drift Ratio,3,3,0.003392423,0.003229271,0.003362993,0.004085059,0.004297036,0.004068772,0.003883356,0.003390033,0.002917882,0.004685906,0.00359147
5, 2in50,0.000404,1.208120276,0.566,0,Building Residual Drift,1,1,0.006055019,0.010820588,0.018193742,0.014716915,0.005805358,0.001142194,0.016855115,2.99E-03,5.71E-03,0.011321307,0.006671066
5, 2in50,0.000404,1.208120276,0.566,0,Building Residual Drift,1,2,1.21E-02,0.008361635,0.013320171,5.20E-03,0.002853991,0.001346735,0.004365036,0.021674484,0.005385952,0.002873842,0.003437722
5, 2in50,0.000404,1.208120276,0.566,0,Building Residual Drift,1,3,0.013526247,0.01367487,0.022548597,0.015609894,0.006468961,0.001765871,0.017411159,0.021880186,0.007852502,0.011680367,0.007504736
5, 2in50,0.000404,1.208120276,0.566,0,Building Residual Drift,2,1,0.002090051,0.001228693,4.87E-05,0.002465034,0.001406337,0.000790248,0.000754161,0.002108744,1.34E-04,6.19E-04,1.05E-03
5, 2in50,0.000404,1.208120276,0.566,0,Building Residual Drift,2,2,0.002027936,0.001348748,0.000100767,3.40E-04,4.00E-04,0.000350711,0.001757736,0.000318622,0.000177614,1.21E-03,0.000162241
5, 2in50,0.000404,1.208120276,0.566,0,Building Residual Drift,2,3,0.002912188,0.001824502,0.00011191,0.002488403,0.001462131,0.000864575,0.001912693,0.002132679,0.000222676,0.001358762,0.001064132
5, 2in50,0.000404,1.208120276,0.566,0,Building Residual Drift,3,1,3.50E-04,1.74E-04,1.98E-05,5.30E-04,3.42E-04,0.000188981,8.37E-05,4.11E-04,3.71E-05,3.41E-05,1.47E-04
5, 2in50,0.000404,1.208120276,0.566,0,Building Residual Drift,3,2,0.000303375,1.57E-04,4.55E-05,2.10E-05,9.74E-06,3.43E-05,0.000196122,1.33E-04,5.04027E-05,8.59E-05,0.000148294
5, 2in50,0.000404,1.208120276,0.566,0,Building Residual Drift,3,3,0.000463059,0.000234363,4.97E-05,5.30E-04,3.43E-04,0.000192069,0.000213243,4.32E-04,6.26112E-05,9.24E-05,0.000208739
5, 2in50,0.000404,1.208120276,0.566,0,Acceleration,0,1,0.798423623,0.590443684,0.702905266,0.864628939,0.652663837,0.786552663,0.413963433,0.756479938,0.340431254,0.770049576,0.525919402
5, 2in50,0.000404,1.208120276,0.566,0,Acceleration,0,2,0.755954591,0.687973652,0.927635799,0.479820866,0.661467242,0.514746927,0.588306131,0.549325836,0.808344947,0.685891755,0.544351127
5, 2in50,0.000404,1.208120276,0.566,0,Acceleration,0,3,1.014296315,0.809230737,0.936045267,0.870501407,0.765251984,0.788780009,0.588359748,0.811898221,0.868704098,0.959153385,0.546489469
5, 2in50,0.000404,1.208120276,0.566,0,Acceleration,1,1,0.589081074,0.613896903,0.528553259,0.738523859,0.736765802,0.870377816,0.678999198,0.668966345,0.568901378,0.770267774,0.737201487
5, 2in50,0.000404,1.208120276,0.566,0,Acceleration,1,2,0.715842524,0.71726874,0.890782047,0.736688911,0.752793151,0.646014996,0.826544827,0.688436588,0.777534121,0.88273508,0.667942384
5, 2in50,0.000404,1.208120276,0.566,0,Acceleration,1,3,0.728660748,0.73241516,0.939210598,0.778191696,0.760737659,0.891535917,0.899443746,0.876307808,0.814586681,0.92083297,0.853694702
5, 2in50,0.000404,1.208120276,0.566,0,Acceleration,2,1,0.725155783,0.66634381,0.66907062,0.74821075,0.724086776,0.775729395,0.67638284,0.834764302,0.537028687,0.821692511,0.725797946
5, 2in50,0.000404,1.208120276,0.566,0,Acceleration,2,2,0.82535864,0.751976597,0.826951318,0.672582141,0.774448955,0.811610425,0.759936375,0.691339243,0.799736359,0.865736382,0.789002711
5, 2in50,0.000404,1.208120276,0.566,0,Acceleration,2,3,0.835476831,0.76228488,0.834234511,0.815006698,0.776337975,0.834222356,0.868637295,0.8438726,0.82982952,0.874334687,0.792533792
5, 2in50,0.000404,1.208120276,0.566,0,Acceleration,3,1,1.037210354,1.133984868,1.036324347,1.244624116,1.539115877,1.518965089,1.151005111,1.094513639,0.956968424,1.676958927,1.235392504
5, 2in50,0.000404,1.208120276,0.566,0,Acceleration,3,2,1.192934396,1.082917261,1.387082033,1.156778705,1.20743264,1.329512097,1.367463656,1.130193624,1.340545901,1.322848522,1.372081035
5, 2in50,0.000404,1.208120276,0.566,0,Acceleration,3,3,1.273174691,1.150759851,1.418267911,1.282538605,1.704971657,1.808699075,1.375244779,1.340859804,1.398107954,1.745725076,1.450343934
5, 2in50,0.000404,1.208120276,0.566,0,Peak Floor Velocity,0,1,28.26263992,38.03890851,42.79856208,46.16412538,44.88735281,37.47313794,22.26412031,42.77656193,20.60087745,25.26892262,21.98397472
5, 2in50,0.000404,1.208120276,0.566,0,Peak Floor Velocity,0,2,46.20697758,38.40942336,44.51627154,46.66529681,77.82158773,20.53531889,29.51493329,28.68759635,36.1825407,27.7644204,30.31012876
5, 2in50,0.000404,1.208120276,0.566,0,Peak Floor Velocity,0,3,48.44789849,39.50844297,60.75324673,50.91931586,82.84375671,37.51261329,29.80217623,48.42422929,36.95744678,29.35204122,30.33556933
5, 2in50,0.000404,1.208120276,0.566,0,Peak Floor Velocity,1,1,32.84707742,42.21037428,47.54304688,46.14010856,53.04548822,49.85892261,29.17059025,55.3966133,25.413887,37.28060768,28.16044545
5, 2in50,0.000404,1.208120276,0.566,0,Peak Floor Velocity,1,2,50.63959261,43.26190176,56.65251706,52.48058973,81.14528816,23.37954639,40.66747969,37.2705585,37.61242926,34.64406438,32.9014982
5, 2in50,0.000404,1.208120276,0.566,0,Peak Floor Velocity,1,3,52.62117401,43.39618874,68.2588079,58.89010371,90.51175379,49.9247782,40.87141354,59.19927643,39.35035996,38.74045744,39.0807351
5, 2in50,0.000404,1.208120276,0.566,0,Peak Floor Velocity,2,1,33.55531382,43.21275105,49.45423358,48.41831019,55.33903347,53.05060533,31.95994272,60.58479164,28.3446761,39.76705132,33.21839667
5, 2in50,0.000404,1.208120276,0.566,0,Peak Floor Velocity,2,2,54.10492928,45.75126758,60.67637282,55.2988413,84.38438656,23.98904335,42.00611397,42.58973418,40.24523617,38.0021436,37.37161357
5, 2in50,0.000404,1.208120276,0.566,0,Peak Floor Velocity,2,3,56.40483084,46.57583886,72.45079966,61.43939843,94.15289592,53.19537043,42.54800013,66.54037796,44.39145201,42.20433568,42.98227526
5, 2in50,0.000404,1.208120276,0.566,0,Peak Floor Velocity,3,1,35.84487711,46.76142277,51.27534316,54.55841823,59.41547299,58.92205969,41.48526151,64.16719349,30.25215452,47.65133605,39.66536575
5, 2in50,0.000404,1.208120276,0.566,0,Peak Floor Velocity,3,2,55.27083608,49.74278788,62.41840603,56.00741488,87.32954888,29.79939356,45.14846556,45.56718678,45.72186379,39.60107123,39.20939558
5, 2in50,0.000404,1.208120276,0.566,0,Peak Floor Velocity,3,3,57.72998036,50.16970283,75.56856003,62.39434743,97.0202453,59.6466675,49.12476793,72.05414632,50.36194386,50.85614631,45.15869277
